Step,Final_CE,Align_Loss,Halt_Loss,LR,Diffs,Halts
10,10.0337,0.0600,2.7930,0.000005,"[0.07,0.08,0.08]","[0.52,0.55,0.28]"
20,9.8273,0.0618,2.5636,0.000011,"[0.07,0.08,0.08]","[0.55,0.48,0.17]"
30,9.5627,0.0862,2.2079,0.000017,"[0.08,0.09,0.10]","[0.55,0.43,0.26]"
40,9.2767,0.1472,1.8153,0.000023,"[0.09,0.12,0.14]","[0.55,0.41,0.23]"
50,9.0297,0.2495,1.4820,0.000029,"[0.11,0.14,0.17]","[0.53,0.40,0.22]"
60,8.7107,0.4156,1.1603,0.000035,"[0.12,0.14,0.21]","[0.52,0.39,0.23]"
70,8.3395,0.6063,0.9332,0.000041,"[0.12,0.14,0.24]","[0.50,0.42,0.24]"
80,7.9434,0.8661,0.7381,0.000047,"[0.12,0.14,0.29]","[0.50,0.41,0.25]"
90,7.5411,1.1309,0.5708,0.000053,"[0.14,0.15,0.32]","[0.49,0.41,0.24]"
100,7.0759,1.4020,0.4538,0.000059,"[0.14,0.15,0.36]","[0.48,0.40,0.26]"
110,6.9142,1.5959,0.3968,0.000065,"[0.15,0.15,0.39]","[0.49,0.40,0.28]"
120,6.6106,1.6445,0.3157,0.000071,"[0.16,0.16,0.38]","[0.48,0.39,0.25]"
130,6.4281,1.7026,0.2542,0.000077,"[0.15,0.16,0.39]","[0.48,0.41,0.25]"
140,6.4545,1.6512,0.2244,0.000083,"[0.14,0.15,0.38]","[0.48,0.41,0.23]"
150,6.1402,1.7083,0.2265,0.000089,"[0.13,0.15,0.41]","[0.48,0.44,0.26]"
160,6.1901,1.6799,0.2052,0.000095,"[0.12,0.16,0.42]","[0.50,0.44,0.27]"
170,5.8971,1.5179,0.1740,0.000101,"[0.11,0.15,0.40]","[0.48,0.43,0.25]"
180,6.1584,1.5156,0.1900,0.000107,"[0.11,0.15,0.42]","[0.50,0.46,0.27]"
190,5.7760,1.4822,0.1606,0.000113,"[0.11,0.16,0.44]","[0.47,0.45,0.26]"
200,5.5288,1.3286,0.1523,0.000119,"[0.11,0.16,0.45]","[0.47,0.44,0.26]"
210,5.6763,1.3962,0.2331,0.000125,"[0.10,0.17,0.48]","[0.48,0.45,0.28]"
220,5.6220,1.2587,0.1394,0.000131,"[0.11,0.17,0.48]","[0.48,0.44,0.26]"
230,5.5290,1.1516,0.1459,0.000137,"[0.11,0.17,0.50]","[0.47,0.46,0.25]"
240,5.4248,1.2428,0.1591,0.000143,"[0.10,0.17,0.53]","[0.49,0.45,0.27]"
250,5.1760,1.2122,0.1478,0.000149,"[0.10,0.17,0.57]","[0.48,0.45,0.26]"
260,5.4527,1.1277,0.1640,0.000155,"[0.10,0.17,0.60]","[0.48,0.46,0.26]"
270,5.0173,1.1307,0.1350,0.000161,"[0.10,0.17,0.62]","[0.49,0.47,0.26]"
280,5.1648,1.1609,0.2107,0.000167,"[0.10,0.17,0.67]","[0.48,0.46,0.28]"
290,5.0072,1.0871,0.1759,0.000173,"[0.10,0.18,0.73]","[0.47,0.45,0.27]"
300,5.1654,1.1134,0.1500,0.000179,"[0.10,0.17,0.80]","[0.47,0.46,0.27]"
310,4.9938,1.0313,0.2042,0.000185,"[0.10,0.18,0.86]","[0.47,0.44,0.28]"
320,4.9358,1.0196,0.1346,0.000191,"[0.10,0.17,0.89]","[0.48,0.45,0.26]"
330,4.9387,0.9777,0.1449,0.000197,"[0.10,0.17,0.98]","[0.48,0.46,0.27]"
340,4.7777,0.9283,0.1649,0.000203,"[0.10,0.17,1.05]","[0.48,0.46,0.27]"
350,4.7829,0.9207,0.1804,0.000209,"[0.10,0.17,1.07]","[0.46,0.46,0.27]"
360,5.0971,0.8412,0.2252,0.000215,"[0.10,0.17,1.18]","[0.48,0.46,0.28]"
370,4.8058,0.8616,0.1427,0.000221,"[0.10,0.17,1.18]","[0.47,0.46,0.27]"
380,4.8534,0.8404,0.1782,0.000227,"[0.10,0.17,1.23]","[0.48,0.47,0.27]"
390,4.7735,0.7949,0.1749,0.000233,"[0.10,0.17,1.24]","[0.48,0.46,0.27]"
400,4.4586,0.7968,0.1678,0.000239,"[0.10,0.18,1.22]","[0.47,0.45,0.27]"
410,4.7395,0.7461,0.1952,0.000245,"[0.10,0.18,1.32]","[0.47,0.44,0.28]"
420,4.7658,0.7466,0.1580,0.000251,"[0.10,0.16,1.30]","[0.47,0.47,0.27]"
430,4.7626,0.6595,0.2042,0.000257,"[0.10,0.18,1.37]","[0.47,0.47,0.28]"
440,4.5896,0.7221,0.1240,0.000263,"[0.10,0.17,1.34]","[0.47,0.45,0.26]"
450,4.5800,0.5985,0.2800,0.000269,"[0.10,0.18,1.45]","[0.47,0.43,0.29]"
460,4.5719,0.6318,0.1866,0.000141,"[0.10,0.17,1.47]","[0.49,0.46,0.27]"
470,4.3611,0.6348,0.1938,0.000144,"[0.10,0.18,1.45]","[0.47,0.46,0.28]"
480,4.3016,0.6603,0.1586,0.000147,"[0.11,0.18,1.47]","[0.48,0.45,0.27]"
490,4.4404,0.6512,0.1617,0.000150,"[0.10,0.18,1.45]","[0.48,0.45,0.27]"
500,4.6134,0.6476,0.1807,0.000153,"[0.10,0.18,1.46]","[0.48,0.46,0.27]"
510,4.2142,0.6607,0.1696,0.000154,"[0.10,0.17,1.43]","[0.47,0.46,0.27]"
520,4.2598,0.6477,0.1657,0.000154,"[0.11,0.18,1.43]","[0.48,0.45,0.27]"
530,4.5962,0.6389,0.1898,0.000154,"[0.10,0.18,1.44]","[0.48,0.45,0.28]"
540,4.1991,0.6393,0.1548,0.000154,"[0.11,0.18,1.47]","[0.47,0.44,0.27]"
550,4.4066,0.6374,0.1618,0.000154,"[0.10,0.18,1.44]","[0.46,0.46,0.27]"
560,4.4065,0.6310,0.1795,0.000154,"[0.11,0.18,1.40]","[0.48,0.45,0.27]"
570,4.5186,0.6329,0.1762,0.000154,"[0.11,0.18,1.43]","[0.47,0.45,0.27]"
580,4.5178,0.6215,0.1801,0.000154,"[0.10,0.18,1.44]","[0.46,0.46,0.27]"
590,4.3584,0.6004,0.1770,0.000098,"[0.11,0.18,1.53]","[0.47,0.44,0.27]"
600,4.4467,0.5995,0.2018,0.000079,"[0.11,0.18,1.45]","[0.48,0.45,0.28]"
610,4.4501,0.5981,0.1984,0.000079,"[0.11,0.18,1.44]","[0.47,0.45,0.28]"
620,4.3115,0.5962,0.2041,0.000079,"[0.11,0.18,1.44]","[0.47,0.45,0.28]"
630,4.3548,0.6043,0.1931,0.000079,"[0.11,0.18,1.47]","[0.47,0.45,0.28]"
640,4.4703,0.5914,0.2101,0.000079,"[0.10,0.18,1.46]","[0.47,0.45,0.28]"
650,4.2085,0.5908,0.2069,0.000079,"[0.11,0.18,1.46]","[0.48,0.46,0.28]"
660,4.4879,0.5934,0.2030,0.000079,"[0.11,0.18,1.47]","[0.46,0.44,0.28]"
670,4.4213,0.5761,0.2194,0.000079,"[0.11,0.18,1.47]","[0.47,0.44,0.28]"
680,4.4864,0.5963,0.1988,0.000079,"[0.11,0.18,1.43]","[0.47,0.45,0.28]"
690,4.2657,0.5806,0.2088,0.000079,"[0.11,0.18,1.47]","[0.47,0.46,0.28]"
700,4.5768,0.5776,0.2217,0.000079,"[0.11,0.18,1.45]","[0.46,0.45,0.28]"
710,4.3811,0.5736,0.2174,0.000079,"[0.11,0.18,1.45]","[0.46,0.46,0.28]"
720,4.5569,0.5752,0.2191,0.000079,"[0.11,0.18,1.46]","[0.47,0.44,0.28]"
730,4.3260,0.5756,0.2123,0.000079,"[0.11,0.18,1.45]","[0.47,0.45,0.28]"
740,4.2677,0.5755,0.2092,0.000079,"[0.11,0.18,1.45]","[0.46,0.45,0.28]"
750,4.3622,0.5789,0.2121,0.000079,"[0.11,0.18,1.45]","[0.46,0.45,0.28]"
760,4.3204,0.5673,0.2308,0.000079,"[0.11,0.18,1.45]","[0.47,0.44,0.28]"
770,4.3855,0.5559,0.2307,0.000079,"[0.11,0.18,1.46]","[0.47,0.44,0.28]"
780,4.3911,0.5624,0.2170,0.000079,"[0.11,0.18,1.44]","[0.45,0.46,0.28]"
790,4.2493,0.5514,0.2213,0.000079,"[0.11,0.18,1.49]","[0.47,0.44,0.28]"
800,4.1632,0.5542,0.2325,0.000079,"[0.11,0.18,1.46]","[0.47,0.45,0.28]"
810,4.3129,0.5593,0.2228,0.000079,"[0.11,0.18,1.47]","[0.46,0.44,0.28]"
820,4.4412,0.5457,0.2488,0.000079,"[0.11,0.18,1.44]","[0.46,0.45,0.29]"
830,4.4655,0.5577,0.2418,0.000079,"[0.11,0.18,1.43]","[0.46,0.44,0.29]"
840,4.2815,0.5497,0.2334,0.000079,"[0.11,0.18,1.44]","[0.47,0.44,0.28]"
850,4.2848,0.5456,0.2456,0.000079,"[0.11,0.18,1.44]","[0.47,0.45,0.29]"
860,4.4336,0.5328,0.2630,0.000079,"[0.11,0.18,1.45]","[0.47,0.45,0.29]"
870,4.0570,0.5382,0.2383,0.000079,"[0.11,0.18,1.46]","[0.48,0.44,0.28]"
880,4.3066,0.5389,0.2569,0.000079,"[0.11,0.18,1.44]","[0.46,0.45,0.29]"
890,4.2971,0.5295,0.2644,0.000079,"[0.12,0.18,1.43]","[0.46,0.47,0.29]"
900,4.2974,0.5335,0.2397,0.000079,"[0.11,0.18,1.44]","[0.46,0.45,0.28]"
910,4.4422,0.5243,0.2558,0.000079,"[0.11,0.18,1.45]","[0.46,0.44,0.29]"
920,4.0115,0.5359,0.2482,0.000079,"[0.11,0.18,1.41]","[0.47,0.45,0.29]"
930,4.4712,0.5225,0.2430,0.000079,"[0.11,0.18,1.45]","[0.46,0.45,0.28]"
940,4.3965,0.5147,0.2912,0.000079,"[0.11,0.18,1.45]","[0.46,0.45,0.30]"
950,4.2923,0.5211,0.2660,0.000079,"[0.11,0.18,1.44]","[0.47,0.46,0.29]"
960,4.3176,0.5182,0.2545,0.000079,"[0.11,0.18,1.45]","[0.47,0.45,0.29]"
970,4.3789,0.5103,0.2670,0.000079,"[0.11,0.18,1.46]","[0.48,0.45,0.29]"
980,4.3579,0.5069,0.2770,0.000079,"[0.11,0.18,1.45]","[0.46,0.44,0.29]"
990,4.4924,0.5186,0.2650,0.000079,"[0.11,0.18,1.43]","[0.46,0.46,0.29]"
1000,4.4881,0.4955,0.2931,0.000079,"[0.11,0.18,1.47]","[0.47,0.46,0.29]"
1010,4.2468,0.3902,0.2340,0.000300,"[0.11,0.18,1.77]","[0.48,0.44,0.26]"
1020,4.7316,0.3853,0.3085,0.000300,"[0.11,0.19,1.64]","[0.47,0.48,0.29]"
1030,4.2372,0.4146,0.2257,0.000300,"[0.11,0.17,1.73]","[0.46,0.48,0.27]"
1040,4.3939,0.4157,0.2946,0.000299,"[0.11,0.19,1.75]","[0.49,0.46,0.29]"
1050,4.1299,0.4108,0.2439,0.000299,"[0.11,0.18,1.86]","[0.47,0.48,0.28]"
1060,4.4201,0.4088,0.2993,0.000299,"[0.11,0.19,1.78]","[0.48,0.46,0.30]"
1070,4.5495,0.4080,0.3004,0.000299,"[0.11,0.18,1.74]","[0.47,0.47,0.29]"
1080,4.2480,0.4102,0.3045,0.000299,"[0.11,0.19,1.73]","[0.48,0.47,0.30]"
1090,4.3902,0.3915,0.2499,0.000299,"[0.11,0.18,1.84]","[0.48,0.45,0.28]"
1100,4.2783,0.3850,0.2695,0.000299,"[0.11,0.19,1.78]","[0.47,0.45,0.29]"
1110,4.1651,0.3569,0.3149,0.000299,"[0.11,0.19,1.79]","[0.50,0.45,0.30]"
1120,4.2744,0.3730,0.2607,0.000299,"[0.11,0.19,1.77]","[0.49,0.47,0.29]"
1130,4.2205,0.3977,0.1945,0.000299,"[0.11,0.18,1.81]","[0.48,0.46,0.27]"
1140,4.5326,0.3445,0.2379,0.000299,"[0.11,0.19,1.88]","[0.46,0.46,0.28]"
1150,4.2195,0.3504,0.2635,0.000299,"[0.11,0.19,1.84]","[0.47,0.46,0.29]"
1160,4.2858,0.3553,0.3002,0.000299,"[0.11,0.18,1.76]","[0.47,0.47,0.30]"
1170,4.3962,0.3378,0.3001,0.000299,"[0.11,0.21,1.77]","[0.47,0.44,0.29]"
1180,4.1549,0.3341,0.2433,0.000299,"[0.11,0.18,1.78]","[0.49,0.44,0.28]"
1190,4.2999,0.3581,0.1925,0.000299,"[0.11,0.19,1.77]","[0.49,0.46,0.27]"
1200,4.0654,0.3711,0.3132,0.000299,"[0.12,0.19,1.76]","[0.49,0.46,0.30]"
1210,4.0630,0.3457,0.2046,0.000299,"[0.11,0.20,1.81]","[0.48,0.47,0.27]"
1220,4.1856,0.3632,0.2155,0.000299,"[0.11,0.20,1.79]","[0.49,0.46,0.28]"
1230,3.9672,0.3133,0.3383,0.000299,"[0.12,0.19,1.79]","[0.49,0.46,0.30]"
1240,4.1055,0.3337,0.2461,0.000299,"[0.11,0.19,1.77]","[0.47,0.46,0.29]"
1250,4.2412,0.3538,0.2239,0.000299,"[0.11,0.20,1.76]","[0.46,0.43,0.28]"
1260,4.1082,0.3415,0.1707,0.000299,"[0.12,0.20,1.82]","[0.48,0.47,0.27]"
1270,4.0786,0.3077,0.2088,0.000299,"[0.11,0.20,1.81]","[0.47,0.46,0.28]"
1280,4.2892,0.3108,0.1876,0.000299,"[0.11,0.20,1.85]","[0.47,0.45,0.27]"
1290,3.9957,0.3043,0.2919,0.000299,"[0.12,0.21,1.80]","[0.49,0.46,0.29]"
1300,4.0107,0.3257,0.1916,0.000299,"[0.12,0.20,1.81]","[0.48,0.47,0.27]"
1310,4.2444,0.2895,0.2946,0.000299,"[0.11,0.20,1.81]","[0.47,0.46,0.29]"
1320,4.1381,0.3160,0.1686,0.000299,"[0.11,0.20,1.78]","[0.48,0.48,0.27]"
1330,4.1419,0.2829,0.2163,0.000299,"[0.12,0.20,1.84]","[0.48,0.46,0.28]"
1340,3.6985,0.2847,0.2367,0.000299,"[0.12,0.21,1.79]","[0.47,0.45,0.28]"
1350,4.1644,0.2876,0.2523,0.000299,"[0.12,0.21,1.80]","[0.47,0.45,0.29]"
1360,4.0178,0.2927,0.1907,0.000299,"[0.12,0.20,1.86]","[0.50,0.45,0.27]"
1370,3.7384,0.2880,0.1938,0.000299,"[0.12,0.21,1.91]","[0.48,0.44,0.27]"
1380,3.9643,0.2839,0.1944,0.000299,"[0.11,0.21,1.84]","[0.49,0.45,0.27]"
1390,3.8528,0.2767,0.1331,0.000299,"[0.12,0.21,1.89]","[0.48,0.45,0.25]"
1400,4.1487,0.2835,0.1470,0.000299,"[0.11,0.20,1.85]","[0.49,0.46,0.26]"
1410,3.6523,0.2584,0.1882,0.000299,"[0.12,0.21,1.89]","[0.50,0.45,0.27]"
1420,3.9401,0.2720,0.2018,0.000299,"[0.12,0.21,1.83]","[0.49,0.45,0.27]"
1430,4.0375,0.2656,0.2547,0.000298,"[0.12,0.20,1.91]","[0.49,0.46,0.29]"
1440,3.9289,0.2841,0.1569,0.000298,"[0.12,0.21,1.93]","[0.48,0.46,0.27]"
1450,4.1147,0.2549,0.2582,0.000298,"[0.12,0.22,1.90]","[0.48,0.46,0.29]"
1460,3.8610,0.2664,0.2737,0.000298,"[0.12,0.21,1.84]","[0.50,0.46,0.29]"
1470,3.9693,0.2672,0.2160,0.000298,"[0.12,0.21,1.87]","[0.49,0.47,0.28]"
1480,3.9098,0.2679,0.1594,0.000298,"[0.12,0.21,1.89]","[0.50,0.47,0.27]"
1490,3.9195,0.2231,0.2895,0.000298,"[0.13,0.21,1.91]","[0.48,0.47,0.29]"
1500,3.6533,0.2323,0.2279,0.000298,"[0.12,0.22,1.91]","[0.49,0.44,0.28]"
1510,3.9334,0.2337,0.2261,0.000298,"[0.12,0.22,1.86]","[0.48,0.46,0.28]"
1520,3.9482,0.2456,0.2186,0.000298,"[0.12,0.21,1.87]","[0.48,0.47,0.28]"
1530,3.7963,0.2331,0.2473,0.000298,"[0.12,0.22,1.96]","[0.49,0.45,0.29]"
1540,4.0118,0.2448,0.1893,0.000298,"[0.12,0.22,1.91]","[0.48,0.45,0.27]"
1550,3.6383,0.2402,0.1842,0.000298,"[0.13,0.23,1.94]","[0.48,0.46,0.27]"
1560,3.6858,0.2439,0.1715,0.000298,"[0.13,0.23,1.92]","[0.48,0.45,0.27]"
1570,3.9174,0.2122,0.3196,0.000298,"[0.13,0.23,1.99]","[0.46,0.43,0.30]"
1580,3.9260,0.2457,0.1725,0.000298,"[0.12,0.23,1.93]","[0.48,0.46,0.27]"
1590,3.6901,0.2291,0.2220,0.000298,"[0.13,0.22,1.95]","[0.48,0.44,0.28]"
1600,4.0303,0.2240,0.2354,0.000298,"[0.12,0.23,1.97]","[0.48,0.45,0.28]"
1610,4.1158,0.2226,0.2254,0.000298,"[0.13,0.23,1.93]","[0.47,0.45,0.28]"
1620,3.9492,0.2207,0.2614,0.000298,"[0.12,0.23,1.93]","[0.46,0.46,0.29]"
1630,3.6978,0.1994,0.3633,0.000298,"[0.12,0.23,1.98]","[0.49,0.46,0.31]"
1640,3.7905,0.2357,0.1541,0.000298,"[0.13,0.23,1.92]","[0.49,0.47,0.26]"
1650,3.8321,0.2100,0.2092,0.000298,"[0.12,0.23,1.94]","[0.49,0.45,0.27]"
1660,3.7108,0.2143,0.2118,0.000298,"[0.13,0.23,1.93]","[0.49,0.44,0.28]"
1670,3.7471,0.2161,0.2288,0.000298,"[0.13,0.23,1.97]","[0.49,0.46,0.28]"
1680,3.8333,0.2299,0.1703,0.000298,"[0.13,0.24,1.96]","[0.49,0.46,0.27]"
1690,3.8164,0.2140,0.1821,0.000298,"[0.12,0.25,2.03]","[0.47,0.45,0.27]"
1700,3.8065,0.2037,0.2254,0.000297,"[0.12,0.25,2.02]","[0.45,0.46,0.28]"
1710,3.7765,0.2237,0.1550,0.000297,"[0.12,0.24,2.08]","[0.46,0.45,0.27]"
1720,3.5912,0.1999,0.2118,0.000297,"[0.13,0.24,2.13]","[0.48,0.44,0.28]"
1730,3.7148,0.2097,0.2100,0.000297,"[0.13,0.25,2.09]","[0.47,0.44,0.28]"
1740,3.6740,0.1978,0.2371,0.000297,"[0.13,0.24,2.10]","[0.49,0.44,0.28]"
1750,3.8439,0.1956,0.2430,0.000297,"[0.13,0.25,2.14]","[0.49,0.46,0.28]"
1760,3.7134,0.1888,0.2454,0.000297,"[0.13,0.25,2.15]","[0.49,0.45,0.28]"
1770,3.5709,0.1902,0.3451,0.000297,"[0.13,0.24,2.14]","[0.48,0.45,0.30]"
1780,3.5989,0.1970,0.1675,0.000297,"[0.13,0.25,2.18]","[0.48,0.43,0.27]"
1790,3.8047,0.2025,0.1715,0.000297,"[0.12,0.24,2.15]","[0.49,0.43,0.27]"
1800,3.7234,0.1936,0.2006,0.000297,"[0.13,0.25,2.11]","[0.48,0.43,0.27]"
1810,3.2966,0.1944,0.2278,0.000297,"[0.14,0.25,2.06]","[0.49,0.45,0.28]"
1820,3.6982,0.1924,0.1917,0.000297,"[0.13,0.26,2.10]","[0.49,0.44,0.27]"
1830,3.5739,0.1904,0.2092,0.000297,"[0.14,0.26,2.12]","[0.49,0.43,0.28]"
1840,3.5383,0.2083,0.1384,0.000297,"[0.13,0.25,2.11]","[0.48,0.45,0.26]"
1850,3.6539,0.1837,0.2091,0.000297,"[0.14,0.26,2.15]","[0.49,0.44,0.28]"
1860,3.6015,0.1875,0.1962,0.000297,"[0.13,0.27,2.11]","[0.48,0.43,0.27]"
1870,3.7058,0.1884,0.2416,0.000297,"[0.13,0.26,2.11]","[0.49,0.43,0.28]"
1880,3.4486,0.1810,0.2747,0.000297,"[0.13,0.25,2.11]","[0.48,0.44,0.29]"
1890,3.7369,0.1795,0.2407,0.000297,"[0.13,0.27,2.09]","[0.47,0.45,0.28]"
1900,3.5536,0.1915,0.1715,0.000297,"[0.14,0.27,2.05]","[0.49,0.44,0.27]"
1910,3.7444,0.1735,0.2390,0.000297,"[0.13,0.28,2.09]","[0.48,0.44,0.28]"
1920,3.6477,0.1882,0.1622,0.000296,"[0.13,0.25,2.09]","[0.46,0.44,0.27]"
1930,3.5759,0.1613,0.2830,0.000296,"[0.13,0.28,2.11]","[0.48,0.42,0.29]"
1940,3.6247,0.1760,0.1786,0.000296,"[0.14,0.27,2.05]","[0.50,0.43,0.27]"
1950,3.6897,0.1662,0.2241,0.000296,"[0.13,0.27,2.00]","[0.49,0.44,0.28]"
1960,3.3858,0.1620,0.2003,0.000296,"[0.14,0.26,2.05]","[0.49,0.44,0.27]"
1970,3.3747,0.1731,0.2007,0.000296,"[0.14,0.27,2.03]","[0.49,0.45,0.27]"
1980,3.6160,0.1596,0.2162,0.000296,"[0.13,0.28,2.19]","[0.48,0.42,0.27]"
1990,3.6441,0.1618,0.1971,0.000296,"[0.13,0.27,2.11]","[0.48,0.43,0.27]"
2000,3.4908,0.1713,0.1729,0.000296,"[0.13,0.28,2.10]","[0.47,0.43,0.27]"
2010,3.7080,0.1662,0.2033,0.000296,"[0.14,0.27,2.10]","[0.48,0.44,0.28]"
2020,3.4613,0.1628,0.2641,0.000296,"[0.13,0.28,2.12]","[0.47,0.42,0.29]"
2030,3.7737,0.1624,0.1974,0.000296,"[0.13,0.28,2.12]","[0.48,0.44,0.27]"
2040,3.4848,0.1642,0.2381,0.000296,"[0.13,0.29,2.15]","[0.48,0.44,0.28]"
2050,3.3785,0.1889,0.1527,0.000296,"[0.14,0.29,2.09]","[0.48,0.43,0.27]"
2060,3.5144,0.1813,0.1722,0.000296,"[0.14,0.28,2.07]","[0.48,0.44,0.27]"
2070,3.5347,0.1882,0.1462,0.000296,"[0.13,0.29,2.12]","[0.48,0.41,0.27]"
2080,3.5380,0.1704,0.1448,0.000296,"[0.14,0.29,2.20]","[0.48,0.43,0.26]"
2090,3.3068,0.1592,0.2262,0.000296,"[0.14,0.29,2.22]","[0.48,0.43,0.28]"
2100,3.7044,0.1664,0.2048,0.000296,"[0.13,0.30,2.20]","[0.47,0.42,0.27]"
2110,3.5876,0.1702,0.1970,0.000295,"[0.14,0.29,2.17]","[0.49,0.44,0.27]"
2120,3.4155,0.1622,0.2162,0.000295,"[0.14,0.30,2.16]","[0.49,0.44,0.28]"
2130,3.3992,0.1671,0.1535,0.000295,"[0.14,0.28,2.15]","[0.49,0.44,0.26]"
2140,3.3504,0.1572,0.2172,0.000295,"[0.14,0.29,2.18]","[0.49,0.43,0.28]"
2150,3.7165,0.1673,0.1691,0.000295,"[0.14,0.29,2.19]","[0.48,0.43,0.27]"
2160,3.3940,0.1472,0.2157,0.000295,"[0.14,0.31,2.17]","[0.47,0.42,0.28]"
2170,3.6443,0.1579,0.1901,0.000295,"[0.14,0.29,2.21]","[0.48,0.42,0.27]"
2180,3.4794,0.1674,0.1586,0.000295,"[0.14,0.30,2.22]","[0.47,0.43,0.27]"
2190,3.5802,0.1588,0.1838,0.000295,"[0.15,0.30,2.20]","[0.48,0.42,0.27]"
2200,3.6184,0.1609,0.2160,0.000295,"[0.13,0.31,2.18]","[0.47,0.42,0.28]"
2210,3.2093,0.1663,0.1805,0.000295,"[0.14,0.30,2.19]","[0.49,0.43,0.27]"
2220,3.4708,0.1726,0.1691,0.000295,"[0.14,0.31,2.15]","[0.48,0.43,0.27]"
2230,3.5048,0.1631,0.1689,0.000295,"[0.13,0.30,2.14]","[0.48,0.42,0.27]"
2240,3.5971,0.1534,0.1768,0.000295,"[0.13,0.32,2.09]","[0.47,0.42,0.27]"
2250,3.2549,0.1449,0.2049,0.000295,"[0.15,0.30,2.17]","[0.49,0.41,0.27]"
2260,3.5023,0.1523,0.1572,0.000295,"[0.15,0.31,2.14]","[0.49,0.44,0.26]"
2270,3.4446,0.1380,0.2324,0.000295,"[0.15,0.31,2.15]","[0.48,0.43,0.28]"
2280,3.2266,0.1397,0.1711,0.000294,"[0.14,0.30,2.13]","[0.49,0.43,0.27]"
2290,3.4749,0.1343,0.1744,0.000294,"[0.15,0.31,2.16]","[0.50,0.42,0.26]"
2300,3.2847,0.1305,0.1967,0.000294,"[0.14,0.31,2.19]","[0.49,0.41,0.27]"
2310,3.4641,0.1527,0.1802,0.000294,"[0.14,0.31,2.17]","[0.47,0.42,0.27]"
2320,3.4387,0.1505,0.2077,0.000294,"[0.15,0.31,2.09]","[0.50,0.42,0.28]"
2330,3.3489,0.1549,0.1786,0.000294,"[0.15,0.32,2.09]","[0.48,0.43,0.27]"
2340,3.5600,0.1545,0.1652,0.000294,"[0.14,0.31,2.11]","[0.49,0.42,0.27]"
2350,3.4854,0.1331,0.2264,0.000294,"[0.14,0.31,2.17]","[0.49,0.43,0.28]"
2360,3.4817,0.1397,0.1555,0.000294,"[0.14,0.31,2.20]","[0.49,0.43,0.26]"
2370,3.2821,0.1350,0.2226,0.000294,"[0.14,0.32,2.19]","[0.47,0.42,0.28]"
2380,3.3197,0.1381,0.1706,0.000294,"[0.15,0.32,2.15]","[0.48,0.41,0.27]"
2390,3.2259,0.1508,0.1712,0.000294,"[0.14,0.32,2.12]","[0.48,0.41,0.27]"
2400,3.5582,0.1486,0.1680,0.000294,"[0.14,0.32,2.13]","[0.48,0.42,0.27]"
2410,3.4612,0.1459,0.1666,0.000294,"[0.14,0.32,2.12]","[0.48,0.42,0.27]"
2420,3.3585,0.1516,0.1669,0.000294,"[0.15,0.33,2.04]","[0.48,0.42,0.27]"
2430,3.2887,0.1390,0.1822,0.000294,"[0.14,0.32,2.07]","[0.48,0.41,0.27]"
2440,3.2761,0.1406,0.1563,0.000293,"[0.14,0.33,2.02]","[0.49,0.41,0.26]"
2450,3.2985,0.1378,0.1896,0.000293,"[0.16,0.32,2.04]","[0.49,0.43,0.27]"
2460,3.2156,0.1272,0.2315,0.000293,"[0.16,0.33,2.07]","[0.49,0.41,0.28]"
2470,3.2749,0.1366,0.1557,0.000293,"[0.16,0.33,2.05]","[0.50,0.41,0.26]"
2480,3.2264,0.1352,0.1898,0.000293,"[0.15,0.33,2.07]","[0.48,0.41,0.27]"
2490,3.5878,0.1330,0.1636,0.000293,"[0.15,0.34,2.05]","[0.48,0.43,0.26]"
2500,3.1366,0.1354,0.1531,0.000293,"[0.15,0.33,2.02]","[0.48,0.39,0.26]"
2510,3.3957,0.1300,0.1792,0.000293,"[0.15,0.33,2.03]","[0.47,0.43,0.27]"
2520,3.1284,0.1242,0.1917,0.000293,"[0.15,0.34,1.97]","[0.49,0.40,0.27]"
2530,3.2945,0.1343,0.1645,0.000293,"[0.15,0.34,1.93]","[0.48,0.43,0.26]"
2540,3.3773,0.1460,0.1480,0.000293,"[0.15,0.34,1.97]","[0.48,0.43,0.26]"
2550,3.2890,0.1509,0.1273,0.000293,"[0.14,0.34,2.03]","[0.47,0.42,0.26]"
2560,3.3028,0.1311,0.2007,0.000293,"[0.15,0.33,2.04]","[0.48,0.41,0.27]"
2570,3.6504,0.1323,0.1718,0.000293,"[0.14,0.35,1.97]","[0.49,0.40,0.27]"
2580,3.2894,0.1436,0.1285,0.000292,"[0.15,0.33,1.93]","[0.49,0.42,0.26]"
2590,3.4037,0.1516,0.1786,0.000292,"[0.15,0.34,2.01]","[0.49,0.43,0.27]"
2600,3.2034,0.1382,0.1660,0.000292,"[0.15,0.35,2.00]","[0.49,0.42,0.27]"
2610,3.5799,0.1385,0.1619,0.000292,"[0.14,0.35,1.94]","[0.47,0.40,0.27]"
2620,3.4236,0.1335,0.1691,0.000292,"[0.15,0.35,1.89]","[0.47,0.39,0.27]"
2630,3.2238,0.1405,0.1844,0.000292,"[0.15,0.34,1.90]","[0.48,0.42,0.27]"
2640,3.1821,0.1483,0.1728,0.000292,"[0.16,0.33,1.88]","[0.50,0.42,0.27]"
2650,3.3506,0.1518,0.1389,0.000292,"[0.15,0.35,1.94]","[0.48,0.42,0.26]"
2660,3.1708,0.1329,0.1748,0.000292,"[0.16,0.33,2.00]","[0.49,0.42,0.27]"
2670,3.1108,0.1286,0.1633,0.000292,"[0.16,0.34,2.13]","[0.50,0.43,0.26]"
2680,3.2326,0.1264,0.1671,0.000292,"[0.15,0.35,2.21]","[0.49,0.43,0.26]"
2690,3.1599,0.1283,0.1769,0.000292,"[0.15,0.34,2.30]","[0.49,0.42,0.27]"
2700,3.3308,0.1429,0.1480,0.000292,"[0.16,0.34,2.34]","[0.47,0.42,0.26]"
2710,3.2543,0.1337,0.1774,0.000292,"[0.15,0.35,2.38]","[0.48,0.40,0.27]"
2720,3.2715,0.1366,0.1703,0.000291,"[0.14,0.35,2.38]","[0.48,0.41,0.27]"
2730,3.4120,0.1350,0.1512,0.000291,"[0.15,0.36,2.37]","[0.47,0.41,0.26]"
2740,3.2997,0.1388,0.1239,0.000291,"[0.15,0.35,2.33]","[0.49,0.41,0.26]"
2750,3.2560,0.1275,0.1918,0.000291,"[0.15,0.35,2.36]","[0.47,0.41,0.27]"
2760,3.4008,0.1241,0.1512,0.000291,"[0.15,0.36,2.42]","[0.48,0.40,0.26]"
2770,3.3167,0.1136,0.1797,0.000291,"[0.15,0.35,2.49]","[0.47,0.40,0.26]"
2780,3.2442,0.1117,0.1907,0.000291,"[0.15,0.36,2.48]","[0.49,0.41,0.27]"
2790,3.4856,0.1144,0.1756,0.000291,"[0.15,0.35,2.49]","[0.48,0.41,0.26]"
2800,3.1069,0.1169,0.1815,0.000233,"[0.16,0.35,2.51]","[0.47,0.42,0.27]"
2810,3.1897,0.1192,0.1661,0.000058,"[0.15,0.36,2.51]","[0.46,0.41,0.26]"
2820,3.1986,0.1175,0.1725,0.000058,"[0.15,0.35,2.51]","[0.46,0.39,0.27]"
2830,2.8941,0.1210,0.1696,0.000058,"[0.16,0.35,2.51]","[0.47,0.41,0.27]"
2840,3.1463,0.1234,0.1633,0.000058,"[0.15,0.36,2.50]","[0.46,0.41,0.27]"
2850,3.1189,0.1216,0.1685,0.000058,"[0.16,0.35,2.50]","[0.47,0.41,0.27]"
2860,3.2210,0.1218,0.1692,0.000058,"[0.16,0.35,2.50]","[0.48,0.42,0.27]"
2870,3.2830,0.1228,0.1662,0.000058,"[0.15,0.35,2.51]","[0.47,0.43,0.27]"
2880,3.2057,0.1232,0.1714,0.000058,"[0.15,0.35,2.51]","[0.46,0.40,0.27]"
2890,3.4481,0.1243,0.1682,0.000058,"[0.15,0.35,2.51]","[0.47,0.41,0.27]"
2900,3.1374,0.1261,0.1704,0.000058,"[0.16,0.35,2.50]","[0.48,0.42,0.27]"
2910,3.2964,0.1266,0.1679,0.000058,"[0.15,0.35,2.51]","[0.46,0.41,0.27]"
2920,3.2495,0.1227,0.1718,0.000058,"[0.16,0.35,2.50]","[0.47,0.41,0.27]"
2930,3.2397,0.1248,0.1609,0.000058,"[0.15,0.35,2.50]","[0.46,0.41,0.27]"
2940,3.1528,0.1277,0.1722,0.000058,"[0.16,0.36,2.50]","[0.48,0.42,0.27]"
2950,3.1343,0.1327,0.1574,0.000058,"[0.15,0.35,2.49]","[0.47,0.40,0.27]"
2960,3.3417,0.1295,0.1702,0.000058,"[0.15,0.36,2.49]","[0.47,0.41,0.27]"
2970,3.1910,0.1323,0.1596,0.000058,"[0.15,0.36,2.49]","[0.47,0.39,0.27]"
2980,3.3886,0.1323,0.1613,0.000058,"[0.15,0.35,2.49]","[0.47,0.41,0.27]"
2990,3.2620,0.1335,0.1660,0.000058,"[0.16,0.35,2.48]","[0.47,0.41,0.27]"
3000,3.3058,0.1359,0.1725,0.000058,"[0.15,0.36,2.49]","[0.47,0.42,0.27]"
3010,3.2529,0.1337,0.1582,0.000058,"[0.15,0.35,2.47]","[0.48,0.40,0.27]"
3020,3.2124,0.1295,0.1738,0.000058,"[0.16,0.35,2.47]","[0.48,0.41,0.27]"
3030,3.2131,0.1318,0.1623,0.000058,"[0.16,0.35,2.47]","[0.47,0.41,0.27]"
3040,2.8880,0.1325,0.1607,0.000058,"[0.17,0.34,2.47]","[0.48,0.41,0.27]"
3050,3.0041,0.1330,0.1634,0.000058,"[0.16,0.35,2.47]","[0.47,0.43,0.27]"
3060,3.1737,0.1334,0.1665,0.000058,"[0.16,0.35,2.47]","[0.47,0.41,0.27]"
3070,3.0876,0.1358,0.1667,0.000058,"[0.16,0.35,2.47]","[0.49,0.41,0.27]"
3080,3.0671,0.1381,0.1653,0.000058,"[0.15,0.35,2.47]","[0.48,0.40,0.27]"
3090,3.2947,0.1393,0.1706,0.000058,"[0.16,0.35,2.45]","[0.47,0.41,0.27]"
3100,3.1944,0.1395,0.1662,0.000058,"[0.16,0.35,2.46]","[0.48,0.41,0.27]"
3110,3.3617,0.1403,0.1607,0.000058,"[0.15,0.36,2.47]","[0.47,0.41,0.27]"
3120,3.1330,0.1386,0.1635,0.000058,"[0.16,0.36,2.46]","[0.47,0.42,0.27]"
3130,3.3670,0.1383,0.1672,0.000058,"[0.16,0.35,2.45]","[0.47,0.41,0.27]"
3140,3.1697,0.1390,0.1605,0.000058,"[0.16,0.34,2.45]","[0.48,0.42,0.27]"
3150,3.2246,0.1403,0.1690,0.000058,"[0.16,0.35,2.46]","[0.47,0.41,0.27]"
3160,3.2197,0.1396,0.1760,0.000058,"[0.16,0.36,2.44]","[0.48,0.42,0.27]"
3170,3.2183,0.1411,0.1546,0.000058,"[0.15,0.35,2.43]","[0.47,0.41,0.27]"
3180,3.1184,0.1389,0.1688,0.000058,"[0.16,0.36,2.43]","[0.47,0.41,0.27]"
3190,3.3327,0.1425,0.1664,0.000058,"[0.15,0.36,2.44]","[0.48,0.42,0.27]"
3200,3.2725,0.1417,0.1779,0.000057,"[0.16,0.35,2.42]","[0.48,0.43,0.27]"
3210,3.1722,0.1426,0.1529,0.000057,"[0.16,0.36,2.41]","[0.48,0.41,0.27]"
3220,3.3853,0.1397,0.1724,0.000057,"[0.15,0.36,2.41]","[0.47,0.41,0.27]"
3230,2.9297,0.1413,0.1623,0.000057,"[0.16,0.36,2.41]","[0.48,0.41,0.27]"
3240,3.3349,0.1407,0.1655,0.000057,"[0.15,0.36,2.41]","[0.47,0.41,0.27]"
3250,3.1066,0.1386,0.1675,0.000057,"[0.16,0.35,2.41]","[0.48,0.42,0.27]"
3260,3.1528,0.1376,0.1646,0.000057,"[0.15,0.35,2.42]","[0.47,0.39,0.27]"
3270,3.1519,0.1396,0.1630,0.000057,"[0.16,0.35,2.41]","[0.46,0.41,0.27]"
3280,3.4567,0.1404,0.1604,0.000057,"[0.15,0.35,2.40]","[0.48,0.40,0.27]"
3290,3.0840,0.1383,0.1627,0.000057,"[0.16,0.35,2.41]","[0.46,0.40,0.27]"
3300,3.1873,0.1381,0.1653,0.000057,"[0.16,0.35,2.40]","[0.48,0.40,0.27]"
3310,3.1133,0.1402,0.1562,0.000057,"[0.16,0.35,2.39]","[0.48,0.40,0.27]"
3320,3.0601,0.1391,0.1625,0.000057,"[0.16,0.35,2.39]","[0.48,0.40,0.27]"
3330,3.2392,0.1402,0.1597,0.000057,"[0.16,0.35,2.39]","[0.47,0.41,0.27]"
3340,2.9422,0.1388,0.1572,0.000057,"[0.16,0.34,2.39]","[0.47,0.40,0.27]"
3350,3.3285,0.1385,0.1665,0.000057,"[0.15,0.36,2.38]","[0.47,0.41,0.27]"
3360,3.3806,0.1403,0.1593,0.000057,"[0.15,0.35,2.37]","[0.47,0.41,0.27]"
3370,3.2788,0.1374,0.1693,0.000057,"[0.15,0.36,2.39]","[0.47,0.41,0.27]"
3380,2.8186,0.1388,0.1578,0.000057,"[0.17,0.35,2.38]","[0.48,0.42,0.27]"
3390,3.0860,0.1375,0.1620,0.000057,"[0.16,0.35,2.39]","[0.48,0.41,0.27]"
3400,2.9101,0.1376,0.1608,0.000057,"[0.17,0.35,2.38]","[0.49,0.42,0.27]"
3410,3.1929,0.1377,0.1615,0.000057,"[0.15,0.35,2.38]","[0.46,0.42,0.27]"
3420,3.0131,0.1375,0.1616,0.000057,"[0.16,0.35,2.38]","[0.47,0.40,0.27]"
3430,3.3228,0.1398,0.1545,0.000057,"[0.15,0.35,2.38]","[0.47,0.41,0.27]"
3440,3.0263,0.1380,0.1587,0.000057,"[0.16,0.35,2.37]","[0.48,0.41,0.27]"
3450,3.2601,0.1385,0.1645,0.000057,"[0.15,0.36,2.37]","[0.48,0.42,0.27]"
3460,3.0017,0.1401,0.1572,0.000057,"[0.16,0.35,2.37]","[0.49,0.42,0.27]"
3470,2.9507,0.1399,0.1693,0.000057,"[0.16,0.35,2.36]","[0.47,0.40,0.27]"
3480,2.9855,0.1426,0.1442,0.000057,"[0.16,0.35,2.35]","[0.48,0.41,0.27]"
3490,3.2130,0.1371,0.1687,0.000057,"[0.15,0.36,2.37]","[0.49,0.40,0.27]"
3500,3.1906,0.1382,0.1658,0.000057,"[0.15,0.35,2.36]","[0.48,0.40,0.27]"
3510,3.3359,0.1389,0.1567,0.000057,"[0.15,0.36,2.36]","[0.48,0.42,0.27]"
3520,3.1904,0.1391,0.1559,0.000057,"[0.16,0.35,2.36]","[0.48,0.40,0.27]"
3530,3.1220,0.1380,0.1625,0.000057,"[0.16,0.35,2.35]","[0.48,0.41,0.27]"
3540,3.0195,0.1385,0.1583,0.000057,"[0.16,0.36,2.36]","[0.48,0.40,0.27]"
3550,3.4490,0.1385,0.1626,0.000057,"[0.15,0.36,2.35]","[0.47,0.41,0.27]"
3560,3.2348,0.1389,0.1577,0.000057,"[0.16,0.36,2.34]","[0.48,0.41,0.27]"
3570,3.1069,0.1383,0.1568,0.000057,"[0.16,0.35,2.36]","[0.47,0.41,0.27]"
3580,3.1245,0.1369,0.1643,0.000057,"[0.17,0.35,2.34]","[0.49,0.41,0.27]"
3590,3.3853,0.1371,0.1595,0.000057,"[0.16,0.36,2.34]","[0.47,0.42,0.27]"
3600,3.1247,0.1368,0.1624,0.000057,"[0.17,0.35,2.34]","[0.49,0.41,0.27]"
3610,3.2588,0.1373,0.1593,0.000057,"[0.16,0.36,2.34]","[0.49,0.41,0.27]"
3620,3.1917,0.1358,0.1642,0.000057,"[0.15,0.36,2.34]","[0.47,0.42,0.27]"
3630,3.0855,0.1369,0.1554,0.000057,"[0.17,0.35,2.33]","[0.48,0.41,0.27]"
3640,3.0408,0.1362,0.1595,0.000057,"[0.16,0.35,2.33]","[0.47,0.41,0.27]"
3650,3.3086,0.1361,0.1635,0.000057,"[0.16,0.36,2.33]","[0.47,0.42,0.27]"
3660,3.0196,0.1380,0.1494,0.000057,"[0.17,0.35,2.33]","[0.49,0.41,0.27]"
3670,3.1840,0.1354,0.1618,0.000057,"[0.16,0.35,2.33]","[0.49,0.41,0.27]"
3680,3.1668,0.1354,0.1643,0.000057,"[0.16,0.36,2.34]","[0.47,0.42,0.27]"
3690,3.1221,0.1374,0.1527,0.000057,"[0.17,0.35,2.34]","[0.49,0.43,0.27]"
3700,3.3191,0.1358,0.1649,0.000056,"[0.16,0.36,2.34]","[0.47,0.41,0.27]"
3710,3.1428,0.1364,0.1626,0.000056,"[0.17,0.35,2.33]","[0.49,0.41,0.27]"
3720,3.2315,0.1378,0.1554,0.000056,"[0.16,0.35,2.34]","[0.47,0.41,0.27]"
3730,3.2650,0.1380,0.1553,0.000056,"[0.15,0.36,2.35]","[0.48,0.41,0.27]"
3740,3.2331,0.1375,0.1603,0.000056,"[0.15,0.36,2.35]","[0.47,0.41,0.27]"
3750,3.0249,0.1384,0.1537,0.000056,"[0.17,0.35,2.34]","[0.48,0.42,0.27]"
3760,3.2509,0.1374,0.1594,0.000056,"[0.16,0.36,2.35]","[0.47,0.40,0.27]"
3770,3.3709,0.1370,0.1613,0.000056,"[0.15,0.35,2.35]","[0.47,0.40,0.27]"
3780,3.1106,0.1370,0.1597,0.000056,"[0.17,0.35,2.35]","[0.48,0.42,0.27]"
3790,3.2444,0.1367,0.1578,0.000056,"[0.16,0.36,2.36]","[0.48,0.42,0.27]"
3800,3.2035,0.1379,0.1593,0.000056,"[0.16,0.35,2.36]","[0.49,0.41,0.27]"
3810,2.9273,0.1381,0.1560,0.000056,"[0.17,0.35,2.35]","[0.48,0.42,0.27]"
3820,3.2543,0.1375,0.1598,0.000056,"[0.15,0.35,2.37]","[0.47,0.41,0.27]"
3830,3.0327,0.1367,0.1622,0.000056,"[0.16,0.35,2.36]","[0.48,0.41,0.27]"
3840,3.1025,0.1350,0.1681,0.000056,"[0.15,0.35,2.37]","[0.47,0.40,0.27]"
3850,3.0730,0.1367,0.1568,0.000056,"[0.16,0.35,2.37]","[0.46,0.40,0.27]"
3860,3.0614,0.1355,0.1604,0.000056,"[0.15,0.36,2.37]","[0.48,0.41,0.27]"
3870,3.1638,0.1361,0.1578,0.000056,"[0.16,0.35,2.37]","[0.47,0.41,0.27]"
3880,2.9897,0.1350,0.1650,0.000056,"[0.16,0.36,2.37]","[0.47,0.41,0.27]"
3890,3.2242,0.1362,0.1566,0.000056,"[0.15,0.36,2.37]","[0.47,0.40,0.27]"
3900,3.1875,0.1355,0.1567,0.000056,"[0.17,0.35,2.36]","[0.48,0.42,0.27]"
3910,3.2533,0.1343,0.1594,0.000056,"[0.15,0.36,2.37]","[0.48,0.40,0.27]"
3920,3.2748,0.1341,0.1572,0.000056,"[0.16,0.36,2.37]","[0.47,0.40,0.27]"
3930,3.3169,0.1329,0.1616,0.000056,"[0.16,0.36,2.37]","[0.48,0.41,0.27]"
3940,3.3582,0.1331,0.1602,0.000056,"[0.16,0.35,2.36]","[0.48,0.41,0.27]"
3950,3.0617,0.1330,0.1596,0.000056,"[0.16,0.35,2.37]","[0.47,0.41,0.27]"
3960,3.0541,0.1347,0.1514,0.000056,"[0.16,0.36,2.37]","[0.48,0.41,0.27]"
3970,3.2861,0.1329,0.1611,0.000056,"[0.16,0.35,2.37]","[0.48,0.42,0.27]"
3980,3.2446,0.1331,0.1584,0.000056,"[0.16,0.36,2.38]","[0.48,0.41,0.27]"
3990,3.1971,0.1346,0.1537,0.000056,"[0.15,0.36,2.37]","[0.48,0.41,0.27]"
4000,3.2045,0.1333,0.1615,0.000056,"[0.16,0.36,2.37]","[0.48,0.41,0.27]"
4010,3.2954,0.1350,0.1533,0.000056,"[0.16,0.35,2.38]","[0.46,0.41,0.27]"
4020,3.2592,0.1325,0.1617,0.000056,"[0.16,0.35,2.37]","[0.47,0.39,0.27]"
4030,3.3238,0.1331,0.1593,0.000056,"[0.16,0.35,2.37]","[0.46,0.39,0.27]"
4040,3.0546,0.1337,0.1552,0.000056,"[0.16,0.35,2.36]","[0.47,0.40,0.27]"
4050,2.9819,0.1325,0.1622,0.000056,"[0.16,0.35,2.38]","[0.48,0.40,0.27]"
4060,3.0541,0.1331,0.1575,0.000056,"[0.16,0.35,2.37]","[0.48,0.40,0.27]"
4070,3.2369,0.1338,0.1562,0.000056,"[0.17,0.35,2.37]","[0.47,0.42,0.27]"
4080,3.1782,0.1334,0.1550,0.000056,"[0.16,0.36,2.38]","[0.47,0.40,0.27]"
4090,3.1309,0.1327,0.1600,0.000056,"[0.16,0.35,2.38]","[0.47,0.41,0.27]"
4100,3.0380,0.1328,0.1579,0.000056,"[0.16,0.35,2.38]","[0.47,0.40,0.27]"
4110,3.1570,0.1326,0.1615,0.000056,"[0.15,0.36,2.38]","[0.48,0.40,0.27]"
4120,3.2975,0.1348,0.1521,0.000056,"[0.16,0.35,2.37]","[0.48,0.41,0.27]"
4130,2.8726,0.1334,0.1594,0.000056,"[0.16,0.35,2.37]","[0.48,0.41,0.27]"
4140,3.1747,0.1330,0.1612,0.000055,"[0.17,0.35,2.38]","[0.48,0.41,0.27]"
4150,3.3285,0.1333,0.1580,0.000055,"[0.15,0.36,2.38]","[0.47,0.41,0.27]"
4160,3.1524,0.1332,0.1598,0.000055,"[0.16,0.36,2.38]","[0.49,0.40,0.27]"
4170,3.1113,0.1335,0.1598,0.000055,"[0.17,0.35,2.38]","[0.49,0.41,0.27]"
4180,3.0804,0.1343,0.1553,0.000055,"[0.16,0.35,2.39]","[0.48,0.41,0.27]"
4190,3.3968,0.1335,0.1607,0.000055,"[0.15,0.36,2.38]","[0.47,0.40,0.27]"
4200,2.9646,0.1342,0.1556,0.000055,"[0.16,0.36,2.38]","[0.47,0.40,0.27]"
4210,3.1592,0.1334,0.1583,0.000055,"[0.17,0.35,2.39]","[0.49,0.40,0.27]"
4220,3.2114,0.1347,0.1553,0.000055,"[0.16,0.35,2.39]","[0.47,0.40,0.27]"
4230,3.2223,0.1337,0.1614,0.000055,"[0.16,0.36,2.39]","[0.47,0.40,0.27]"
4240,3.2885,0.1357,0.1565,0.000055,"[0.16,0.36,2.39]","[0.48,0.40,0.27]"
4250,2.9287,0.1369,0.1540,0.000055,"[0.17,0.35,2.37]","[0.49,0.41,0.27]"
4260,3.2629,0.1351,0.1603,0.000055,"[0.16,0.36,2.39]","[0.47,0.41,0.27]"
4270,3.2043,0.1353,0.1612,0.000055,"[0.16,0.35,2.40]","[0.47,0.40,0.27]"
4280,2.9645,0.1351,0.1603,0.000055,"[0.17,0.35,2.39]","[0.47,0.42,0.27]"
4290,3.4587,0.1359,0.1542,0.000055,"[0.15,0.36,2.40]","[0.48,0.41,0.27]"
4300,3.2974,0.1337,0.1640,0.000055,"[0.15,0.35,2.40]","[0.46,0.40,0.27]"
4310,3.0574,0.1358,0.1568,0.000055,"[0.17,0.35,2.39]","[0.48,0.42,0.27]"
4320,3.5233,0.1358,0.1574,0.000055,"[0.15,0.36,2.39]","[0.48,0.41,0.27]"
4330,3.3802,0.1353,0.1572,0.000055,"[0.16,0.35,2.39]","[0.48,0.42,0.27]"
4340,3.1065,0.1355,0.1612,0.000055,"[0.16,0.35,2.40]","[0.47,0.41,0.27]"
4350,3.1703,0.1358,0.1535,0.000055,"[0.16,0.36,2.40]","[0.49,0.40,0.27]"
4360,3.0672,0.1368,0.1505,0.000055,"[0.16,0.35,2.41]","[0.47,0.40,0.27]"
4370,3.2822,0.1354,0.1596,0.000055,"[0.16,0.36,2.40]","[0.48,0.41,0.27]"
4380,3.1441,0.1364,0.1547,0.000055,"[0.15,0.36,2.40]","[0.47,0.40,0.27]"
4390,3.1200,0.1359,0.1585,0.000055,"[0.17,0.36,2.39]","[0.47,0.42,0.27]"
4400,3.1373,0.1358,0.1638,0.000055,"[0.17,0.35,2.38]","[0.49,0.41,0.27]"
4410,3.0059,0.1349,0.1642,0.000055,"[0.16,0.35,2.38]","[0.47,0.40,0.27]"
4420,2.9462,0.1349,0.1585,0.000055,"[0.17,0.35,2.37]","[0.48,0.41,0.27]"
4430,3.0350,0.1350,0.1558,0.000055,"[0.17,0.35,2.38]","[0.47,0.42,0.27]"
4440,3.2210,0.1355,0.1531,0.000055,"[0.15,0.36,2.39]","[0.46,0.39,0.27]"
4450,3.1978,0.1343,0.1614,0.000055,"[0.16,0.35,2.38]","[0.48,0.40,0.27]"
4460,3.0361,0.1343,0.1618,0.000055,"[0.16,0.36,2.38]","[0.48,0.41,0.27]"
4470,3.2025,0.1357,0.1577,0.000055,"[0.17,0.36,2.38]","[0.48,0.42,0.27]"
4480,3.1555,0.1369,0.1511,0.000055,"[0.16,0.36,2.38]","[0.48,0.41,0.27]"
4490,3.2700,0.1357,0.1580,0.000055,"[0.15,0.35,2.38]","[0.47,0.41,0.27]"
4500,3.2976,0.1359,0.1561,0.000055,"[0.16,0.35,2.38]","[0.46,0.40,0.27]"
4510,3.0726,0.1350,0.1592,0.000055,"[0.16,0.35,2.38]","[0.48,0.40,0.27]"
4520,3.2757,0.1356,0.1574,0.000055,"[0.16,0.35,2.38]","[0.48,0.40,0.27]"
4530,3.2659,0.1366,0.1537,0.000055,"[0.15,0.35,2.38]","[0.47,0.39,0.27]"
4540,3.0232,0.1361,0.1581,0.000054,"[0.17,0.35,2.36]","[0.48,0.41,0.27]"
4550,3.1829,0.1351,0.1591,0.000054,"[0.15,0.36,2.37]","[0.47,0.39,0.27]"
4560,3.1670,0.1351,0.1579,0.000054,"[0.16,0.35,2.36]","[0.47,0.41,0.27]"
4570,3.2270,0.1369,0.1460,0.000054,"[0.16,0.36,2.37]","[0.48,0.41,0.27]"
4580,3.1759,0.1342,0.1577,0.000054,"[0.16,0.35,2.37]","[0.47,0.40,0.27]"
4590,2.8708,0.1338,0.1624,0.000054,"[0.17,0.35,2.36]","[0.48,0.40,0.27]"
4600,3.2016,0.1350,0.1508,0.000054,"[0.16,0.35,2.36]","[0.48,0.42,0.27]"
4610,2.9039,0.1345,0.1518,0.000054,"[0.16,0.35,2.37]","[0.48,0.40,0.27]"
4620,2.9767,0.1348,0.1527,0.000054,"[0.17,0.35,2.37]","[0.49,0.41,0.27]"
4630,3.4730,0.1344,0.1543,0.000054,"[0.16,0.35,2.37]","[0.47,0.40,0.27]"
4640,3.2139,0.1349,0.1524,0.000054,"[0.16,0.35,2.38]","[0.47,0.41,0.27]"
4650,3.2406,0.1354,0.1499,0.000054,"[0.16,0.36,2.37]","[0.48,0.41,0.27]"
4660,3.0306,0.1344,0.1559,0.000054,"[0.17,0.35,2.36]","[0.49,0.40,0.27]"
4670,3.1028,0.1326,0.1631,0.000054,"[0.17,0.35,2.37]","[0.48,0.41,0.27]"
4680,3.1714,0.1349,0.1556,0.000054,"[0.17,0.36,2.35]","[0.48,0.40,0.27]"
4690,3.3014,0.1347,0.1560,0.000054,"[0.15,0.36,2.36]","[0.47,0.39,0.27]"
4700,3.1491,0.1346,0.1525,0.000054,"[0.16,0.36,2.36]","[0.48,0.40,0.27]"
4710,3.0624,0.1338,0.1529,0.000054,"[0.15,0.36,2.36]","[0.47,0.39,0.27]"
4720,3.2148,0.1326,0.1585,0.000054,"[0.16,0.36,2.36]","[0.49,0.41,0.27]"
4730,3.2967,0.1330,0.1541,0.000054,"[0.16,0.36,2.37]","[0.48,0.41,0.27]"
4740,3.2753,0.1321,0.1583,0.000054,"[0.16,0.36,2.37]","[0.47,0.40,0.27]"
4750,3.1752,0.1319,0.1583,0.000054,"[0.16,0.36,2.36]","[0.47,0.40,0.27]"
4760,3.0978,0.1320,0.1572,0.000054,"[0.16,0.36,2.37]","[0.47,0.41,0.27]"
4770,3.1865,0.1335,0.1499,0.000054,"[0.16,0.35,2.37]","[0.48,0.41,0.27]"
4780,3.2607,0.1324,0.1550,0.000054,"[0.16,0.35,2.37]","[0.48,0.41,0.27]"
4790,3.1351,0.1322,0.1591,0.000054,"[0.17,0.35,2.38]","[0.48,0.40,0.27]"
4800,3.0859,0.1326,0.1593,0.000054,"[0.16,0.35,2.36]","[0.47,0.41,0.27]"
4810,3.3879,0.1348,0.1495,0.000054,"[0.16,0.35,2.37]","[0.47,0.40,0.27]"
4820,3.3564,0.1335,0.1575,0.000054,"[0.16,0.35,2.37]","[0.47,0.40,0.27]"
4830,3.3147,0.1360,0.1567,0.000054,"[0.16,0.36,2.38]","[0.48,0.40,0.27]"
4840,3.3025,0.1347,0.1621,0.000054,"[0.16,0.35,2.37]","[0.49,0.40,0.27]"
4850,3.3073,0.1345,0.1444,0.000054,"[0.16,0.36,2.37]","[0.48,0.41,0.27]"
4860,3.2485,0.1317,0.1559,0.000054,"[0.16,0.36,2.36]","[0.46,0.41,0.27]"
4870,3.2181,0.1340,0.1511,0.000054,"[0.16,0.36,2.36]","[0.48,0.41,0.27]"
4880,3.4034,0.1319,0.1607,0.000054,"[0.16,0.36,2.37]","[0.47,0.40,0.27]"
4890,3.1620,0.1329,0.1538,0.000054,"[0.17,0.35,2.35]","[0.48,0.40,0.27]"
4900,2.9687,0.1335,0.1492,0.000053,"[0.17,0.35,2.36]","[0.47,0.41,0.27]"
4910,3.2628,0.1320,0.1543,0.000053,"[0.17,0.35,2.36]","[0.49,0.41,0.27]"
4920,3.2495,0.1318,0.1588,0.000053,"[0.16,0.35,2.35]","[0.48,0.41,0.27]"
4930,3.2023,0.1331,0.1540,0.000053,"[0.17,0.36,2.34]","[0.48,0.41,0.27]"
4940,3.0618,0.1338,0.1521,0.000053,"[0.16,0.35,2.35]","[0.48,0.41,0.27]"
4950,2.9998,0.1333,0.1533,0.000053,"[0.17,0.35,2.35]","[0.48,0.41,0.27]"
4960,3.1265,0.1346,0.1503,0.000053,"[0.16,0.35,2.36]","[0.47,0.40,0.27]"
4970,2.9723,0.1391,0.1565,0.000053,"[0.17,0.35,2.34]","[0.48,0.40,0.27]"
4980,3.1519,0.1393,0.1367,0.000053,"[0.17,0.35,2.33]","[0.47,0.42,0.26]"
4990,3.1856,0.1333,0.1570,0.000053,"[0.16,0.35,2.34]","[0.47,0.39,0.27]"
5000,3.2502,0.1354,0.1583,0.000053,"[0.16,0.35,2.33]","[0.47,0.40,0.27]"
5010,3.1326,0.1348,0.1559,0.000053,"[0.16,0.36,2.32]","[0.48,0.41,0.27]"
5020,3.0458,0.1356,0.1504,0.000053,"[0.17,0.35,2.30]","[0.48,0.42,0.27]"
5030,3.2621,0.1323,0.1588,0.000053,"[0.16,0.36,2.32]","[0.48,0.42,0.27]"
5040,3.0441,0.1326,0.1558,0.000053,"[0.16,0.36,2.33]","[0.49,0.40,0.27]"
5050,2.9579,0.1335,0.1515,0.000053,"[0.17,0.35,2.31]","[0.48,0.42,0.27]"
5060,3.2657,0.1321,0.1554,0.000053,"[0.16,0.36,2.34]","[0.47,0.41,0.27]"
5070,3.1184,0.1323,0.1566,0.000053,"[0.17,0.35,2.33]","[0.47,0.41,0.27]"
5080,3.0726,0.1319,0.1572,0.000053,"[0.16,0.36,2.33]","[0.48,0.41,0.27]"
5090,3.0608,0.1327,0.1538,0.000053,"[0.16,0.35,2.33]","[0.48,0.40,0.27]"
5100,3.2000,0.1330,0.1513,0.000053,"[0.17,0.35,2.33]","[0.46,0.41,0.27]"
5110,2.9987,0.1328,0.1485,0.000053,"[0.16,0.36,2.33]","[0.48,0.40,0.27]"
5120,3.1420,0.1323,0.1527,0.000053,"[0.16,0.36,2.32]","[0.47,0.40,0.27]"
5130,3.3448,0.1325,0.1525,0.000053,"[0.16,0.36,2.32]","[0.46,0.42,0.27]"
5140,3.1660,0.1331,0.1515,0.000053,"[0.17,0.35,2.32]","[0.48,0.41,0.27]"
5150,3.1529,0.1332,0.1502,0.000053,"[0.17,0.36,2.33]","[0.48,0.41,0.27]"
5160,3.1505,0.1319,0.1551,0.000053,"[0.16,0.36,2.33]","[0.48,0.41,0.27]"
5170,3.2204,0.1315,0.1564,0.000053,"[0.16,0.36,2.33]","[0.48,0.41,0.27]"
5180,3.4062,0.1323,0.1509,0.000053,"[0.16,0.35,2.32]","[0.48,0.42,0.27]"
5190,2.9859,0.1317,0.1515,0.000053,"[0.16,0.35,2.32]","[0.47,0.41,0.27]"
5200,3.1019,0.1319,0.1570,0.000053,"[0.17,0.35,2.32]","[0.48,0.41,0.27]"
5210,3.0555,0.1321,0.1518,0.000053,"[0.16,0.36,2.32]","[0.47,0.40,0.27]"
5220,3.0432,0.1325,0.1535,0.000053,"[0.17,0.35,2.31]","[0.49,0.40,0.27]"
5230,3.1315,0.1330,0.1531,0.000053,"[0.16,0.36,2.31]","[0.47,0.39,0.27]"
5240,3.1381,0.1342,0.1487,0.000053,"[0.16,0.36,2.30]","[0.48,0.40,0.27]"
5250,3.1066,0.1332,0.1528,0.000052,"[0.16,0.36,2.31]","[0.46,0.39,0.27]"
5260,3.1589,0.1319,0.1569,0.000052,"[0.16,0.35,2.30]","[0.47,0.40,0.27]"
5270,3.2980,0.1318,0.1561,0.000052,"[0.16,0.36,2.32]","[0.48,0.41,0.27]"
5280,3.3860,0.1325,0.1551,0.000052,"[0.16,0.36,2.31]","[0.48,0.41,0.27]"
5290,3.3710,0.1320,0.1555,0.000052,"[0.16,0.36,2.31]","[0.48,0.40,0.27]"
5300,3.0651,0.1312,0.1542,0.000052,"[0.16,0.35,2.31]","[0.47,0.41,0.27]"
5310,3.1920,0.1312,0.1525,0.000052,"[0.16,0.35,2.31]","[0.48,0.40,0.27]"
5320,3.1890,0.1310,0.1579,0.000052,"[0.16,0.36,2.32]","[0.47,0.41,0.27]"
5330,3.1497,0.1314,0.1562,0.000052,"[0.16,0.35,2.31]","[0.48,0.41,0.27]"
5340,3.3928,0.1325,0.1499,0.000052,"[0.16,0.36,2.31]","[0.47,0.41,0.27]"
5350,2.8376,0.1325,0.1499,0.000052,"[0.16,0.35,2.29]","[0.48,0.42,0.27]"
5360,3.1469,0.1327,0.1519,0.000052,"[0.17,0.36,2.31]","[0.48,0.41,0.27]"
5370,3.2651,0.1315,0.1583,0.000052,"[0.15,0.36,2.30]","[0.47,0.40,0.27]"
5380,3.1322,0.1330,0.1586,0.000052,"[0.17,0.36,2.29]","[0.48,0.41,0.27]"
5390,2.8760,0.1354,0.1459,0.000052,"[0.17,0.35,2.29]","[0.48,0.41,0.27]"
5400,2.9368,0.1339,0.1480,0.000052,"[0.17,0.35,2.29]","[0.47,0.41,0.27]"
5410,3.2812,0.1338,0.1483,0.000052,"[0.15,0.36,2.29]","[0.46,0.40,0.27]"
5420,3.3081,0.1335,0.1470,0.000052,"[0.17,0.36,2.29]","[0.48,0.41,0.27]"
5430,3.0376,0.1328,0.1491,0.000052,"[0.17,0.36,2.30]","[0.48,0.41,0.27]"
5440,2.7708,0.1327,0.1492,0.000052,"[0.17,0.35,2.29]","[0.48,0.40,0.27]"
5450,3.2196,0.1314,0.1554,0.000052,"[0.16,0.35,2.30]","[0.47,0.40,0.27]"
5460,3.2195,0.1332,0.1481,0.000052,"[0.16,0.36,2.29]","[0.48,0.41,0.27]"
5470,3.3723,0.1319,0.1533,0.000052,"[0.16,0.36,2.30]","[0.47,0.40,0.27]"
5480,3.2084,0.1318,0.1565,0.000052,"[0.16,0.36,2.28]","[0.47,0.41,0.27]"
5490,3.3141,0.1317,0.1531,0.000052,"[0.16,0.36,2.29]","[0.47,0.41,0.27]"
5500,2.9916,0.1318,0.1525,0.000052,"[0.16,0.35,2.29]","[0.48,0.41,0.27]"
5510,3.1406,0.1305,0.1577,0.000052,"[0.17,0.36,2.29]","[0.47,0.41,0.27]"
5520,3.3161,0.1311,0.1571,0.000052,"[0.16,0.36,2.30]","[0.47,0.40,0.27]"
5530,3.1729,0.1312,0.1545,0.000052,"[0.17,0.35,2.28]","[0.49,0.41,0.27]"
5540,3.1191,0.1318,0.1504,0.000052,"[0.16,0.35,2.29]","[0.48,0.41,0.27]"
5550,3.0269,0.1310,0.1531,0.000052,"[0.17,0.35,2.29]","[0.48,0.41,0.27]"
5560,2.8532,0.1309,0.1543,0.000052,"[0.16,0.36,2.28]","[0.48,0.41,0.27]"
5570,3.3511,0.1313,0.1532,0.000051,"[0.16,0.36,2.29]","[0.47,0.41,0.27]"
5580,3.0314,0.1315,0.1500,0.000051,"[0.16,0.36,2.29]","[0.48,0.40,0.27]"
5590,3.1394,0.1317,0.1527,0.000051,"[0.17,0.35,2.28]","[0.48,0.40,0.27]"
5600,3.0417,0.1307,0.1557,0.000051,"[0.17,0.35,2.28]","[0.48,0.41,0.27]"
5610,3.1448,0.1325,0.1474,0.000051,"[0.15,0.36,2.29]","[0.47,0.41,0.27]"
5620,3.3201,0.1333,0.1474,0.000051,"[0.17,0.36,2.27]","[0.48,0.41,0.27]"
5630,3.0692,0.1312,0.1502,0.000051,"[0.16,0.36,2.28]","[0.47,0.40,0.27]"
5640,3.0841,0.1325,0.1455,0.000051,"[0.16,0.36,2.28]","[0.48,0.40,0.27]"
5650,2.9514,0.1323,0.1447,0.000051,"[0.17,0.35,2.27]","[0.48,0.41,0.27]"
5660,3.3263,0.1307,0.1519,0.000051,"[0.16,0.36,2.28]","[0.48,0.40,0.27]"
5670,3.2218,0.1308,0.1532,0.000051,"[0.16,0.35,2.29]","[0.47,0.40,0.27]"
5680,3.2956,0.1306,0.1518,0.000051,"[0.16,0.36,2.28]","[0.47,0.40,0.27]"
5690,3.1907,0.1310,0.1487,0.000051,"[0.16,0.36,2.28]","[0.48,0.40,0.27]"
5700,2.8843,0.1303,0.1532,0.000051,"[0.17,0.35,2.27]","[0.49,0.41,0.27]"
5710,3.2793,0.1304,0.1535,0.000051,"[0.16,0.36,2.28]","[0.47,0.41,0.27]"
5720,3.1423,0.1294,0.1552,0.000051,"[0.17,0.35,2.27]","[0.49,0.42,0.27]"
5730,3.2837,0.1290,0.1561,0.000051,"[0.15,0.36,2.27]","[0.47,0.41,0.27]"
5740,3.0977,0.1285,0.1578,0.000051,"[0.16,0.36,2.27]","[0.48,0.40,0.27]"
5750,3.0879,0.1298,0.1553,0.000051,"[0.16,0.36,2.28]","[0.47,0.40,0.27]"
5760,3.0261,0.1300,0.1497,0.000051,"[0.16,0.36,2.28]","[0.47,0.40,0.27]"
5770,3.1257,0.1309,0.1467,0.000051,"[0.16,0.35,2.27]","[0.48,0.41,0.27]"
5780,3.0255,0.1302,0.1503,0.000051,"[0.17,0.35,2.27]","[0.49,0.41,0.27]"
5790,3.1414,0.1301,0.1504,0.000051,"[0.17,0.36,2.27]","[0.48,0.42,0.27]"
5800,3.1406,0.1301,0.1512,0.000051,"[0.16,0.35,2.26]","[0.47,0.41,0.27]"
5810,2.9785,0.1286,0.1555,0.000051,"[0.16,0.36,2.27]","[0.47,0.41,0.27]"
5820,2.8453,0.1293,0.1503,0.000051,"[0.17,0.35,2.27]","[0.48,0.40,0.27]"
5830,3.1265,0.1295,0.1519,0.000051,"[0.16,0.36,2.28]","[0.48,0.40,0.27]"
5840,3.0225,0.1291,0.1551,0.000051,"[0.17,0.36,2.27]","[0.48,0.42,0.27]"
5850,2.9724,0.1300,0.1560,0.000051,"[0.17,0.35,2.27]","[0.48,0.41,0.27]"
5860,3.0841,0.1289,0.1526,0.000051,"[0.16,0.36,2.27]","[0.48,0.41,0.27]"
5870,3.0188,0.1300,0.1509,0.000051,"[0.17,0.36,2.27]","[0.48,0.42,0.27]"
5880,3.0431,0.1295,0.1481,0.000050,"[0.17,0.35,2.26]","[0.49,0.41,0.27]"
5890,2.9543,0.1308,0.1436,0.000050,"[0.17,0.36,2.27]","[0.48,0.41,0.27]"
5900,2.8479,0.1289,0.1527,0.000050,"[0.17,0.35,2.26]","[0.48,0.40,0.27]"
5910,3.0865,0.1288,0.1518,0.000050,"[0.15,0.36,2.27]","[0.47,0.41,0.27]"
5920,3.2790,0.1282,0.1547,0.000050,"[0.16,0.35,2.27]","[0.48,0.42,0.27]"
5930,2.9711,0.1287,0.1526,0.000050,"[0.16,0.36,2.27]","[0.48,0.41,0.27]"
5940,3.0523,0.1279,0.1516,0.000050,"[0.16,0.36,2.27]","[0.48,0.41,0.27]"
5950,3.1527,0.1287,0.1469,0.000050,"[0.16,0.35,2.27]","[0.47,0.41,0.27]"
5960,2.9516,0.1283,0.1493,0.000050,"[0.17,0.35,2.27]","[0.48,0.41,0.27]"
5970,3.0445,0.1283,0.1526,0.000050,"[0.17,0.36,2.26]","[0.48,0.41,0.27]"
5980,3.1319,0.1280,0.1513,0.000050,"[0.17,0.36,2.26]","[0.48,0.41,0.27]"
5990,3.3815,0.1273,0.1545,0.000050,"[0.16,0.36,2.27]","[0.46,0.40,0.27]"
6000,3.0340,0.1283,0.1465,0.000050,"[0.17,0.35,2.26]","[0.47,0.41,0.27]"
6010,3.1528,0.1275,0.1511,0.000050,"[0.16,0.36,2.26]","[0.47,0.40,0.27]"
6020,3.2296,0.1285,0.1498,0.000050,"[0.16,0.36,2.26]","[0.48,0.40,0.27]"
6030,3.1134,0.1276,0.1539,0.000050,"[0.17,0.35,2.26]","[0.47,0.42,0.27]"
6040,3.0178,0.1279,0.1546,0.000050,"[0.16,0.36,2.26]","[0.47,0.39,0.27]"
6050,3.2583,0.1278,0.1533,0.000050,"[0.16,0.36,2.26]","[0.47,0.41,0.27]"
6060,3.0848,0.1281,0.1515,0.000050,"[0.17,0.35,2.26]","[0.48,0.41,0.27]"
6070,3.0547,0.1267,0.1521,0.000050,"[0.16,0.36,2.26]","[0.48,0.39,0.27]"
6080,3.0303,0.1274,0.1524,0.000050,"[0.17,0.35,2.25]","[0.48,0.41,0.27]"
6090,3.0762,0.1265,0.1573,0.000050,"[0.15,0.36,2.25]","[0.46,0.39,0.27]"
6100,3.1386,0.1274,0.1519,0.000050,"[0.16,0.35,2.25]","[0.48,0.41,0.27]"
6110,3.0853,0.1276,0.1481,0.000050,"[0.16,0.36,2.26]","[0.47,0.39,0.27]"
6120,3.0874,0.1288,0.1451,0.000050,"[0.17,0.35,2.25]","[0.48,0.42,0.27]"
6130,3.3158,0.1287,0.1440,0.000050,"[0.16,0.36,2.26]","[0.47,0.41,0.27]"
6140,3.1312,0.1270,0.1519,0.000050,"[0.16,0.35,2.25]","[0.48,0.40,0.27]"
6150,3.4400,0.1276,0.1491,0.000050,"[0.16,0.36,2.25]","[0.48,0.41,0.27]"
6160,3.1120,0.1270,0.1481,0.000050,"[0.16,0.36,2.26]","[0.48,0.39,0.27]"
6170,3.0300,0.1266,0.1501,0.000050,"[0.16,0.36,2.26]","[0.48,0.41,0.27]"
6180,3.0651,0.1262,0.1526,0.000049,"[0.16,0.36,2.25]","[0.48,0.41,0.27]"
6190,2.9420,0.1271,0.1486,0.000049,"[0.17,0.35,2.25]","[0.49,0.41,0.27]"
6200,3.1128,0.1266,0.1489,0.000049,"[0.16,0.36,2.24]","[0.48,0.40,0.27]"
6210,3.1807,0.1278,0.1457,0.000049,"[0.17,0.35,2.25]","[0.47,0.40,0.27]"
6220,3.2855,0.1266,0.1498,0.000049,"[0.17,0.36,2.24]","[0.48,0.40,0.27]"
6230,3.1906,0.1270,0.1487,0.000049,"[0.16,0.36,2.26]","[0.47,0.40,0.27]"
6240,3.0822,0.1253,0.1534,0.000049,"[0.16,0.36,2.26]","[0.47,0.40,0.27]"
6250,3.1904,0.1259,0.1529,0.000049,"[0.16,0.36,2.25]","[0.47,0.40,0.27]"
6260,3.1329,0.1249,0.1599,0.000049,"[0.16,0.36,2.25]","[0.47,0.42,0.27]"
6270,3.2204,0.1266,0.1526,0.000049,"[0.16,0.36,2.24]","[0.47,0.40,0.27]"
6280,2.8633,0.1257,0.1540,0.000049,"[0.17,0.35,2.25]","[0.48,0.40,0.27]"
6290,3.3644,0.1262,0.1505,0.000049,"[0.16,0.36,2.25]","[0.47,0.41,0.27]"
6300,3.0092,0.1268,0.1496,0.000049,"[0.17,0.35,2.25]","[0.48,0.41,0.27]"
6310,3.1434,0.1270,0.1465,0.000049,"[0.16,0.36,2.24]","[0.47,0.40,0.27]"
6320,3.2999,0.1271,0.1482,0.000049,"[0.17,0.35,2.24]","[0.49,0.41,0.27]"
6330,3.0498,0.1263,0.1522,0.000049,"[0.16,0.36,2.24]","[0.48,0.42,0.27]"
6340,2.9600,0.1259,0.1537,0.000049,"[0.17,0.35,2.24]","[0.48,0.41,0.27]"
6350,2.9133,0.1271,0.1483,0.000049,"[0.17,0.35,2.24]","[0.48,0.40,0.27]"
6360,3.3474,0.1280,0.1458,0.000049,"[0.16,0.36,2.24]","[0.47,0.41,0.27]"
6370,3.1736,0.1273,0.1488,0.000049,"[0.17,0.35,2.24]","[0.48,0.42,0.27]"
6380,3.0098,0.1257,0.1532,0.000049,"[0.16,0.36,2.24]","[0.48,0.40,0.27]"
6390,3.2719,0.1266,0.1517,0.000049,"[0.16,0.36,2.23]","[0.47,0.41,0.27]"
6400,3.1482,0.1274,0.1481,0.000049,"[0.17,0.35,2.23]","[0.48,0.39,0.27]"
6410,3.1789,0.1265,0.1531,0.000049,"[0.17,0.35,2.22]","[0.48,0.40,0.27]"
6420,3.0561,0.1269,0.1501,0.000049,"[0.16,0.35,2.21]","[0.48,0.40,0.27]"
6430,3.1113,0.1286,0.1441,0.000049,"[0.17,0.35,2.21]","[0.48,0.41,0.27]"
6440,3.1216,0.1295,0.1411,0.000049,"[0.17,0.36,2.21]","[0.48,0.40,0.27]"
6450,3.0765,0.1286,0.1450,0.000049,"[0.16,0.36,2.21]","[0.48,0.41,0.27]"
6460,2.8038,0.1274,0.1498,0.000048,"[0.17,0.35,2.21]","[0.47,0.41,0.27]"
6470,3.4372,0.1279,0.1490,0.000048,"[0.16,0.35,2.21]","[0.48,0.41,0.27]"
6480,3.1892,0.1268,0.1523,0.000048,"[0.17,0.35,2.21]","[0.48,0.41,0.27]"
6490,3.0079,0.1267,0.1511,0.000048,"[0.17,0.35,2.21]","[0.47,0.40,0.27]"
6500,3.2178,0.1273,0.1467,0.000048,"[0.17,0.35,2.21]","[0.48,0.40,0.27]"
6510,3.1569,0.1294,0.1439,0.000048,"[0.16,0.36,2.21]","[0.47,0.41,0.27]"
6520,3.2334,0.1306,0.1442,0.000048,"[0.16,0.35,2.20]","[0.47,0.40,0.27]"
6530,3.0657,0.1317,0.1462,0.000048,"[0.16,0.35,2.21]","[0.48,0.40,0.27]"
6540,3.4010,0.1318,0.1493,0.000048,"[0.16,0.36,2.19]","[0.47,0.41,0.27]"
6550,2.8405,0.1329,0.1462,0.000048,"[0.17,0.36,2.19]","[0.48,0.41,0.27]"
6560,2.9630,0.1319,0.1506,0.000048,"[0.18,0.36,2.20]","[0.49,0.41,0.27]"
6570,3.1433,0.1326,0.1483,0.000048,"[0.17,0.35,2.20]","[0.47,0.40,0.27]"
6580,3.0829,0.1323,0.1461,0.000048,"[0.16,0.36,2.19]","[0.48,0.41,0.27]"
6590,3.1293,0.1331,0.1472,0.000048,"[0.16,0.35,2.20]","[0.46,0.41,0.27]"
6600,3.1876,0.1333,0.1437,0.000048,"[0.16,0.35,2.19]","[0.49,0.41,0.27]"
6610,3.3324,0.1324,0.1486,0.000048,"[0.16,0.36,2.20]","[0.46,0.41,0.27]"
6620,3.1332,0.1327,0.1467,0.000048,"[0.17,0.35,2.18]","[0.48,0.42,0.27]"
6630,3.3506,0.1321,0.1484,0.000048,"[0.16,0.36,2.19]","[0.48,0.42,0.27]"
6640,3.0570,0.1333,0.1455,0.000048,"[0.17,0.35,2.18]","[0.48,0.42,0.27]"
6650,3.2019,0.1330,0.1521,0.000048,"[0.16,0.36,2.19]","[0.48,0.41,0.27]"
6660,3.0211,0.1327,0.1528,0.000048,"[0.16,0.35,2.18]","[0.48,0.41,0.27]"
6670,3.2557,0.1335,0.1475,0.000048,"[0.17,0.35,2.18]","[0.47,0.41,0.27]"
6680,3.0617,0.1347,0.1460,0.000048,"[0.17,0.35,2.17]","[0.48,0.40,0.27]"
6690,3.2555,0.1348,0.1451,0.000048,"[0.16,0.36,2.16]","[0.47,0.40,0.27]"
6700,3.1806,0.1352,0.1495,0.000048,"[0.17,0.35,2.17]","[0.48,0.41,0.27]"
6710,2.7824,0.1329,0.1553,0.000048,"[0.17,0.36,2.17]","[0.48,0.41,0.27]"
6720,3.2340,0.1351,0.1456,0.000048,"[0.16,0.36,2.17]","[0.46,0.41,0.27]"
6730,3.2233,0.1332,0.1522,0.000048,"[0.17,0.35,2.18]","[0.48,0.40,0.27]"
6740,3.2658,0.1339,0.1456,0.000047,"[0.16,0.36,2.18]","[0.48,0.42,0.27]"
6750,3.2235,0.1341,0.1492,0.000047,"[0.17,0.36,2.18]","[0.47,0.40,0.27]"
6760,3.0120,0.1336,0.1533,0.000047,"[0.17,0.36,2.16]","[0.48,0.41,0.27]"
6770,3.1098,0.1334,0.1490,0.000047,"[0.16,0.36,2.17]","[0.48,0.41,0.27]"
6780,3.0661,0.1328,0.1554,0.000047,"[0.16,0.36,2.18]","[0.47,0.41,0.27]"
6790,3.1000,0.1340,0.1464,0.000047,"[0.17,0.35,2.18]","[0.47,0.41,0.27]"
6800,3.3079,0.1341,0.1457,0.000047,"[0.16,0.36,2.18]","[0.48,0.41,0.27]"
6810,3.1132,0.1332,0.1482,0.000047,"[0.17,0.36,2.19]","[0.47,0.41,0.27]"
6820,3.2262,0.1335,0.1461,0.000047,"[0.16,0.36,2.18]","[0.48,0.39,0.27]"
6830,3.1220,0.1334,0.1463,0.000047,"[0.17,0.36,2.18]","[0.48,0.42,0.27]"
6840,3.0897,0.1334,0.1459,0.000047,"[0.16,0.35,2.19]","[0.48,0.40,0.27]"
6850,3.0652,0.1331,0.1449,0.000047,"[0.17,0.35,2.18]","[0.48,0.41,0.27]"
6860,3.1328,0.1330,0.1435,0.000047,"[0.17,0.36,2.19]","[0.48,0.41,0.27]"
6870,3.2698,0.1323,0.1515,0.000047,"[0.16,0.36,2.19]","[0.47,0.40,0.27]"
6880,3.1567,0.1324,0.1467,0.000047,"[0.16,0.36,2.20]","[0.48,0.41,0.27]"
6890,2.9662,0.1320,0.1471,0.000047,"[0.16,0.36,2.19]","[0.48,0.40,0.27]"
6900,3.2783,0.1316,0.1521,0.000047,"[0.16,0.36,2.19]","[0.48,0.41,0.27]"
6910,2.9344,0.1310,0.1506,0.000047,"[0.17,0.35,2.19]","[0.48,0.41,0.27]"
6920,3.1596,0.1307,0.1530,0.000047,"[0.16,0.36,2.20]","[0.47,0.42,0.27]"
6930,2.9394,0.1321,0.1434,0.000047,"[0.17,0.35,2.19]","[0.48,0.42,0.27]"
6940,3.2186,0.1317,0.1452,0.000047,"[0.17,0.36,2.18]","[0.49,0.42,0.27]"
6950,3.2043,0.1300,0.1543,0.000047,"[0.16,0.36,2.19]","[0.48,0.40,0.27]"
6960,3.0194,0.1290,0.1577,0.000047,"[0.17,0.35,2.18]","[0.49,0.42,0.27]"
6970,3.1059,0.1301,0.1513,0.000047,"[0.16,0.36,2.19]","[0.48,0.39,0.27]"
6980,3.1579,0.1302,0.1495,0.000047,"[0.17,0.36,2.19]","[0.47,0.41,0.27]"
6990,2.8590,0.1307,0.1457,0.000047,"[0.17,0.35,2.19]","[0.48,0.41,0.27]"
7000,2.9715,0.1301,0.1491,0.000047,"[0.17,0.36,2.18]","[0.48,0.42,0.27]"
7010,2.9285,0.1305,0.1488,0.000046,"[0.18,0.35,2.18]","[0.49,0.41,0.27]"
7020,3.2802,0.1307,0.1460,0.000046,"[0.16,0.36,2.18]","[0.46,0.40,0.27]"
7030,3.1293,0.1306,0.1474,0.000046,"[0.16,0.36,2.19]","[0.48,0.41,0.27]"
7040,2.9246,0.1302,0.1474,0.000046,"[0.16,0.36,2.18]","[0.48,0.40,0.27]"
7050,3.1028,0.1295,0.1485,0.000046,"[0.16,0.36,2.19]","[0.49,0.41,0.27]"
7060,3.0140,0.1282,0.1523,0.000046,"[0.17,0.35,2.19]","[0.48,0.41,0.27]"
7070,3.3421,0.1300,0.1461,0.000046,"[0.16,0.36,2.19]","[0.48,0.40,0.27]"
7080,3.0477,0.1294,0.1444,0.000046,"[0.16,0.36,2.19]","[0.48,0.40,0.27]"
7090,3.0927,0.1303,0.1418,0.000046,"[0.16,0.36,2.17]","[0.48,0.40,0.27]"
7100,3.2451,0.1294,0.1452,0.000046,"[0.16,0.36,2.19]","[0.48,0.39,0.27]"
7110,3.1823,0.1283,0.1485,0.000046,"[0.16,0.36,2.18]","[0.47,0.41,0.27]"
7120,2.9403,0.1282,0.1491,0.000046,"[0.17,0.36,2.19]","[0.48,0.41,0.27]"
7130,3.0046,0.1287,0.1473,0.000046,"[0.17,0.36,2.18]","[0.47,0.41,0.27]"
7140,3.1361,0.1287,0.1490,0.000046,"[0.16,0.36,2.18]","[0.48,0.39,0.27]"
7150,3.2580,0.1307,0.1448,0.000046,"[0.16,0.35,2.18]","[0.47,0.39,0.27]"
7160,2.9998,0.1304,0.1469,0.000046,"[0.17,0.36,2.18]","[0.47,0.40,0.27]"
7170,3.3539,0.1289,0.1493,0.000046,"[0.16,0.36,2.18]","[0.47,0.41,0.27]"
7180,3.0703,0.1287,0.1463,0.000046,"[0.17,0.36,2.18]","[0.47,0.41,0.27]"
7190,3.0927,0.1292,0.1465,0.000046,"[0.16,0.35,2.18]","[0.48,0.41,0.27]"
7200,3.1183,0.1287,0.1487,0.000046,"[0.17,0.36,2.19]","[0.48,0.41,0.27]"
7210,2.8830,0.1283,0.1509,0.000046,"[0.18,0.36,2.18]","[0.48,0.41,0.27]"
7220,2.9838,0.1277,0.1549,0.000046,"[0.16,0.36,2.18]","[0.49,0.40,0.27]"
7230,3.1446,0.1280,0.1508,0.000046,"[0.16,0.36,2.19]","[0.47,0.39,0.27]"
7240,3.0459,0.1286,0.1487,0.000046,"[0.17,0.36,2.17]","[0.48,0.39,0.27]"
7250,3.2482,0.1275,0.1546,0.000046,"[0.16,0.36,2.17]","[0.48,0.41,0.27]"
7260,2.8151,0.1277,0.1499,0.000046,"[0.17,0.35,2.18]","[0.48,0.41,0.27]"
7270,3.0844,0.1281,0.1457,0.000045,"[0.17,0.36,2.18]","[0.49,0.40,0.27]"
7280,3.0178,0.1270,0.1475,0.000045,"[0.15,0.36,2.19]","[0.47,0.40,0.27]"
7290,3.0811,0.1279,0.1440,0.000045,"[0.16,0.36,2.19]","[0.47,0.40,0.27]"
7300,3.1594,0.1280,0.1471,0.000045,"[0.17,0.36,2.18]","[0.48,0.42,0.27]"
7310,2.8060,0.1276,0.1450,0.000045,"[0.17,0.35,2.18]","[0.50,0.41,0.27]"
7320,3.0493,0.1283,0.1412,0.000045,"[0.17,0.35,2.17]","[0.47,0.40,0.27]"
7330,3.2978,0.1282,0.1380,0.000045,"[0.16,0.36,2.18]","[0.47,0.39,0.27]"
7340,3.0240,0.1270,0.1437,0.000045,"[0.17,0.36,2.18]","[0.48,0.40,0.27]"
7350,3.1521,0.1257,0.1500,0.000045,"[0.17,0.36,2.18]","[0.46,0.41,0.27]"
7360,3.3011,0.1254,0.1513,0.000045,"[0.16,0.36,2.19]","[0.47,0.40,0.27]"
7370,2.9595,0.1256,0.1521,0.000045,"[0.17,0.35,2.18]","[0.47,0.41,0.27]"
7380,3.1209,0.1267,0.1461,0.000045,"[0.17,0.36,2.19]","[0.47,0.41,0.27]"
7390,2.9996,0.1281,0.1451,0.000045,"[0.16,0.35,2.17]","[0.47,0.40,0.27]"
7400,3.0862,0.1275,0.1455,0.000045,"[0.16,0.36,2.18]","[0.47,0.41,0.27]"
7410,3.3472,0.1276,0.1477,0.000045,"[0.17,0.36,2.18]","[0.47,0.41,0.27]"
7420,3.2913,0.1286,0.1430,0.000045,"[0.17,0.35,2.17]","[0.47,0.41,0.27]"
7430,2.9630,0.1296,0.1406,0.000045,"[0.17,0.35,2.16]","[0.47,0.40,0.27]"
7440,3.0415,0.1289,0.1464,0.000045,"[0.17,0.36,2.17]","[0.48,0.41,0.27]"
7450,2.8034,0.1279,0.1528,0.000045,"[0.18,0.35,2.16]","[0.49,0.41,0.27]"
7460,3.1522,0.1277,0.1543,0.000045,"[0.17,0.35,2.17]","[0.47,0.41,0.27]"
7470,3.1003,0.1282,0.1523,0.000045,"[0.17,0.35,2.16]","[0.47,0.41,0.27]"
7480,3.1797,0.1286,0.1511,0.000045,"[0.16,0.36,2.17]","[0.47,0.40,0.27]"
7490,3.3778,0.1299,0.1479,0.000045,"[0.15,0.36,2.13]","[0.46,0.41,0.27]"
7500,3.1353,0.1313,0.1415,0.000045,"[0.16,0.36,2.15]","[0.48,0.40,0.27]"
7510,3.0386,0.1316,0.1390,0.000045,"[0.17,0.35,2.15]","[0.49,0.41,0.26]"
7520,3.2373,0.1308,0.1447,0.000044,"[0.16,0.36,2.15]","[0.48,0.39,0.27]"
7530,3.2099,0.1321,0.1417,0.000044,"[0.16,0.36,2.15]","[0.47,0.39,0.27]"
7540,3.0215,0.1310,0.1480,0.000044,"[0.16,0.35,2.14]","[0.47,0.40,0.27]"
7550,3.1936,0.1315,0.1478,0.000044,"[0.16,0.36,2.15]","[0.48,0.39,0.27]"
7560,2.9353,0.1319,0.1471,0.000044,"[0.16,0.36,2.13]","[0.47,0.40,0.27]"
7570,3.3221,0.1327,0.1452,0.000044,"[0.16,0.36,2.14]","[0.47,0.40,0.27]"
7580,2.9873,0.1319,0.1466,0.000044,"[0.17,0.36,2.13]","[0.47,0.40,0.27]"
7590,3.2991,0.1340,0.1407,0.000044,"[0.16,0.36,2.13]","[0.46,0.41,0.27]"
7600,2.8373,0.1315,0.1541,0.000044,"[0.17,0.36,2.12]","[0.47,0.41,0.27]"
7610,3.0809,0.1315,0.1537,0.000044,"[0.17,0.35,2.13]","[0.48,0.41,0.27]"
7620,3.2565,0.1321,0.1521,0.000044,"[0.16,0.36,2.13]","[0.47,0.41,0.27]"
7630,2.9860,0.1319,0.1493,0.000044,"[0.17,0.35,2.12]","[0.49,0.39,0.27]"
7640,3.3726,0.1325,0.1493,0.000044,"[0.16,0.36,2.14]","[0.47,0.40,0.27]"
7650,3.0888,0.1337,0.1457,0.000044,"[0.17,0.36,2.12]","[0.47,0.42,0.27]"
7660,3.3434,0.1345,0.1442,0.000044,"[0.16,0.36,2.12]","[0.47,0.39,0.27]"
7670,3.1756,0.1335,0.1481,0.000044,"[0.16,0.36,2.12]","[0.47,0.40,0.27]"
7680,3.1752,0.1341,0.1451,0.000044,"[0.17,0.36,2.12]","[0.47,0.40,0.27]"
7690,3.0712,0.1348,0.1432,0.000044,"[0.17,0.36,2.12]","[0.47,0.40,0.27]"
7700,3.0370,0.1349,0.1463,0.000044,"[0.16,0.36,2.12]","[0.47,0.40,0.27]"
7710,3.1241,0.1324,0.1579,0.000044,"[0.17,0.35,2.11]","[0.47,0.41,0.27]"
7720,2.9445,0.1338,0.1527,0.000044,"[0.17,0.35,2.11]","[0.48,0.39,0.27]"
7730,3.1203,0.1327,0.1511,0.000044,"[0.17,0.35,2.11]","[0.48,0.41,0.27]"
7740,3.2280,0.1344,0.1517,0.000044,"[0.17,0.35,2.11]","[0.47,0.39,0.27]"
7750,3.2969,0.1337,0.1511,0.000044,"[0.16,0.36,2.12]","[0.48,0.40,0.27]"
7760,3.3511,0.1333,0.1527,0.000044,"[0.16,0.36,2.12]","[0.47,0.40,0.27]"
7770,3.1959,0.1340,0.1469,0.000044,"[0.16,0.36,2.11]","[0.47,0.40,0.27]"
7780,2.8903,0.1366,0.1398,0.000043,"[0.18,0.36,2.11]","[0.49,0.41,0.27]"
7790,3.1990,0.1356,0.1453,0.000043,"[0.16,0.36,2.11]","[0.47,0.40,0.27]"
7800,2.9419,0.1358,0.1452,0.000043,"[0.17,0.36,2.10]","[0.48,0.41,0.27]"
7810,3.1970,0.1348,0.1499,0.000043,"[0.16,0.36,2.11]","[0.47,0.41,0.27]"
7820,3.1427,0.1333,0.1500,0.000043,"[0.16,0.36,2.11]","[0.47,0.41,0.27]"
7830,3.1971,0.1343,0.1487,0.000043,"[0.17,0.36,2.10]","[0.48,0.41,0.27]"
7840,3.0585,0.1339,0.1553,0.000043,"[0.17,0.36,2.10]","[0.47,0.40,0.27]"
7850,3.0877,0.1337,0.1493,0.000043,"[0.17,0.36,2.10]","[0.48,0.41,0.27]"
7860,3.0124,0.1338,0.1494,0.000043,"[0.15,0.35,2.10]","[0.47,0.38,0.27]"
7870,3.0552,0.1339,0.1527,0.000043,"[0.16,0.36,2.09]","[0.47,0.40,0.27]"
7880,3.1551,0.1342,0.1509,0.000043,"[0.16,0.36,2.10]","[0.47,0.40,0.27]"
7890,3.0399,0.1347,0.1475,0.000043,"[0.18,0.35,2.10]","[0.48,0.41,0.27]"
7900,3.1363,0.1340,0.1495,0.000043,"[0.16,0.36,2.09]","[0.47,0.40,0.27]"
7910,3.0409,0.1341,0.1458,0.000043,"[0.16,0.36,2.10]","[0.47,0.40,0.27]"
7920,3.1925,0.1327,0.1504,0.000043,"[0.17,0.36,2.11]","[0.46,0.40,0.27]"
7930,2.9805,0.1324,0.1534,0.000043,"[0.17,0.36,2.10]","[0.47,0.40,0.27]"
7940,2.9350,0.1328,0.1494,0.000043,"[0.15,0.36,2.11]","[0.47,0.39,0.27]"
7950,3.0728,0.1337,0.1381,0.000043,"[0.17,0.35,2.10]","[0.48,0.40,0.27]"
7960,3.3616,0.1336,0.1424,0.000043,"[0.17,0.36,2.11]","[0.48,0.41,0.27]"
7970,3.0256,0.1329,0.1434,0.000043,"[0.16,0.36,2.10]","[0.47,0.39,0.27]"
7980,3.2093,0.1327,0.1401,0.000043,"[0.16,0.36,2.11]","[0.47,0.39,0.27]"
7990,3.0114,0.1320,0.1470,0.000043,"[0.17,0.36,2.10]","[0.47,0.40,0.27]"
8000,3.4024,0.1322,0.1456,0.000043,"[0.16,0.36,2.10]","[0.47,0.39,0.27]"
8010,2.9769,0.1322,0.1525,0.000043,"[0.17,0.35,2.10]","[0.47,0.39,0.27]"
8020,3.0376,0.1329,0.1492,0.000042,"[0.17,0.35,2.09]","[0.48,0.40,0.27]"
8030,3.0098,0.1326,0.1476,0.000042,"[0.17,0.35,2.10]","[0.48,0.41,0.27]"
8040,2.9094,0.1313,0.1500,0.000042,"[0.17,0.36,2.09]","[0.48,0.40,0.27]"
8050,3.1483,0.1326,0.1445,0.000042,"[0.16,0.36,2.11]","[0.48,0.40,0.27]"
8060,3.0509,0.1330,0.1447,0.000042,"[0.16,0.35,2.09]","[0.48,0.40,0.27]"
8070,2.8303,0.1328,0.1438,0.000042,"[0.17,0.36,2.10]","[0.48,0.38,0.27]"
8080,2.9848,0.1322,0.1455,0.000042,"[0.18,0.35,2.09]","[0.49,0.40,0.27]"
8090,2.9999,0.1325,0.1438,0.000042,"[0.17,0.36,2.09]","[0.47,0.41,0.27]"
8100,2.9792,0.1320,0.1463,0.000042,"[0.17,0.36,2.10]","[0.48,0.38,0.27]"
8110,2.9281,0.1305,0.1527,0.000042,"[0.17,0.36,2.09]","[0.48,0.40,0.27]"
8120,3.1805,0.1316,0.1455,0.000042,"[0.16,0.36,2.10]","[0.49,0.41,0.27]"
8130,3.1728,0.1300,0.1523,0.000042,"[0.16,0.36,2.11]","[0.47,0.40,0.27]"
8140,3.0605,0.1302,0.1501,0.000042,"[0.16,0.36,2.09]","[0.46,0.39,0.27]"
8150,3.0695,0.1306,0.1436,0.000042,"[0.16,0.36,2.10]","[0.47,0.39,0.27]"
8160,3.1088,0.1302,0.1474,0.000042,"[0.16,0.35,2.10]","[0.46,0.40,0.27]"
8170,3.1010,0.1309,0.1453,0.000042,"[0.17,0.35,2.09]","[0.47,0.40,0.27]"
8180,2.7799,0.1311,0.1443,0.000042,"[0.18,0.34,2.08]","[0.49,0.41,0.27]"
8190,3.2520,0.1313,0.1421,0.000042,"[0.16,0.36,2.10]","[0.48,0.40,0.27]"
8200,3.1737,0.1307,0.1454,0.000042,"[0.16,0.36,2.09]","[0.48,0.42,0.27]"
8210,3.3230,0.1295,0.1525,0.000042,"[0.16,0.36,2.09]","[0.46,0.41,0.27]"
8220,3.0806,0.1306,0.1461,0.000042,"[0.17,0.36,2.09]","[0.48,0.40,0.27]"
8230,3.0295,0.1307,0.1471,0.000042,"[0.17,0.35,2.09]","[0.49,0.39,0.27]"
8240,3.1228,0.1294,0.1496,0.000042,"[0.16,0.35,2.09]","[0.47,0.40,0.27]"
8250,2.9470,0.1293,0.1516,0.000042,"[0.17,0.35,2.09]","[0.47,0.40,0.27]"
8260,3.0086,0.1298,0.1437,0.000042,"[0.17,0.36,2.09]","[0.48,0.40,0.27]"
8270,3.1709,0.1306,0.1391,0.000041,"[0.17,0.35,2.09]","[0.47,0.40,0.27]"
8280,2.8914,0.1296,0.1454,0.000041,"[0.17,0.36,2.09]","[0.48,0.41,0.27]"
8290,3.1599,0.1294,0.1460,0.000041,"[0.16,0.36,2.09]","[0.47,0.40,0.27]"
8300,3.2498,0.1281,0.1556,0.000041,"[0.16,0.36,2.09]","[0.47,0.40,0.27]"
8310,3.2337,0.1293,0.1522,0.000041,"[0.16,0.36,2.08]","[0.47,0.41,0.27]"
8320,3.2933,0.1303,0.1428,0.000041,"[0.16,0.36,2.09]","[0.47,0.39,0.27]"
8330,2.9720,0.1303,0.1447,0.000041,"[0.17,0.36,2.08]","[0.49,0.41,0.27]"
8340,3.2075,0.1303,0.1421,0.000041,"[0.17,0.36,2.08]","[0.48,0.40,0.27]"
8350,2.9021,0.1310,0.1378,0.000041,"[0.16,0.36,2.07]","[0.48,0.40,0.26]"
8360,3.3309,0.1292,0.1457,0.000041,"[0.17,0.36,2.08]","[0.48,0.41,0.27]"
8370,3.1615,0.1283,0.1516,0.000041,"[0.16,0.35,2.07]","[0.46,0.39,0.27]"
8380,3.0895,0.1291,0.1497,0.000041,"[0.17,0.36,2.08]","[0.48,0.40,0.27]"
8390,3.1268,0.1281,0.1528,0.000041,"[0.16,0.36,2.09]","[0.46,0.39,0.27]"
8400,3.0344,0.1300,0.1409,0.000041,"[0.17,0.36,2.08]","[0.46,0.41,0.27]"
8410,2.8432,0.1301,0.1438,0.000041,"[0.17,0.36,2.08]","[0.48,0.41,0.27]"
8420,2.9650,0.1301,0.1429,0.000041,"[0.17,0.36,2.08]","[0.48,0.40,0.27]"
8430,2.9016,0.1295,0.1446,0.000041,"[0.17,0.36,2.08]","[0.47,0.40,0.27]"
8440,3.0723,0.1282,0.1491,0.000041,"[0.16,0.35,2.08]","[0.49,0.40,0.27]"
8450,3.2466,0.1278,0.1514,0.000041,"[0.16,0.36,2.08]","[0.48,0.40,0.27]"
8460,3.0594,0.1265,0.1570,0.000041,"[0.17,0.36,2.08]","[0.48,0.41,0.27]"
8470,2.9136,0.1283,0.1456,0.000041,"[0.17,0.36,2.08]","[0.48,0.41,0.27]"
8480,2.7482,0.1285,0.1427,0.000041,"[0.18,0.35,2.08]","[0.50,0.42,0.27]"
8490,3.1519,0.1290,0.1401,0.000041,"[0.17,0.36,2.09]","[0.47,0.39,0.27]"
8500,3.1176,0.1290,0.1369,0.000041,"[0.16,0.36,2.08]","[0.47,0.40,0.27]"
8510,3.0024,0.1280,0.1432,0.000040,"[0.17,0.36,2.08]","[0.49,0.40,0.27]"
8520,3.0994,0.1271,0.1485,0.000040,"[0.17,0.36,2.08]","[0.48,0.41,0.27]"
8530,3.1611,0.1265,0.1509,0.000040,"[0.16,0.36,2.08]","[0.48,0.40,0.27]"
8540,2.9040,0.1281,0.1459,0.000040,"[0.17,0.35,2.08]","[0.48,0.40,0.27]"
8550,3.1393,0.1277,0.1496,0.000040,"[0.17,0.36,2.07]","[0.47,0.42,0.27]"
8560,3.2462,0.1269,0.1482,0.000040,"[0.16,0.36,2.08]","[0.48,0.40,0.27]"
8570,2.9794,0.1287,0.1405,0.000040,"[0.17,0.35,2.08]","[0.47,0.41,0.27]"
8580,2.9065,0.1289,0.1416,0.000040,"[0.17,0.35,2.07]","[0.48,0.41,0.27]"
8590,3.0754,0.1281,0.1450,0.000040,"[0.17,0.35,2.06]","[0.49,0.41,0.27]"
8600,3.0985,0.1285,0.1433,0.000040,"[0.16,0.36,2.08]","[0.47,0.40,0.27]"
8610,3.1541,0.1282,0.1460,0.000040,"[0.16,0.36,2.07]","[0.47,0.41,0.27]"
8620,3.0614,0.1282,0.1466,0.000040,"[0.17,0.36,2.07]","[0.48,0.41,0.27]"
8630,3.2246,0.1268,0.1489,0.000040,"[0.16,0.36,2.08]","[0.47,0.40,0.27]"
8640,2.9503,0.1273,0.1470,0.000040,"[0.17,0.36,2.07]","[0.48,0.40,0.27]"
8650,2.9540,0.1279,0.1455,0.000040,"[0.17,0.36,2.07]","[0.48,0.42,0.27]"
8660,3.1252,0.1284,0.1418,0.000040,"[0.16,0.36,2.07]","[0.47,0.41,0.27]"
8670,3.3241,0.1271,0.1452,0.000040,"[0.17,0.36,2.08]","[0.47,0.40,0.27]"
8680,2.9425,0.1290,0.1441,0.000040,"[0.17,0.36,2.07]","[0.48,0.41,0.27]"
8690,2.9439,0.1289,0.1477,0.000040,"[0.17,0.35,2.05]","[0.48,0.41,0.27]"
8700,3.2010,0.1277,0.1505,0.000040,"[0.16,0.36,2.07]","[0.47,0.39,0.27]"
8710,3.0077,0.1282,0.1472,0.000040,"[0.17,0.36,2.07]","[0.49,0.40,0.27]"
8720,2.8933,0.1281,0.1503,0.000040,"[0.17,0.35,2.05]","[0.48,0.41,0.27]"
8730,3.1600,0.1288,0.1452,0.000040,"[0.17,0.36,2.07]","[0.48,0.41,0.27]"
8740,3.0088,0.1293,0.1437,0.000040,"[0.17,0.35,2.06]","[0.48,0.41,0.27]"
8750,2.9815,0.1291,0.1433,0.000039,"[0.17,0.36,2.06]","[0.48,0.40,0.27]"
8760,2.9977,0.1285,0.1459,0.000039,"[0.16,0.36,2.07]","[0.47,0.40,0.27]"
8770,3.0682,0.1279,0.1490,0.000039,"[0.17,0.36,2.07]","[0.48,0.40,0.27]"
8780,3.1550,0.1289,0.1416,0.000039,"[0.17,0.36,2.07]","[0.47,0.41,0.27]"
8790,3.2196,0.1281,0.1470,0.000039,"[0.17,0.36,2.07]","[0.48,0.41,0.27]"
8800,3.4786,0.1277,0.1427,0.000039,"[0.16,0.36,2.07]","[0.47,0.41,0.27]"
8810,3.0039,0.1276,0.1431,0.000039,"[0.16,0.36,2.08]","[0.47,0.38,0.27]"
8820,3.1758,0.1275,0.1443,0.000039,"[0.16,0.36,2.06]","[0.48,0.41,0.27]"
8830,3.0931,0.1271,0.1463,0.000039,"[0.16,0.36,2.07]","[0.48,0.39,0.27]"
8840,3.2164,0.1275,0.1434,0.000039,"[0.17,0.36,2.06]","[0.47,0.40,0.27]"
8850,3.1373,0.1268,0.1446,0.000039,"[0.17,0.36,2.07]","[0.48,0.41,0.27]"
8860,2.9852,0.1273,0.1438,0.000039,"[0.17,0.35,2.06]","[0.48,0.41,0.27]"
8870,3.2761,0.1260,0.1471,0.000039,"[0.16,0.36,2.06]","[0.48,0.40,0.27]"
8880,3.1720,0.1270,0.1437,0.000039,"[0.17,0.35,2.06]","[0.47,0.40,0.27]"
8890,3.0829,0.1269,0.1425,0.000039,"[0.16,0.36,2.07]","[0.47,0.39,0.27]"
8900,3.2407,0.1279,0.1391,0.000039,"[0.16,0.36,2.05]","[0.47,0.40,0.27]"
8910,3.1986,0.1264,0.1478,0.000039,"[0.16,0.36,2.07]","[0.48,0.39,0.27]"
8920,3.1618,0.1264,0.1467,0.000039,"[0.16,0.36,2.06]","[0.47,0.40,0.27]"
8930,3.0553,0.1261,0.1482,0.000039,"[0.17,0.35,2.06]","[0.48,0.41,0.27]"
8940,3.0014,0.1261,0.1455,0.000039,"[0.17,0.36,2.06]","[0.49,0.41,0.27]"
8950,3.0588,0.1263,0.1427,0.000039,"[0.16,0.36,2.07]","[0.46,0.38,0.27]"
8960,3.3025,0.1265,0.1432,0.000039,"[0.17,0.36,2.06]","[0.47,0.40,0.27]"
8970,3.0790,0.1259,0.1497,0.000039,"[0.16,0.36,2.06]","[0.48,0.40,0.27]"
8980,3.0444,0.1258,0.1535,0.000038,"[0.17,0.36,2.05]","[0.48,0.41,0.27]"
8990,3.0858,0.1253,0.1502,0.000038,"[0.15,0.36,2.06]","[0.47,0.40,0.27]"
9000,3.1030,0.1272,0.1402,0.000038,"[0.16,0.36,2.06]","[0.47,0.41,0.27]"
9010,3.0564,0.1275,0.1414,0.000038,"[0.17,0.35,2.05]","[0.47,0.40,0.27]"
9020,3.1117,0.1262,0.1462,0.000038,"[0.16,0.36,2.05]","[0.49,0.41,0.27]"
9030,2.8890,0.1254,0.1508,0.000038,"[0.17,0.35,2.05]","[0.48,0.41,0.27]"
9040,3.2916,0.1251,0.1487,0.000038,"[0.17,0.36,2.06]","[0.48,0.41,0.27]"
9050,2.9652,0.1262,0.1417,0.000038,"[0.17,0.36,2.05]","[0.47,0.42,0.27]"
9060,3.0094,0.1248,0.1449,0.000038,"[0.17,0.36,2.05]","[0.47,0.41,0.27]"
9070,3.2187,0.1256,0.1450,0.000038,"[0.17,0.36,2.05]","[0.47,0.40,0.27]"
9080,3.3064,0.1261,0.1431,0.000038,"[0.17,0.36,2.06]","[0.48,0.40,0.27]"
9090,3.1160,0.1254,0.1448,0.000038,"[0.16,0.36,2.05]","[0.48,0.40,0.27]"
9100,3.0449,0.1254,0.1421,0.000038,"[0.17,0.36,2.05]","[0.48,0.40,0.27]"
9110,3.0628,0.1254,0.1447,0.000038,"[0.17,0.35,2.04]","[0.48,0.40,0.27]"
9120,3.2836,0.1249,0.1444,0.000038,"[0.16,0.35,2.06]","[0.47,0.40,0.27]"
9130,3.2915,0.1253,0.1456,0.000038,"[0.16,0.36,2.06]","[0.47,0.40,0.27]"
9140,3.0177,0.1260,0.1442,0.000038,"[0.16,0.36,2.05]","[0.47,0.41,0.27]"
9150,2.7138,0.1259,0.1442,0.000038,"[0.17,0.35,2.04]","[0.49,0.41,0.27]"
9160,3.1011,0.1265,0.1431,0.000038,"[0.17,0.36,2.05]","[0.47,0.40,0.27]"
9170,3.1922,0.1257,0.1457,0.000038,"[0.16,0.36,2.06]","[0.47,0.40,0.27]"
9180,3.0003,0.1253,0.1464,0.000038,"[0.17,0.36,2.05]","[0.49,0.40,0.27]"
9190,3.1441,0.1253,0.1488,0.000038,"[0.17,0.36,2.05]","[0.48,0.42,0.27]"
9200,3.2467,0.1254,0.1451,0.000038,"[0.16,0.36,2.05]","[0.48,0.40,0.27]"
9210,2.8914,0.1251,0.1452,0.000038,"[0.18,0.35,2.05]","[0.48,0.41,0.27]"
9220,3.1685,0.1248,0.1464,0.000037,"[0.17,0.36,2.06]","[0.48,0.42,0.27]"
9230,3.3083,0.1245,0.1465,0.000037,"[0.16,0.36,2.07]","[0.47,0.40,0.27]"
9240,3.2127,0.1250,0.1438,0.000037,"[0.17,0.35,2.05]","[0.47,0.40,0.27]"
9250,3.0389,0.1242,0.1500,0.000037,"[0.16,0.36,2.05]","[0.48,0.39,0.27]"
9260,3.2405,0.1238,0.1497,0.000037,"[0.16,0.36,2.05]","[0.46,0.41,0.27]"
9270,2.9545,0.1251,0.1463,0.000037,"[0.18,0.35,2.04]","[0.49,0.42,0.27]"
9280,3.0114,0.1241,0.1487,0.000037,"[0.16,0.36,2.05]","[0.47,0.40,0.27]"
9290,3.0157,0.1248,0.1458,0.000037,"[0.16,0.36,2.04]","[0.47,0.41,0.27]"
9300,3.3848,0.1241,0.1452,0.000037,"[0.16,0.36,2.05]","[0.47,0.40,0.27]"
9310,3.0386,0.1233,0.1507,0.000037,"[0.16,0.36,2.05]","[0.47,0.40,0.27]"
9320,3.0211,0.1240,0.1486,0.000037,"[0.17,0.36,2.04]","[0.47,0.41,0.27]"
9330,3.1058,0.1257,0.1414,0.000037,"[0.17,0.36,2.04]","[0.48,0.41,0.27]"
9340,3.2403,0.1244,0.1457,0.000037,"[0.16,0.36,2.04]","[0.46,0.40,0.27]"
9350,3.2699,0.1245,0.1465,0.000037,"[0.17,0.36,2.04]","[0.47,0.40,0.27]"
9360,2.7803,0.1262,0.1444,0.000037,"[0.17,0.36,2.02]","[0.48,0.41,0.27]"
9370,3.0199,0.1261,0.1410,0.000037,"[0.16,0.35,2.03]","[0.46,0.41,0.27]"
9380,2.8973,0.1268,0.1392,0.000037,"[0.18,0.35,2.03]","[0.49,0.41,0.27]"
9390,3.0823,0.1254,0.1413,0.000037,"[0.17,0.36,2.03]","[0.48,0.40,0.27]"
9400,3.1537,0.1250,0.1444,0.000037,"[0.17,0.35,2.02]","[0.49,0.41,0.27]"
9410,2.8889,0.1254,0.1449,0.000037,"[0.18,0.35,2.02]","[0.50,0.42,0.27]"
9420,3.0606,0.1242,0.1463,0.000037,"[0.18,0.35,2.03]","[0.48,0.40,0.27]"
9430,3.1101,0.1260,0.1413,0.000037,"[0.16,0.36,2.04]","[0.47,0.40,0.27]"
9440,2.9918,0.1258,0.1442,0.000037,"[0.17,0.35,2.02]","[0.47,0.42,0.27]"
9450,3.0564,0.1268,0.1418,0.000036,"[0.17,0.36,2.03]","[0.48,0.40,0.27]"
9460,3.0235,0.1266,0.1437,0.000036,"[0.17,0.36,2.02]","[0.47,0.41,0.27]"
9470,3.0381,0.1263,0.1417,0.000036,"[0.17,0.36,2.02]","[0.48,0.40,0.27]"
9480,3.0171,0.1247,0.1484,0.000036,"[0.17,0.36,2.03]","[0.47,0.40,0.27]"
9490,3.1336,0.1240,0.1513,0.000036,"[0.16,0.36,2.01]","[0.46,0.40,0.27]"
9500,3.2509,0.1242,0.1513,0.000036,"[0.16,0.36,2.01]","[0.47,0.39,0.27]"
9510,2.9371,0.1258,0.1370,0.000036,"[0.16,0.36,2.01]","[0.47,0.40,0.26]"
9520,3.0217,0.1259,0.1418,0.000036,"[0.17,0.36,2.02]","[0.49,0.41,0.27]"
9530,3.3023,0.1240,0.1501,0.000036,"[0.16,0.36,2.02]","[0.48,0.40,0.27]"
9540,3.1166,0.1255,0.1425,0.000036,"[0.17,0.35,2.02]","[0.47,0.40,0.27]"
9550,2.9967,0.1253,0.1373,0.000036,"[0.16,0.36,2.01]","[0.46,0.40,0.26]"
9560,3.2218,0.1246,0.1396,0.000036,"[0.16,0.35,2.01]","[0.47,0.41,0.27]"
9570,3.2293,0.1243,0.1422,0.000036,"[0.17,0.35,2.01]","[0.48,0.41,0.27]"
9580,2.9860,0.1246,0.1435,0.000036,"[0.17,0.35,2.02]","[0.47,0.41,0.27]"
9590,3.1572,0.1241,0.1469,0.000036,"[0.17,0.36,2.01]","[0.47,0.40,0.27]"
9600,3.0318,0.1251,0.1425,0.000036,"[0.17,0.35,2.01]","[0.48,0.41,0.27]"
9610,3.0886,0.1249,0.1454,0.000036,"[0.17,0.35,2.01]","[0.48,0.41,0.27]"
9620,3.3053,0.1249,0.1402,0.000036,"[0.17,0.37,2.01]","[0.48,0.40,0.27]"
9630,3.1007,0.1248,0.1455,0.000036,"[0.17,0.35,2.01]","[0.47,0.40,0.27]"
9640,2.9989,0.1259,0.1399,0.000036,"[0.17,0.36,2.00]","[0.48,0.40,0.27]"
9650,3.0853,0.1246,0.1456,0.000036,"[0.17,0.36,2.00]","[0.49,0.40,0.27]"
9660,3.1556,0.1236,0.1514,0.000036,"[0.17,0.36,2.01]","[0.47,0.39,0.27]"
9670,3.1064,0.1239,0.1481,0.000036,"[0.17,0.36,2.00]","[0.47,0.41,0.27]"
9680,2.8670,0.1246,0.1464,0.000035,"[0.16,0.35,2.00]","[0.48,0.41,0.27]"
9690,3.1149,0.1248,0.1455,0.000035,"[0.17,0.36,2.01]","[0.47,0.40,0.27]"
9700,2.9976,0.1241,0.1455,0.000035,"[0.17,0.35,2.01]","[0.48,0.40,0.27]"
9710,2.9327,0.1256,0.1439,0.000035,"[0.17,0.35,2.00]","[0.48,0.39,0.27]"
9720,3.0150,0.1243,0.1452,0.000035,"[0.17,0.35,2.00]","[0.47,0.40,0.27]"
9730,3.0045,0.1255,0.1431,0.000035,"[0.17,0.35,2.00]","[0.48,0.40,0.27]"
9740,2.7761,0.1239,0.1479,0.000035,"[0.17,0.36,2.00]","[0.48,0.39,0.27]"
9750,3.2317,0.1244,0.1467,0.000035,"[0.16,0.36,2.00]","[0.47,0.40,0.27]"
9760,2.8236,0.1242,0.1464,0.000035,"[0.17,0.36,2.00]","[0.48,0.41,0.27]"
9770,2.8715,0.1245,0.1452,0.000035,"[0.17,0.35,2.00]","[0.48,0.41,0.27]"
9780,2.9909,0.1249,0.1416,0.000035,"[0.18,0.35,2.00]","[0.47,0.41,0.27]"
9790,3.1136,0.1242,0.1474,0.000035,"[0.17,0.35,2.00]","[0.48,0.40,0.27]"
9800,3.2636,0.1232,0.1492,0.000035,"[0.16,0.36,2.01]","[0.46,0.39,0.27]"
9810,3.0465,0.1252,0.1446,0.000035,"[0.18,0.36,2.00]","[0.47,0.39,0.27]"
9820,3.1849,0.1247,0.1441,0.000035,"[0.17,0.35,2.00]","[0.47,0.40,0.27]"
9830,2.9392,0.1247,0.1449,0.000035,"[0.17,0.36,2.00]","[0.48,0.41,0.27]"
9840,3.1349,0.1244,0.1460,0.000035,"[0.16,0.36,2.00]","[0.47,0.40,0.27]"
9850,3.1408,0.1239,0.1478,0.000035,"[0.16,0.36,2.00]","[0.47,0.40,0.27]"
9860,3.0136,0.1240,0.1453,0.000035,"[0.17,0.36,2.01]","[0.47,0.40,0.27]"
9870,3.2060,0.1244,0.1447,0.000035,"[0.17,0.36,2.00]","[0.48,0.39,0.27]"
9880,2.9773,0.1232,0.1485,0.000035,"[0.16,0.36,2.00]","[0.48,0.40,0.27]"
9890,3.2213,0.1242,0.1475,0.000035,"[0.16,0.35,1.98]","[0.47,0.40,0.27]"
9900,2.9104,0.1247,0.1422,0.000035,"[0.17,0.36,2.00]","[0.48,0.41,0.27]"
9910,3.2627,0.1239,0.1438,0.000034,"[0.16,0.36,2.00]","[0.48,0.40,0.27]"
9920,3.0022,0.1240,0.1437,0.000034,"[0.17,0.36,2.00]","[0.48,0.40,0.27]"
9930,3.1959,0.1237,0.1488,0.000034,"[0.17,0.36,1.99]","[0.47,0.40,0.27]"
9940,2.9728,0.1249,0.1423,0.000034,"[0.16,0.36,1.99]","[0.48,0.39,0.27]"
9950,3.1227,0.1226,0.1487,0.000034,"[0.16,0.36,2.00]","[0.47,0.40,0.27]"
9960,3.0486,0.1239,0.1446,0.000034,"[0.16,0.35,1.99]","[0.47,0.41,0.27]"
9970,2.9708,0.1243,0.1438,0.000034,"[0.17,0.36,2.00]","[0.48,0.41,0.27]"
9980,2.7819,0.1246,0.1419,0.000034,"[0.18,0.35,2.00]","[0.49,0.41,0.27]"
9990,3.0978,0.1233,0.1461,0.000034,"[0.17,0.36,2.01]","[0.48,0.41,0.27]"
10000,2.9145,0.1255,0.1401,0.000034,"[0.17,0.35,1.99]","[0.49,0.41,0.27]"
10010,3.0731,0.1247,0.1426,0.000034,"[0.16,0.36,2.00]","[0.46,0.40,0.27]"
10020,3.0641,0.1259,0.1438,0.000034,"[0.16,0.36,1.99]","[0.47,0.39,0.27]"
10030,2.9549,0.1262,0.1450,0.000034,"[0.16,0.36,1.99]","[0.48,0.40,0.27]"
10040,3.1145,0.1252,0.1451,0.000034,"[0.17,0.35,1.98]","[0.48,0.39,0.27]"
10050,2.8796,0.1265,0.1389,0.000034,"[0.16,0.35,1.99]","[0.46,0.39,0.27]"
10060,2.9452,0.1265,0.1434,0.000034,"[0.17,0.36,1.99]","[0.48,0.40,0.27]"
10070,3.1958,0.1262,0.1424,0.000034,"[0.16,0.36,1.99]","[0.47,0.40,0.27]"
10080,3.0936,0.1266,0.1446,0.000034,"[0.16,0.36,1.98]","[0.47,0.41,0.27]"
10090,3.2658,0.1257,0.1414,0.000034,"[0.17,0.36,1.97]","[0.47,0.40,0.27]"
10100,3.0868,0.1254,0.1416,0.000034,"[0.17,0.36,1.95]","[0.47,0.40,0.27]"
10110,3.1552,0.1240,0.1455,0.000034,"[0.17,0.36,1.93]","[0.48,0.41,0.27]"
10120,3.3268,0.1244,0.1440,0.000034,"[0.16,0.37,1.94]","[0.47,0.42,0.27]"
10130,2.9817,0.1234,0.1479,0.000034,"[0.16,0.35,1.93]","[0.46,0.40,0.27]"
10140,2.9665,0.1245,0.1422,0.000033,"[0.18,0.35,1.93]","[0.48,0.41,0.27]"
10150,2.9597,0.1251,0.1384,0.000033,"[0.17,0.36,1.94]","[0.49,0.40,0.26]"
10160,3.1162,0.1243,0.1399,0.000033,"[0.17,0.36,1.95]","[0.47,0.41,0.27]"
10170,2.9988,0.1244,0.1427,0.000033,"[0.16,0.36,1.94]","[0.48,0.40,0.27]"
10180,3.2618,0.1237,0.1431,0.000033,"[0.17,0.36,1.93]","[0.47,0.40,0.27]"
10190,2.9632,0.1238,0.1390,0.000033,"[0.17,0.35,1.93]","[0.46,0.39,0.27]"
10200,3.1124,0.1248,0.1368,0.000033,"[0.16,0.36,1.93]","[0.47,0.40,0.26]"
10210,3.0901,0.1241,0.1390,0.000033,"[0.17,0.36,1.94]","[0.46,0.41,0.27]"
10220,2.9539,0.1239,0.1407,0.000033,"[0.16,0.35,1.94]","[0.47,0.40,0.27]"
10230,3.1819,0.1229,0.1454,0.000033,"[0.16,0.36,1.95]","[0.47,0.40,0.27]"
10240,3.0633,0.1235,0.1411,0.000033,"[0.16,0.36,1.95]","[0.47,0.40,0.27]"
10250,3.2640,0.1224,0.1442,0.000033,"[0.17,0.36,1.94]","[0.49,0.42,0.27]"
10260,3.3316,0.1236,0.1385,0.000033,"[0.17,0.36,1.94]","[0.48,0.40,0.27]"
10270,2.7345,0.1239,0.1362,0.000033,"[0.17,0.35,1.94]","[0.48,0.40,0.26]"
10280,3.1107,0.1237,0.1390,0.000033,"[0.17,0.35,1.93]","[0.47,0.40,0.27]"
10290,3.1035,0.1232,0.1422,0.000033,"[0.16,0.36,1.94]","[0.48,0.41,0.27]"
10300,3.1630,0.1233,0.1388,0.000033,"[0.17,0.36,1.94]","[0.47,0.40,0.26]"
10310,3.0908,0.1219,0.1474,0.000033,"[0.16,0.36,1.95]","[0.47,0.41,0.27]"
10320,2.9541,0.1224,0.1453,0.000033,"[0.17,0.36,1.94]","[0.47,0.41,0.27]"
10330,3.1880,0.1222,0.1441,0.000033,"[0.17,0.36,1.95]","[0.46,0.41,0.27]"
10340,3.1475,0.1224,0.1433,0.000033,"[0.16,0.36,1.93]","[0.47,0.40,0.27]"
10350,3.1278,0.1235,0.1396,0.000033,"[0.17,0.36,1.94]","[0.48,0.41,0.27]"
10360,2.9894,0.1227,0.1442,0.000033,"[0.18,0.36,1.93]","[0.47,0.41,0.27]"
10370,3.0558,0.1236,0.1388,0.000032,"[0.17,0.36,1.93]","[0.48,0.40,0.27]"
10380,3.1233,0.1224,0.1467,0.000032,"[0.16,0.36,1.93]","[0.48,0.41,0.27]"
10390,2.8662,0.1236,0.1385,0.000032,"[0.17,0.36,1.93]","[0.49,0.41,0.26]"
10400,3.0472,0.1238,0.1387,0.000032,"[0.17,0.36,1.93]","[0.48,0.41,0.27]"
10410,2.8100,0.1233,0.1392,0.000032,"[0.17,0.35,1.92]","[0.48,0.41,0.26]"
10420,2.9692,0.1225,0.1456,0.000032,"[0.16,0.36,1.93]","[0.47,0.39,0.27]"
10430,3.0567,0.1224,0.1469,0.000032,"[0.16,0.36,1.93]","[0.48,0.39,0.27]"
10440,3.3802,0.1232,0.1422,0.000032,"[0.16,0.36,1.93]","[0.47,0.40,0.27]"
10450,2.8618,0.1229,0.1432,0.000032,"[0.17,0.35,1.93]","[0.48,0.39,0.27]"
10460,3.1312,0.1225,0.1440,0.000032,"[0.17,0.35,1.93]","[0.47,0.40,0.27]"
10470,3.0004,0.1225,0.1425,0.000032,"[0.17,0.36,1.94]","[0.48,0.40,0.27]"
10480,3.2173,0.1232,0.1399,0.000032,"[0.16,0.36,1.93]","[0.48,0.39,0.27]"
10490,3.0702,0.1231,0.1386,0.000032,"[0.17,0.36,1.92]","[0.47,0.41,0.26]"
10500,3.2028,0.1233,0.1394,0.000032,"[0.16,0.36,1.92]","[0.46,0.42,0.27]"
10510,3.2747,0.1228,0.1402,0.000032,"[0.16,0.36,1.93]","[0.47,0.40,0.27]"
10520,3.1143,0.1222,0.1418,0.000032,"[0.17,0.35,1.93]","[0.48,0.40,0.27]"
10530,2.9984,0.1225,0.1403,0.000032,"[0.17,0.36,1.93]","[0.48,0.41,0.27]"
10540,3.3130,0.1229,0.1386,0.000032,"[0.16,0.37,1.92]","[0.47,0.40,0.27]"
10550,3.0171,0.1223,0.1416,0.000032,"[0.17,0.36,1.93]","[0.48,0.40,0.27]"
10560,3.0729,0.1219,0.1456,0.000032,"[0.17,0.36,1.93]","[0.49,0.40,0.27]"
10570,3.1759,0.1229,0.1403,0.000032,"[0.16,0.36,1.93]","[0.47,0.40,0.27]"
10580,3.1691,0.1234,0.1361,0.000032,"[0.17,0.36,1.93]","[0.49,0.42,0.26]"
10590,2.8814,0.1220,0.1437,0.000032,"[0.16,0.36,1.94]","[0.47,0.40,0.27]"
10600,3.2139,0.1220,0.1427,0.000031,"[0.16,0.36,1.92]","[0.47,0.40,0.27]"
10610,3.1029,0.1225,0.1389,0.000031,"[0.17,0.36,1.93]","[0.47,0.41,0.26]"
10620,2.9563,0.1223,0.1417,0.000031,"[0.17,0.36,1.91]","[0.47,0.41,0.27]"
10630,3.2494,0.1225,0.1378,0.000031,"[0.17,0.36,1.91]","[0.47,0.41,0.27]"
10640,3.1805,0.1231,0.1358,0.000031,"[0.17,0.36,1.92]","[0.47,0.40,0.26]"
10650,3.1497,0.1214,0.1458,0.000031,"[0.17,0.35,1.92]","[0.48,0.42,0.27]"
10660,2.7943,0.1219,0.1429,0.000031,"[0.17,0.35,1.91]","[0.48,0.41,0.27]"
10670,2.9875,0.1223,0.1401,0.000031,"[0.17,0.35,1.91]","[0.48,0.39,0.27]"
10680,2.6702,0.1230,0.1378,0.000031,"[0.17,0.36,1.91]","[0.49,0.42,0.26]"
10690,2.9264,0.1215,0.1435,0.000031,"[0.17,0.35,1.91]","[0.47,0.39,0.27]"
10700,2.7595,0.1223,0.1405,0.000031,"[0.18,0.36,1.91]","[0.48,0.41,0.27]"
10710,3.1981,0.1212,0.1450,0.000031,"[0.17,0.35,1.91]","[0.48,0.41,0.27]"
10720,2.9654,0.1214,0.1435,0.000031,"[0.17,0.36,1.90]","[0.47,0.39,0.27]"
10730,3.0003,0.1210,0.1473,0.000031,"[0.16,0.36,1.91]","[0.47,0.40,0.27]"
10740,3.1323,0.1218,0.1442,0.000031,"[0.17,0.36,1.91]","[0.48,0.40,0.27]"
10750,3.3615,0.1217,0.1430,0.000031,"[0.16,0.37,1.91]","[0.47,0.40,0.27]"
10760,2.9232,0.1219,0.1412,0.000031,"[0.18,0.35,1.91]","[0.49,0.42,0.27]"
10770,3.2699,0.1226,0.1396,0.000031,"[0.17,0.36,1.91]","[0.47,0.40,0.27]"
10780,3.2665,0.1213,0.1438,0.000031,"[0.16,0.36,1.91]","[0.46,0.40,0.27]"
10790,2.9870,0.1216,0.1413,0.000031,"[0.16,0.36,1.91]","[0.47,0.39,0.27]"
10800,2.8490,0.1210,0.1477,0.000031,"[0.18,0.35,1.90]","[0.49,0.41,0.27]"
10810,3.0457,0.1214,0.1469,0.000031,"[0.17,0.36,1.90]","[0.48,0.42,0.27]"
10820,2.8969,0.1220,0.1413,0.000031,"[0.17,0.36,1.91]","[0.47,0.40,0.27]"
10830,3.0927,0.1225,0.1391,0.000030,"[0.16,0.36,1.92]","[0.48,0.39,0.26]"
10840,2.9209,0.1218,0.1426,0.000030,"[0.17,0.36,1.91]","[0.48,0.40,0.27]"
10850,2.9282,0.1216,0.1411,0.000030,"[0.17,0.36,1.90]","[0.47,0.41,0.27]"
10860,3.2122,0.1215,0.1428,0.000030,"[0.17,0.36,1.91]","[0.48,0.42,0.27]"
10870,2.9808,0.1216,0.1426,0.000030,"[0.17,0.35,1.90]","[0.47,0.39,0.27]"
10880,3.0088,0.1219,0.1416,0.000030,"[0.17,0.36,1.91]","[0.48,0.41,0.27]"
10890,3.1670,0.1213,0.1463,0.000030,"[0.17,0.36,1.90]","[0.47,0.40,0.27]"
10900,3.1626,0.1224,0.1431,0.000030,"[0.17,0.35,1.90]","[0.47,0.41,0.27]"
10910,2.9527,0.1229,0.1400,0.000030,"[0.17,0.36,1.89]","[0.48,0.40,0.27]"
10920,3.2187,0.1217,0.1441,0.000030,"[0.16,0.36,1.90]","[0.47,0.41,0.27]"
10930,3.0909,0.1231,0.1377,0.000030,"[0.16,0.36,1.91]","[0.48,0.39,0.26]"
10940,3.1769,0.1221,0.1407,0.000030,"[0.16,0.36,1.91]","[0.47,0.40,0.27]"
10950,3.0033,0.1221,0.1401,0.000030,"[0.17,0.35,1.89]","[0.48,0.40,0.27]"
10960,2.9871,0.1216,0.1409,0.000030,"[0.17,0.35,1.89]","[0.48,0.40,0.27]"
10970,2.7337,0.1221,0.1394,0.000030,"[0.17,0.36,1.90]","[0.48,0.40,0.27]"
10980,3.0131,0.1222,0.1365,0.000030,"[0.17,0.36,1.90]","[0.48,0.41,0.26]"
10990,3.0360,0.1219,0.1398,0.000030,"[0.17,0.36,1.90]","[0.47,0.41,0.27]"
11000,2.9546,0.1227,0.1354,0.000030,"[0.17,0.36,1.90]","[0.48,0.40,0.26]"
11010,2.8971,0.1222,0.1367,0.000030,"[0.17,0.36,1.90]","[0.48,0.41,0.26]"
11020,3.0208,0.1220,0.1394,0.000030,"[0.16,0.36,1.89]","[0.46,0.41,0.27]"
11030,3.0924,0.1222,0.1394,0.000030,"[0.17,0.36,1.89]","[0.47,0.40,0.27]"
11040,2.8810,0.1213,0.1448,0.000030,"[0.18,0.35,1.89]","[0.49,0.41,0.27]"
11050,2.9903,0.1221,0.1386,0.000030,"[0.17,0.36,1.89]","[0.48,0.40,0.27]"
11060,3.0777,0.1213,0.1423,0.000029,"[0.17,0.36,1.90]","[0.48,0.40,0.27]"
11070,2.8753,0.1215,0.1406,0.000029,"[0.18,0.35,1.89]","[0.48,0.40,0.27]"
11080,3.1580,0.1220,0.1385,0.000029,"[0.17,0.36,1.89]","[0.48,0.40,0.27]"
11090,3.1522,0.1220,0.1390,0.000029,"[0.18,0.35,1.89]","[0.49,0.41,0.27]"
11100,3.1247,0.1205,0.1451,0.000029,"[0.16,0.36,1.90]","[0.47,0.41,0.27]"
11110,3.0170,0.1207,0.1444,0.000029,"[0.17,0.36,1.89]","[0.48,0.41,0.27]"
11120,3.1832,0.1210,0.1426,0.000029,"[0.17,0.36,1.89]","[0.47,0.40,0.27]"
11130,3.3092,0.1211,0.1417,0.000029,"[0.16,0.36,1.89]","[0.47,0.39,0.27]"
11140,3.0644,0.1218,0.1394,0.000029,"[0.17,0.36,1.90]","[0.47,0.40,0.27]"
11150,3.2394,0.1228,0.1351,0.000029,"[0.17,0.36,1.89]","[0.48,0.41,0.26]"
11160,2.9606,0.1215,0.1396,0.000029,"[0.17,0.36,1.88]","[0.48,0.41,0.27]"
11170,3.1547,0.1207,0.1459,0.000029,"[0.16,0.36,1.89]","[0.48,0.41,0.27]"
11180,3.2108,0.1219,0.1373,0.000029,"[0.17,0.36,1.89]","[0.48,0.39,0.26]"
11190,3.5139,0.1213,0.1409,0.000029,"[0.17,0.36,1.89]","[0.47,0.41,0.27]"
11200,3.0339,0.1216,0.1387,0.000029,"[0.17,0.36,1.89]","[0.47,0.40,0.26]"
11210,3.1224,0.1210,0.1401,0.000029,"[0.17,0.36,1.89]","[0.47,0.39,0.26]"
11220,3.1019,0.1214,0.1399,0.000029,"[0.16,0.36,1.88]","[0.48,0.40,0.27]"
11230,2.9113,0.1210,0.1430,0.000029,"[0.17,0.35,1.89]","[0.47,0.40,0.27]"
11240,3.0121,0.1209,0.1429,0.000029,"[0.17,0.36,1.89]","[0.47,0.40,0.27]"
11250,3.0572,0.1208,0.1435,0.000029,"[0.16,0.36,1.90]","[0.46,0.39,0.27]"
11260,3.1084,0.1213,0.1386,0.000029,"[0.16,0.36,1.90]","[0.47,0.41,0.26]"
11270,3.1070,0.1209,0.1393,0.000029,"[0.17,0.36,1.89]","[0.47,0.41,0.27]"
11280,3.0461,0.1204,0.1412,0.000029,"[0.17,0.35,1.89]","[0.48,0.41,0.27]"
11290,3.1618,0.1202,0.1416,0.000029,"[0.16,0.36,1.90]","[0.48,0.41,0.27]"
11300,2.9518,0.1207,0.1386,0.000028,"[0.17,0.36,1.89]","[0.48,0.40,0.26]"
11310,3.1689,0.1196,0.1446,0.000028,"[0.17,0.35,1.90]","[0.47,0.40,0.27]"
11320,2.7924,0.1202,0.1389,0.000028,"[0.17,0.36,1.89]","[0.49,0.42,0.26]"
11330,3.0387,0.1196,0.1414,0.000028,"[0.16,0.36,1.90]","[0.48,0.41,0.27]"
11340,2.6459,0.1197,0.1415,0.000028,"[0.18,0.35,1.88]","[0.49,0.41,0.27]"
11350,3.1972,0.1189,0.1459,0.000028,"[0.17,0.36,1.89]","[0.49,0.40,0.27]"
11360,3.1365,0.1194,0.1435,0.000028,"[0.17,0.35,1.89]","[0.48,0.41,0.27]"
11370,3.1736,0.1195,0.1409,0.000028,"[0.16,0.36,1.89]","[0.47,0.39,0.27]"
11380,3.0877,0.1190,0.1432,0.000028,"[0.17,0.36,1.90]","[0.47,0.40,0.27]"
11390,3.0678,0.1199,0.1386,0.000028,"[0.17,0.36,1.90]","[0.48,0.40,0.26]"
11400,3.1294,0.1196,0.1401,0.000028,"[0.17,0.36,1.89]","[0.47,0.40,0.26]"
11410,2.9059,0.1198,0.1385,0.000028,"[0.16,0.36,1.88]","[0.48,0.39,0.27]"
11420,3.3460,0.1196,0.1404,0.000028,"[0.16,0.36,1.89]","[0.48,0.40,0.27]"
11430,3.1677,0.1197,0.1402,0.000028,"[0.16,0.36,1.89]","[0.47,0.39,0.27]"
11440,3.2703,0.1182,0.1456,0.000028,"[0.16,0.36,1.89]","[0.47,0.39,0.27]"
11450,3.1146,0.1200,0.1368,0.000028,"[0.17,0.36,1.89]","[0.47,0.41,0.26]"
11460,3.0443,0.1193,0.1400,0.000028,"[0.16,0.36,1.89]","[0.47,0.40,0.27]"
11470,2.8482,0.1189,0.1398,0.000028,"[0.17,0.35,1.88]","[0.48,0.40,0.27]"
11480,2.9542,0.1193,0.1384,0.000028,"[0.18,0.35,1.88]","[0.48,0.41,0.26]"
11490,2.9514,0.1192,0.1396,0.000028,"[0.17,0.36,1.89]","[0.48,0.39,0.26]"
11500,3.0641,0.1192,0.1409,0.000028,"[0.16,0.36,1.89]","[0.47,0.40,0.26]"
11510,3.0586,0.1197,0.1375,0.000028,"[0.17,0.36,1.89]","[0.48,0.40,0.26]"
11520,3.1168,0.1181,0.1450,0.000028,"[0.17,0.36,1.89]","[0.48,0.42,0.27]"
11530,3.0735,0.1190,0.1399,0.000027,"[0.17,0.36,1.89]","[0.49,0.40,0.27]"
11540,2.8579,0.1187,0.1411,0.000027,"[0.17,0.35,1.88]","[0.49,0.42,0.27]"
11550,2.9470,0.1186,0.1407,0.000027,"[0.16,0.35,1.88]","[0.47,0.39,0.27]"
11560,3.3054,0.1194,0.1380,0.000027,"[0.17,0.36,1.89]","[0.48,0.40,0.26]"
11570,3.0915,0.1198,0.1384,0.000027,"[0.17,0.36,1.88]","[0.48,0.41,0.26]"
11580,2.9444,0.1188,0.1434,0.000027,"[0.16,0.36,1.88]","[0.46,0.39,0.27]"
11590,2.8366,0.1200,0.1364,0.000027,"[0.17,0.36,1.88]","[0.48,0.40,0.26]"
11600,3.0838,0.1184,0.1457,0.000027,"[0.16,0.36,1.88]","[0.47,0.40,0.27]"
11610,3.0680,0.1188,0.1447,0.000027,"[0.16,0.36,1.89]","[0.47,0.41,0.27]"
11620,3.1263,0.1195,0.1400,0.000027,"[0.17,0.36,1.88]","[0.48,0.41,0.27]"
11630,2.9754,0.1201,0.1354,0.000027,"[0.17,0.36,1.87]","[0.47,0.41,0.26]"
11640,3.0836,0.1201,0.1369,0.000027,"[0.17,0.36,1.88]","[0.47,0.42,0.26]"
11650,3.1710,0.1197,0.1402,0.000027,"[0.17,0.35,1.88]","[0.48,0.41,0.27]"
11660,3.1953,0.1194,0.1401,0.000027,"[0.17,0.36,1.87]","[0.48,0.42,0.27]"
11670,3.0771,0.1197,0.1379,0.000027,"[0.17,0.36,1.89]","[0.48,0.41,0.27]"
11680,3.2757,0.1199,0.1380,0.000027,"[0.17,0.36,1.89]","[0.46,0.41,0.26]"
11690,3.0092,0.1187,0.1451,0.000027,"[0.17,0.36,1.88]","[0.48,0.41,0.27]"
11700,3.2882,0.1196,0.1407,0.000027,"[0.16,0.36,1.88]","[0.47,0.39,0.27]"
11710,2.8944,0.1207,0.1355,0.000027,"[0.17,0.35,1.88]","[0.47,0.40,0.26]"
11720,3.1138,0.1180,0.1506,0.000027,"[0.16,0.36,1.88]","[0.48,0.40,0.27]"
11730,2.9758,0.1194,0.1412,0.000027,"[0.17,0.35,1.88]","[0.47,0.39,0.27]"
11740,3.2887,0.1199,0.1390,0.000027,"[0.16,0.36,1.88]","[0.48,0.40,0.26]"
11750,3.1805,0.1206,0.1364,0.000027,"[0.16,0.36,1.88]","[0.46,0.40,0.26]"
11760,3.0583,0.1203,0.1387,0.000027,"[0.17,0.36,1.87]","[0.47,0.41,0.27]"
11770,3.2438,0.1193,0.1418,0.000026,"[0.16,0.36,1.88]","[0.47,0.40,0.27]"
11780,2.8498,0.1194,0.1407,0.000026,"[0.17,0.35,1.87]","[0.47,0.41,0.27]"
11790,3.1638,0.1188,0.1460,0.000026,"[0.16,0.36,1.87]","[0.48,0.40,0.27]"
11800,2.9916,0.1187,0.1423,0.000026,"[0.17,0.35,1.88]","[0.46,0.39,0.27]"
11810,3.0902,0.1193,0.1410,0.000026,"[0.17,0.36,1.88]","[0.47,0.40,0.27]"
11820,3.1662,0.1202,0.1369,0.000026,"[0.16,0.36,1.88]","[0.48,0.40,0.26]"
11830,2.8867,0.1204,0.1347,0.000026,"[0.17,0.36,1.87]","[0.48,0.40,0.26]"
11840,2.9608,0.1194,0.1409,0.000026,"[0.18,0.35,1.87]","[0.48,0.41,0.27]"
11850,3.1143,0.1188,0.1419,0.000026,"[0.16,0.36,1.88]","[0.47,0.40,0.27]"
11860,3.0054,0.1186,0.1421,0.000026,"[0.17,0.36,1.88]","[0.48,0.40,0.27]"
11870,3.1549,0.1194,0.1385,0.000026,"[0.17,0.36,1.88]","[0.48,0.41,0.26]"
11880,2.9138,0.1193,0.1401,0.000026,"[0.17,0.36,1.87]","[0.47,0.40,0.26]"
11890,2.9756,0.1186,0.1430,0.000026,"[0.17,0.35,1.87]","[0.48,0.41,0.27]"
11900,3.1071,0.1186,0.1398,0.000026,"[0.16,0.36,1.87]","[0.46,0.39,0.26]"
11910,3.0328,0.1189,0.1381,0.000026,"[0.17,0.35,1.87]","[0.48,0.40,0.26]"
11920,3.1064,0.1198,0.1365,0.000026,"[0.18,0.36,1.86]","[0.48,0.41,0.26]"
11930,2.8268,0.1183,0.1430,0.000026,"[0.17,0.36,1.87]","[0.47,0.40,0.27]"
11940,3.0244,0.1185,0.1440,0.000026,"[0.16,0.36,1.88]","[0.47,0.40,0.27]"
11950,2.9624,0.1184,0.1448,0.000026,"[0.17,0.36,1.87]","[0.48,0.40,0.27]"
11960,3.0428,0.1190,0.1394,0.000026,"[0.18,0.35,1.87]","[0.48,0.42,0.27]"
11970,3.1156,0.1189,0.1396,0.000026,"[0.17,0.36,1.86]","[0.47,0.40,0.26]"
11980,2.8171,0.1189,0.1400,0.000026,"[0.17,0.35,1.86]","[0.48,0.40,0.27]"
11990,2.8051,0.1189,0.1427,0.000026,"[0.17,0.35,1.87]","[0.49,0.40,0.27]"
12000,3.0795,0.1191,0.1389,0.000025,"[0.16,0.36,1.87]","[0.47,0.39,0.26]"
12410,2.9533,0.1253,0.1395,0.000119,"[0.17,0.36,1.86]","[0.47,0.40,0.26]"
12420,3.2935,0.1130,0.1409,0.000119,"[0.16,0.37,1.90]","[0.46,0.40,0.26]"
12430,3.0660,0.1102,0.1506,0.000119,"[0.17,0.36,1.82]","[0.47,0.42,0.26]"
12440,3.0359,0.1205,0.1409,0.000118,"[0.17,0.35,1.82]","[0.47,0.40,0.26]"
12450,3.2407,0.1237,0.1355,0.000118,"[0.16,0.37,1.84]","[0.47,0.40,0.26]"
12460,2.8725,0.1292,0.1365,0.000118,"[0.18,0.36,1.83]","[0.48,0.41,0.27]"
12470,3.1266,0.1232,0.1303,0.000118,"[0.17,0.36,1.87]","[0.48,0.42,0.26]"
12480,2.8996,0.1196,0.1465,0.000118,"[0.17,0.36,1.88]","[0.48,0.42,0.26]"
12490,3.2786,0.1232,0.1525,0.000117,"[0.16,0.36,1.87]","[0.47,0.40,0.27]"
12500,3.1913,0.1346,0.1429,0.000117,"[0.16,0.36,1.84]","[0.47,0.40,0.27]"
12510,3.0030,0.1278,0.1519,0.000117,"[0.17,0.35,1.86]","[0.46,0.40,0.27]"
12520,3.1262,0.1285,0.1381,0.000117,"[0.17,0.35,1.87]","[0.48,0.41,0.27]"
12530,3.0421,0.1249,0.1319,0.000117,"[0.17,0.36,1.88]","[0.47,0.40,0.26]"
12540,3.1011,0.1211,0.1406,0.000116,"[0.16,0.36,1.89]","[0.46,0.42,0.27]"
12550,2.9235,0.1223,0.1367,0.000116,"[0.17,0.35,1.88]","[0.48,0.41,0.26]"
12560,3.1847,0.1226,0.1521,0.000116,"[0.16,0.37,1.84]","[0.47,0.40,0.27]"
12570,3.0163,0.1258,0.1401,0.000116,"[0.17,0.36,1.84]","[0.48,0.39,0.27]"
12580,3.0396,0.1212,0.1455,0.000116,"[0.16,0.36,1.87]","[0.47,0.40,0.27]"
12590,2.9352,0.1193,0.1330,0.000115,"[0.17,0.36,1.87]","[0.48,0.39,0.26]"
12600,3.2275,0.1178,0.1237,0.000115,"[0.16,0.36,1.89]","[0.46,0.39,0.26]"
12610,3.0649,0.1155,0.1307,0.000115,"[0.17,0.36,1.89]","[0.48,0.41,0.26]"
12620,2.7654,0.1130,0.1414,0.000115,"[0.16,0.36,1.91]","[0.47,0.40,0.27]"
12630,3.1519,0.1196,0.1326,0.000115,"[0.17,0.36,1.89]","[0.47,0.40,0.26]"
12640,3.0982,0.1194,0.1413,0.000114,"[0.16,0.36,1.90]","[0.47,0.39,0.27]"
12650,2.9263,0.1161,0.1518,0.000114,"[0.17,0.36,1.91]","[0.48,0.40,0.27]"
12660,2.9964,0.1194,0.1461,0.000114,"[0.17,0.36,1.94]","[0.46,0.41,0.27]"
12670,3.1505,0.1136,0.1439,0.000114,"[0.16,0.36,1.97]","[0.46,0.40,0.27]"
12680,2.9225,0.1121,0.1591,0.000114,"[0.16,0.36,1.96]","[0.47,0.42,0.27]"
12690,3.1891,0.1094,0.1337,0.000113,"[0.16,0.36,1.95]","[0.46,0.41,0.26]"
12700,3.1662,0.1072,0.1440,0.000113,"[0.16,0.36,1.94]","[0.47,0.39,0.26]"
12710,3.0708,0.1118,0.1224,0.000113,"[0.18,0.35,1.96]","[0.48,0.40,0.26]"
12720,2.9495,0.1084,0.1286,0.000113,"[0.16,0.35,1.98]","[0.48,0.39,0.26]"
12730,2.8941,0.1061,0.1356,0.000113,"[0.17,0.36,1.98]","[0.47,0.38,0.26]"
12740,2.9298,0.1093,0.1385,0.000112,"[0.17,0.35,2.00]","[0.47,0.40,0.26]"
12750,2.9999,0.1087,0.1303,0.000112,"[0.17,0.35,2.00]","[0.48,0.40,0.26]"
12760,3.2199,0.1074,0.1316,0.000112,"[0.16,0.37,1.96]","[0.47,0.40,0.26]"
12770,3.0080,0.1056,0.1537,0.000112,"[0.17,0.36,1.96]","[0.47,0.40,0.27]"
12780,3.1107,0.1028,0.1550,0.000112,"[0.16,0.36,1.97]","[0.46,0.39,0.27]"
12790,3.0664,0.1023,0.1497,0.000111,"[0.16,0.36,1.96]","[0.46,0.41,0.26]"
12800,2.9357,0.1025,0.1410,0.000111,"[0.16,0.36,2.00]","[0.46,0.39,0.26]"
12810,3.1822,0.1018,0.1417,0.000111,"[0.16,0.36,2.03]","[0.48,0.41,0.26]"
12820,2.7425,0.1025,0.1461,0.000111,"[0.17,0.36,2.03]","[0.47,0.40,0.26]"
12830,2.7618,0.1008,0.1426,0.000111,"[0.16,0.36,2.01]","[0.47,0.38,0.26]"
12840,2.8833,0.1038,0.1284,0.000110,"[0.17,0.36,2.02]","[0.47,0.41,0.26]"
12850,3.1367,0.1036,0.1276,0.000110,"[0.17,0.37,2.01]","[0.46,0.40,0.26]"
12860,2.9706,0.0981,0.1523,0.000110,"[0.16,0.36,2.01]","[0.47,0.40,0.26]"
12870,3.0587,0.0999,0.1508,0.000110,"[0.16,0.36,2.04]","[0.47,0.41,0.26]"
12880,3.0723,0.0986,0.1498,0.000110,"[0.17,0.36,2.05]","[0.46,0.40,0.26]"
12890,3.2428,0.0989,0.1380,0.000109,"[0.17,0.36,2.08]","[0.47,0.39,0.26]"
12900,3.1287,0.0982,0.1399,0.000109,"[0.17,0.36,2.10]","[0.47,0.40,0.26]"
12910,2.8726,0.0993,0.1367,0.000109,"[0.18,0.36,2.09]","[0.49,0.41,0.26]"
12920,2.7954,0.0999,0.1393,0.000109,"[0.17,0.36,2.08]","[0.48,0.42,0.26]"
12930,3.1017,0.0985,0.1381,0.000109,"[0.17,0.36,2.09]","[0.47,0.42,0.26]"
12940,2.9949,0.0976,0.1421,0.000108,"[0.16,0.36,2.08]","[0.47,0.40,0.26]"
12950,2.8589,0.1039,0.1524,0.000108,"[0.17,0.36,2.08]","[0.48,0.42,0.27]"
12960,3.1629,0.1032,0.1307,0.000108,"[0.17,0.37,2.08]","[0.46,0.41,0.26]"
12970,2.9646,0.1017,0.1433,0.000108,"[0.17,0.35,2.08]","[0.47,0.41,0.26]"
12980,3.0759,0.1019,0.1423,0.000108,"[0.17,0.36,2.09]","[0.48,0.41,0.27]"
12990,3.0400,0.1018,0.1368,0.000107,"[0.17,0.37,2.09]","[0.47,0.41,0.26]"
13000,2.9670,0.1002,0.1269,0.000107,"[0.17,0.36,2.11]","[0.48,0.42,0.26]"
13010,3.1577,0.0998,0.1290,0.000107,"[0.16,0.37,2.10]","[0.47,0.39,0.26]"
13020,3.2448,0.0993,0.1354,0.000107,"[0.16,0.37,2.09]","[0.46,0.40,0.26]"
13030,3.1212,0.1012,0.1187,0.000107,"[0.16,0.37,2.11]","[0.47,0.42,0.26]"
13040,3.1956,0.0967,0.1276,0.000106,"[0.17,0.36,2.11]","[0.47,0.41,0.26]"
13050,3.3871,0.0987,0.1214,0.000106,"[0.17,0.37,2.14]","[0.47,0.40,0.26]"
13060,3.1902,0.0976,0.1358,0.000106,"[0.16,0.36,2.18]","[0.46,0.41,0.26]"
13070,2.9857,0.0990,0.1152,0.000106,"[0.16,0.36,2.18]","[0.46,0.40,0.25]"
13080,3.1279,0.0915,0.1411,0.000106,"[0.16,0.37,2.20]","[0.48,0.40,0.26]"
13090,3.1102,0.0944,0.1276,0.000105,"[0.17,0.37,2.19]","[0.48,0.40,0.26]"
13100,2.9647,0.0931,0.1239,0.000105,"[0.17,0.36,2.19]","[0.48,0.40,0.25]"
13110,3.0563,0.0903,0.1372,0.000105,"[0.17,0.36,2.21]","[0.47,0.41,0.26]"
13120,2.9701,0.0934,0.1315,0.000105,"[0.17,0.36,2.24]","[0.48,0.40,0.26]"
13130,3.3141,0.0893,0.1480,0.000105,"[0.16,0.37,2.25]","[0.47,0.39,0.26]"
13140,3.0675,0.0894,0.1289,0.000104,"[0.16,0.36,2.24]","[0.47,0.40,0.25]"
13150,3.1067,0.0877,0.1349,0.000104,"[0.16,0.37,2.24]","[0.47,0.41,0.26]"
13160,3.1847,0.0853,0.1450,0.000104,"[0.16,0.37,2.21]","[0.48,0.41,0.26]"
13170,3.2095,0.0875,0.1295,0.000104,"[0.17,0.37,2.17]","[0.48,0.40,0.25]"
13180,2.9224,0.0857,0.1548,0.000104,"[0.16,0.38,2.19]","[0.48,0.40,0.26]"
13190,2.9647,0.0884,0.1340,0.000103,"[0.17,0.36,2.20]","[0.48,0.40,0.26]"
13200,3.2771,0.0881,0.1340,0.000103,"[0.16,0.37,2.21]","[0.47,0.39,0.26]"
13210,2.9133,0.0874,0.1363,0.000103,"[0.17,0.37,2.18]","[0.47,0.40,0.26]"
13220,3.0785,0.0888,0.1339,0.000103,"[0.17,0.36,2.20]","[0.48,0.42,0.26]"
13230,3.0189,0.0875,0.1335,0.000103,"[0.17,0.37,2.24]","[0.46,0.40,0.26]"
13240,3.1372,0.0883,0.1331,0.000102,"[0.17,0.36,2.24]","[0.47,0.41,0.26]"
13250,3.0482,0.0850,0.1503,0.000102,"[0.17,0.37,2.25]","[0.47,0.40,0.26]"
13260,3.1107,0.0866,0.1293,0.000102,"[0.16,0.37,2.24]","[0.49,0.40,0.25]"
13270,3.0326,0.0843,0.1347,0.000102,"[0.17,0.37,2.24]","[0.47,0.40,0.25]"
13280,2.9772,0.0848,0.1318,0.000102,"[0.17,0.36,2.22]","[0.49,0.41,0.25]"
13290,2.9474,0.0818,0.1433,0.000102,"[0.17,0.36,2.22]","[0.47,0.40,0.26]"
13300,3.0954,0.0840,0.1370,0.000101,"[0.17,0.36,2.20]","[0.48,0.41,0.25]"
13310,3.1054,0.0849,0.1404,0.000101,"[0.17,0.36,2.21]","[0.47,0.42,0.26]"
13320,3.1186,0.0832,0.1402,0.000101,"[0.16,0.37,2.21]","[0.47,0.41,0.26]"
13330,3.0123,0.0807,0.1430,0.000101,"[0.17,0.37,2.25]","[0.48,0.41,0.25]"
13340,2.8344,0.0823,0.1303,0.000101,"[0.17,0.37,2.25]","[0.47,0.41,0.25]"
13350,2.9852,0.0843,0.1343,0.000100,"[0.16,0.37,2.22]","[0.47,0.39,0.26]"
13360,3.1323,0.0842,0.1375,0.000100,"[0.17,0.36,2.16]","[0.47,0.39,0.26]"
13370,3.1326,0.0872,0.1317,0.000100,"[0.16,0.37,2.19]","[0.47,0.41,0.26]"
13380,3.0037,0.0867,0.1256,0.000100,"[0.17,0.37,2.21]","[0.47,0.40,0.25]"
13390,3.1623,0.0855,0.1315,0.000100,"[0.16,0.37,2.23]","[0.47,0.40,0.26]"
13400,3.0923,0.0812,0.1416,0.000099,"[0.17,0.37,2.26]","[0.48,0.41,0.26]"
13410,2.7559,0.0818,0.1431,0.000099,"[0.17,0.37,2.25]","[0.48,0.40,0.26]"
13420,3.0659,0.0823,0.1289,0.000099,"[0.17,0.36,2.23]","[0.48,0.41,0.25]"
13430,2.8917,0.0786,0.1396,0.000099,"[0.17,0.37,2.23]","[0.45,0.40,0.25]"
13440,3.0127,0.0770,0.1439,0.000099,"[0.16,0.37,2.21]","[0.46,0.40,0.25]"
13450,2.9889,0.0787,0.1416,0.000098,"[0.17,0.36,2.21]","[0.48,0.41,0.25]"
13460,2.9596,0.0827,0.1332,0.000098,"[0.17,0.37,2.22]","[0.48,0.40,0.25]"
13470,3.0923,0.0856,0.1232,0.000098,"[0.16,0.37,2.22]","[0.47,0.39,0.25]"
13480,2.9604,0.0846,0.1256,0.000098,"[0.17,0.37,2.20]","[0.48,0.40,0.25]"
13490,3.1608,0.0841,0.1295,0.000098,"[0.16,0.37,2.17]","[0.46,0.40,0.25]"
13500,3.1663,0.0842,0.1322,0.000098,"[0.17,0.37,2.18]","[0.47,0.40,0.25]"
13510,3.0041,0.0819,0.1345,0.000097,"[0.17,0.37,2.21]","[0.47,0.41,0.26]"
13520,2.8867,0.0831,0.1270,0.000097,"[0.17,0.36,2.21]","[0.47,0.40,0.25]"
13530,3.2056,0.0804,0.1309,0.000097,"[0.17,0.37,2.21]","[0.47,0.40,0.25]"
13540,2.9492,0.0780,0.1400,0.000097,"[0.18,0.37,2.19]","[0.48,0.40,0.25]"
13550,3.0555,0.0807,0.1265,0.000097,"[0.17,0.37,2.21]","[0.46,0.40,0.25]"
13560,2.8727,0.0783,0.1321,0.000096,"[0.17,0.36,2.18]","[0.48,0.40,0.25]"
13570,3.1808,0.0798,0.1347,0.000096,"[0.17,0.36,2.20]","[0.46,0.40,0.25]"
13580,2.9153,0.0863,0.1310,0.000096,"[0.17,0.37,2.19]","[0.47,0.40,0.26]"
13590,2.9612,0.0836,0.1245,0.000096,"[0.18,0.36,2.19]","[0.48,0.40,0.25]"
13600,2.9441,0.0826,0.1236,0.000096,"[0.17,0.37,2.20]","[0.48,0.40,0.25]"
13610,3.0754,0.0785,0.1425,0.000095,"[0.16,0.37,2.20]","[0.47,0.40,0.26]"
13620,2.8857,0.0778,0.1466,0.000095,"[0.17,0.37,2.18]","[0.48,0.41,0.26]"
13630,3.0122,0.0797,0.1372,0.000095,"[0.17,0.37,2.17]","[0.48,0.40,0.25]"
13640,3.1312,0.0756,0.1452,0.000095,"[0.17,0.37,2.18]","[0.47,0.41,0.25]"
13650,2.8092,0.0724,0.1531,0.000095,"[0.17,0.37,2.18]","[0.47,0.39,0.25]"
13660,2.9674,0.0720,0.1510,0.000095,"[0.17,0.37,2.18]","[0.47,0.39,0.25]"
13670,2.7454,0.0718,0.1499,0.000094,"[0.18,0.36,2.17]","[0.48,0.41,0.25]"
13680,2.7758,0.0721,0.1493,0.000094,"[0.18,0.36,2.16]","[0.47,0.41,0.25]"
13690,3.0040,0.0749,0.1467,0.000094,"[0.17,0.37,2.16]","[0.46,0.41,0.25]"
13700,2.9471,0.0809,0.1396,0.000094,"[0.18,0.36,2.17]","[0.48,0.42,0.26]"
13710,3.1360,0.0837,0.1326,0.000094,"[0.17,0.37,2.17]","[0.46,0.42,0.26]"
13720,3.1003,0.0804,0.1399,0.000093,"[0.17,0.38,2.16]","[0.47,0.41,0.26]"
13730,2.9482,0.0903,0.1126,0.000093,"[0.17,0.37,2.14]","[0.48,0.41,0.26]"
13740,3.1569,0.0854,0.1298,0.000093,"[0.17,0.38,2.14]","[0.48,0.41,0.26]"
13750,3.1226,0.0829,0.1250,0.000093,"[0.16,0.37,2.16]","[0.47,0.41,0.25]"
13760,2.9263,0.0813,0.1282,0.000093,"[0.17,0.38,2.13]","[0.47,0.41,0.26]"
13770,2.8778,0.0835,0.1179,0.000092,"[0.17,0.37,2.14]","[0.47,0.39,0.25]"
13780,3.2197,0.0825,0.1228,0.000092,"[0.17,0.37,2.13]","[0.48,0.42,0.25]"
13790,2.9440,0.0797,0.1299,0.000092,"[0.18,0.36,2.11]","[0.47,0.42,0.26]"
13800,3.1289,0.0788,0.1241,0.000092,"[0.17,0.37,2.12]","[0.47,0.41,0.25]"
13810,3.0518,0.0760,0.1298,0.000092,"[0.17,0.37,2.10]","[0.46,0.41,0.25]"
13820,3.2531,0.0722,0.1459,0.000092,"[0.17,0.37,2.10]","[0.47,0.40,0.26]"
13830,3.0851,0.0732,0.1358,0.000091,"[0.17,0.37,2.10]","[0.46,0.42,0.25]"
13840,2.9942,0.0708,0.1456,0.000091,"[0.17,0.37,2.10]","[0.46,0.41,0.25]"
13850,2.8940,0.0746,0.1297,0.000091,"[0.17,0.36,2.09]","[0.47,0.38,0.25]"
13860,2.9506,0.0699,0.1535,0.000091,"[0.17,0.37,2.11]","[0.47,0.40,0.25]"
13870,2.9605,0.0712,0.1421,0.000091,"[0.17,0.38,2.10]","[0.46,0.41,0.25]"
13880,3.1903,0.0711,0.1393,0.000090,"[0.16,0.38,2.10]","[0.47,0.40,0.25]"
13890,3.0675,0.0698,0.1482,0.000090,"[0.17,0.37,2.08]","[0.48,0.40,0.25]"
13900,3.0074,0.0722,0.1446,0.000090,"[0.17,0.36,2.08]","[0.47,0.41,0.25]"
13910,2.9288,0.0735,0.1406,0.000090,"[0.17,0.37,2.07]","[0.47,0.40,0.25]"
13920,2.8865,0.0791,0.1202,0.000090,"[0.17,0.37,2.07]","[0.46,0.40,0.25]"
13930,3.0053,0.0748,0.1415,0.000090,"[0.18,0.37,2.03]","[0.46,0.41,0.25]"
13940,2.8032,0.0764,0.1313,0.000089,"[0.17,0.37,2.03]","[0.48,0.41,0.25]"
13950,3.1946,0.0774,0.1241,0.000089,"[0.17,0.37,2.05]","[0.47,0.39,0.25]"
13960,3.0130,0.0730,0.1464,0.000089,"[0.16,0.37,2.06]","[0.47,0.41,0.26]"
13970,2.9713,0.0771,0.1264,0.000089,"[0.17,0.37,2.04]","[0.47,0.41,0.25]"
13980,2.9507,0.0737,0.1388,0.000089,"[0.17,0.36,2.01]","[0.46,0.41,0.25]"
13990,3.0793,0.0729,0.1387,0.000089,"[0.16,0.37,2.02]","[0.46,0.41,0.25]"
14000,3.2687,0.0754,0.1336,0.000088,"[0.16,0.38,1.99]","[0.46,0.40,0.25]"
14010,2.9467,0.0810,0.1260,0.000088,"[0.17,0.36,1.96]","[0.46,0.40,0.26]"
14020,3.0986,0.0805,0.1253,0.000088,"[0.17,0.36,1.96]","[0.47,0.39,0.25]"
14030,2.9423,0.0808,0.1268,0.000088,"[0.17,0.37,1.97]","[0.46,0.39,0.26]"
14040,2.7962,0.0845,0.1186,0.000088,"[0.16,0.37,1.97]","[0.46,0.40,0.26]"
14050,3.2701,0.0790,0.1349,0.000087,"[0.17,0.38,1.97]","[0.47,0.41,0.26]"
14060,3.0839,0.0792,0.1218,0.000087,"[0.17,0.37,1.99]","[0.47,0.41,0.25]"
14070,2.9737,0.0791,0.1157,0.000087,"[0.18,0.36,1.98]","[0.47,0.42,0.25]"
14080,3.0157,0.0766,0.1245,0.000087,"[0.16,0.37,1.98]","[0.46,0.41,0.25]"
14090,3.0039,0.0757,0.1259,0.000087,"[0.17,0.36,1.98]","[0.46,0.41,0.25]"
14100,3.1817,0.0761,0.1337,0.000087,"[0.17,0.38,1.94]","[0.47,0.40,0.25]"
14110,2.9326,0.0799,0.1261,0.000086,"[0.17,0.37,1.93]","[0.46,0.38,0.25]"
14120,2.9127,0.0747,0.1515,0.000086,"[0.16,0.37,1.94]","[0.46,0.39,0.26]"
14130,2.9858,0.0782,0.1206,0.000086,"[0.17,0.37,1.92]","[0.46,0.39,0.25]"
14140,3.1694,0.0751,0.1330,0.000086,"[0.16,0.38,1.94]","[0.46,0.39,0.26]"
14150,3.0926,0.0752,0.1285,0.000086,"[0.17,0.37,1.93]","[0.48,0.40,0.25]"
14160,2.8773,0.0743,0.1327,0.000085,"[0.18,0.36,1.91]","[0.47,0.41,0.25]"
14170,2.8165,0.0766,0.1257,0.000085,"[0.18,0.36,1.88]","[0.48,0.41,0.25]"
14180,2.9489,0.0814,0.1226,0.000085,"[0.17,0.37,1.87]","[0.47,0.40,0.26]"
14190,2.9815,0.0842,0.1201,0.000085,"[0.17,0.37,1.90]","[0.46,0.40,0.26]"
14200,2.6152,0.0834,0.1170,0.000085,"[0.17,0.36,1.91]","[0.47,0.40,0.26]"
14210,2.8445,0.0829,0.1241,0.000085,"[0.17,0.37,1.90]","[0.48,0.41,0.26]"
14220,2.8353,0.0842,0.1167,0.000084,"[0.18,0.37,1.90]","[0.48,0.41,0.26]"
14230,3.2187,0.0828,0.1210,0.000084,"[0.17,0.37,1.89]","[0.46,0.41,0.26]"
14240,3.0347,0.0839,0.1155,0.000084,"[0.17,0.37,1.89]","[0.47,0.40,0.26]"
14250,2.9927,0.0829,0.1158,0.000084,"[0.17,0.38,1.89]","[0.47,0.39,0.26]"
14260,3.0078,0.0802,0.1248,0.000084,"[0.16,0.38,1.90]","[0.46,0.42,0.26]"
14270,3.2934,0.0827,0.1094,0.000084,"[0.17,0.37,1.89]","[0.46,0.41,0.25]"
14280,2.6717,0.0820,0.1122,0.000083,"[0.18,0.37,1.89]","[0.48,0.42,0.25]"
14290,3.0263,0.0806,0.1269,0.000083,"[0.17,0.38,1.91]","[0.47,0.41,0.26]"
14300,2.8497,0.0794,0.1194,0.000083,"[0.17,0.37,1.90]","[0.47,0.42,0.26]"
14310,2.9106,0.0802,0.1188,0.000083,"[0.18,0.37,1.89]","[0.48,0.42,0.25]"
14320,2.8419,0.0796,0.1171,0.000083,"[0.17,0.38,1.87]","[0.47,0.41,0.25]"
14330,2.9887,0.0777,0.1255,0.000083,"[0.17,0.37,1.86]","[0.47,0.42,0.25]"
14340,3.0340,0.0780,0.1202,0.000082,"[0.17,0.37,1.87]","[0.46,0.39,0.25]"
14350,2.8500,0.0778,0.1205,0.000082,"[0.17,0.37,1.86]","[0.46,0.40,0.25]"
14360,3.0328,0.0776,0.1266,0.000082,"[0.17,0.37,1.86]","[0.46,0.40,0.25]"
14370,2.9979,0.0773,0.1199,0.000082,"[0.18,0.37,1.84]","[0.48,0.42,0.25]"
14380,2.8840,0.0760,0.1188,0.000082,"[0.18,0.37,1.85]","[0.48,0.41,0.25]"
14390,3.1667,0.0732,0.1314,0.000082,"[0.16,0.38,1.85]","[0.46,0.41,0.25]"
14400,3.0855,0.0715,0.1368,0.000081,"[0.17,0.37,1.84]","[0.47,0.41,0.26]"
14410,2.9452,0.0717,0.1344,0.000081,"[0.17,0.37,1.85]","[0.47,0.40,0.25]"
14420,2.9779,0.0741,0.1199,0.000081,"[0.17,0.37,1.86]","[0.47,0.40,0.25]"
14430,2.9483,0.0725,0.1243,0.000081,"[0.16,0.37,1.85]","[0.46,0.39,0.25]"
14440,2.9486,0.0715,0.1291,0.000081,"[0.17,0.37,1.86]","[0.47,0.41,0.25]"
14450,2.8179,0.0714,0.1354,0.000080,"[0.18,0.37,1.85]","[0.48,0.41,0.25]"
14460,2.9982,0.0709,0.1328,0.000080,"[0.17,0.37,1.87]","[0.46,0.40,0.25]"
14470,2.9447,0.0705,0.1306,0.000080,"[0.17,0.38,1.90]","[0.47,0.41,0.25]"
14480,2.9233,0.0716,0.1202,0.000080,"[0.18,0.37,1.88]","[0.47,0.40,0.25]"
14490,2.9519,0.0703,0.1349,0.000080,"[0.17,0.38,1.90]","[0.45,0.40,0.25]"
14500,2.9497,0.0688,0.1386,0.000080,"[0.17,0.37,1.89]","[0.48,0.39,0.25]"
14510,2.8828,0.0702,0.1248,0.000079,"[0.18,0.37,1.89]","[0.47,0.41,0.25]"
14520,2.8058,0.0683,0.1372,0.000079,"[0.17,0.37,1.89]","[0.46,0.39,0.25]"
14530,2.8418,0.0677,0.1366,0.000079,"[0.17,0.37,1.89]","[0.48,0.40,0.25]"
14540,3.0448,0.0672,0.1376,0.000079,"[0.18,0.37,1.88]","[0.48,0.41,0.25]"
14550,3.1068,0.0664,0.1369,0.000079,"[0.16,0.38,1.88]","[0.46,0.40,0.25]"
14560,3.0059,0.0649,0.1415,0.000079,"[0.17,0.37,1.89]","[0.46,0.40,0.25]"
14570,2.9060,0.0640,0.1491,0.000078,"[0.17,0.38,1.90]","[0.47,0.40,0.25]"
14580,2.8331,0.0673,0.1350,0.000078,"[0.18,0.37,1.86]","[0.46,0.40,0.25]"
14590,2.9324,0.0681,0.1301,0.000078,"[0.17,0.37,1.86]","[0.47,0.40,0.25]"
14600,3.2000,0.0656,0.1392,0.000078,"[0.16,0.38,1.86]","[0.46,0.40,0.25]"
14610,3.0970,0.0629,0.1481,0.000078,"[0.18,0.37,1.85]","[0.48,0.41,0.25]"
14620,2.9276,0.0652,0.1414,0.000078,"[0.17,0.38,1.85]","[0.47,0.39,0.25]"
14630,2.9360,0.0677,0.1283,0.000077,"[0.17,0.37,1.83]","[0.46,0.40,0.25]"
14640,2.8430,0.0659,0.1367,0.000077,"[0.18,0.38,1.85]","[0.48,0.40,0.25]"
14650,3.2004,0.0654,0.1331,0.000077,"[0.17,0.38,1.84]","[0.47,0.41,0.25]"
14660,3.0355,0.0628,0.1464,0.000077,"[0.16,0.38,1.86]","[0.45,0.40,0.25]"
14670,3.1338,0.0630,0.1433,0.000077,"[0.16,0.37,1.85]","[0.46,0.39,0.25]"
14680,3.0121,0.0619,0.1492,0.000077,"[0.18,0.37,1.82]","[0.46,0.40,0.25]"
14690,2.9732,0.0618,0.1506,0.000076,"[0.17,0.37,1.83]","[0.47,0.40,0.25]"
14700,2.8417,0.0638,0.1385,0.000076,"[0.17,0.37,1.81]","[0.47,0.39,0.25]"
14710,2.9729,0.0620,0.1458,0.000076,"[0.16,0.38,1.82]","[0.46,0.40,0.25]"
14720,2.9162,0.0648,0.1407,0.000076,"[0.17,0.38,1.82]","[0.45,0.40,0.25]"
14730,2.9675,0.0704,0.1211,0.000076,"[0.17,0.38,1.85]","[0.47,0.40,0.25]"
14740,2.8451,0.0664,0.1365,0.000076,"[0.17,0.37,1.83]","[0.47,0.40,0.25]"
14750,2.9742,0.0672,0.1270,0.000075,"[0.17,0.37,1.83]","[0.47,0.41,0.25]"
14760,3.0635,0.0656,0.1328,0.000075,"[0.18,0.37,1.83]","[0.47,0.40,0.25]"
14770,2.9875,0.0637,0.1411,0.000075,"[0.18,0.37,1.84]","[0.47,0.39,0.25]"
14780,2.8881,0.0650,0.1413,0.000075,"[0.18,0.38,1.82]","[0.46,0.40,0.25]"
14790,2.9126,0.0663,0.1470,0.000075,"[0.17,0.38,1.80]","[0.47,0.40,0.25]"
14800,2.7864,0.0673,0.1318,0.000075,"[0.18,0.37,1.79]","[0.48,0.40,0.25]"
14810,3.0672,0.0659,0.1358,0.000075,"[0.17,0.37,1.80]","[0.46,0.40,0.25]"
14820,3.0352,0.0621,0.1581,0.000074,"[0.18,0.37,1.79]","[0.46,0.42,0.26]"
14830,2.8070,0.0646,0.1384,0.000074,"[0.18,0.37,1.79]","[0.47,0.40,0.25]"
14840,2.7391,0.0653,0.1341,0.000074,"[0.18,0.37,1.80]","[0.47,0.40,0.25]"
14850,2.9553,0.0640,0.1371,0.000074,"[0.17,0.38,1.82]","[0.47,0.39,0.25]"
14860,2.9758,0.0625,0.1407,0.000074,"[0.17,0.38,1.80]","[0.47,0.40,0.25]"
14870,2.9297,0.0630,0.1365,0.000074,"[0.17,0.38,1.78]","[0.47,0.39,0.25]"
14880,2.8105,0.0600,0.1522,0.000073,"[0.18,0.37,1.78]","[0.47,0.41,0.25]"
14890,2.8470,0.0612,0.1440,0.000073,"[0.18,0.36,1.78]","[0.47,0.40,0.25]"
14900,2.9445,0.0611,0.1439,0.000073,"[0.17,0.37,1.80]","[0.47,0.40,0.25]"
14910,2.7622,0.0606,0.1436,0.000073,"[0.18,0.37,1.78]","[0.46,0.41,0.25]"
14920,3.0067,0.0595,0.1503,0.000073,"[0.18,0.38,1.79]","[0.48,0.41,0.25]"
14930,2.9403,0.0594,0.1499,0.000073,"[0.18,0.38,1.77]","[0.47,0.40,0.25]"
14940,2.9162,0.0592,0.1501,0.000072,"[0.17,0.37,1.77]","[0.47,0.39,0.25]"
14950,3.0759,0.0599,0.1453,0.000072,"[0.17,0.38,1.78]","[0.47,0.39,0.24]"
14960,2.8443,0.0574,0.1633,0.000072,"[0.18,0.37,1.78]","[0.47,0.40,0.25]"
14970,2.8648,0.0607,0.1454,0.000072,"[0.17,0.37,1.78]","[0.46,0.41,0.25]"
14980,2.7314,0.0661,0.1416,0.000072,"[0.17,0.38,1.75]","[0.47,0.40,0.25]"
14990,3.0889,0.0718,0.1193,0.000072,"[0.17,0.38,1.73]","[0.46,0.41,0.25]"
15000,3.0798,0.0714,0.1239,0.000071,"[0.17,0.37,1.70]","[0.45,0.41,0.25]"
15010,3.1367,0.0672,0.1285,0.000071,"[0.17,0.38,1.71]","[0.45,0.39,0.25]"
15020,3.2803,0.0635,0.1465,0.000071,"[0.17,0.38,1.71]","[0.47,0.39,0.25]"
15030,2.8546,0.0637,0.1375,0.000071,"[0.18,0.37,1.70]","[0.46,0.41,0.25]"
15040,2.8475,0.0624,0.1393,0.000071,"[0.17,0.38,1.73]","[0.48,0.41,0.25]"
15050,2.9184,0.0628,0.1332,0.000071,"[0.17,0.38,1.73]","[0.47,0.40,0.25]"
15060,3.0229,0.0620,0.1411,0.000071,"[0.18,0.38,1.71]","[0.47,0.42,0.25]"
15070,2.9160,0.0668,0.1258,0.000070,"[0.17,0.38,1.75]","[0.47,0.39,0.25]"
15080,2.8777,0.0678,0.1203,0.000070,"[0.18,0.37,1.75]","[0.48,0.41,0.25]"
15090,2.8144,0.0647,0.1313,0.000070,"[0.18,0.38,1.73]","[0.47,0.42,0.25]"
15100,3.0722,0.0664,0.1267,0.000070,"[0.17,0.38,1.73]","[0.46,0.38,0.25]"
15110,3.1822,0.0645,0.1317,0.000070,"[0.17,0.38,1.72]","[0.47,0.40,0.25]"
15120,3.0228,0.0655,0.1266,0.000070,"[0.17,0.38,1.71]","[0.48,0.40,0.25]"
15130,2.9676,0.0645,0.1306,0.000069,"[0.17,0.37,1.69]","[0.45,0.39,0.25]"
15140,2.6976,0.0647,0.1327,0.000069,"[0.17,0.38,1.71]","[0.46,0.39,0.25]"
15150,2.8563,0.0644,0.1259,0.000069,"[0.18,0.37,1.69]","[0.47,0.40,0.25]"
15160,2.9124,0.0608,0.1428,0.000069,"[0.17,0.37,1.70]","[0.45,0.41,0.25]"
15170,3.0433,0.0597,0.1448,0.000069,"[0.17,0.38,1.70]","[0.47,0.41,0.25]"
15180,2.7697,0.0611,0.1379,0.000069,"[0.17,0.38,1.69]","[0.47,0.41,0.25]"
15190,3.1291,0.0615,0.1357,0.000069,"[0.18,0.38,1.68]","[0.47,0.40,0.25]"
15200,3.0181,0.0638,0.1289,0.000068,"[0.17,0.38,1.67]","[0.47,0.40,0.25]"
15210,2.8391,0.0680,0.1399,0.000068,"[0.17,0.37,1.68]","[0.47,0.40,0.26]"
15220,2.6757,0.0710,0.1167,0.000068,"[0.19,0.37,1.65]","[0.48,0.41,0.25]"
15230,2.8301,0.0707,0.1214,0.000068,"[0.18,0.38,1.66]","[0.47,0.39,0.25]"
15240,2.9258,0.0726,0.1195,0.000068,"[0.18,0.38,1.66]","[0.46,0.41,0.26]"
15250,2.8543,0.0746,0.1171,0.000068,"[0.18,0.38,1.67]","[0.47,0.41,0.25]"
15260,3.1534,0.0749,0.1072,0.000068,"[0.17,0.38,1.69]","[0.46,0.41,0.25]"
15270,2.9427,0.0756,0.1016,0.000067,"[0.17,0.38,1.71]","[0.46,0.40,0.25]"
15280,3.0472,0.0724,0.1109,0.000067,"[0.17,0.38,1.68]","[0.45,0.40,0.25]"
15290,3.0421,0.0764,0.0985,0.000067,"[0.17,0.39,1.70]","[0.46,0.41,0.25]"
15300,3.0471,0.0714,0.1190,0.000067,"[0.17,0.38,1.70]","[0.47,0.41,0.25]"
15310,2.9420,0.0724,0.1079,0.000067,"[0.17,0.38,1.73]","[0.46,0.42,0.25]"
15320,2.8715,0.0707,0.1094,0.000067,"[0.18,0.38,1.69]","[0.47,0.40,0.25]"
15330,3.0493,0.0692,0.1161,0.000066,"[0.17,0.38,1.69]","[0.47,0.41,0.25]"
15340,2.9780,0.0677,0.1166,0.000066,"[0.18,0.37,1.68]","[0.48,0.42,0.25]"
15350,2.9580,0.0672,0.1151,0.000066,"[0.18,0.38,1.68]","[0.47,0.41,0.25]"
15360,2.9035,0.0658,0.1188,0.000066,"[0.17,0.37,1.68]","[0.46,0.40,0.25]"
15370,2.8960,0.0671,0.1102,0.000066,"[0.18,0.38,1.67]","[0.47,0.41,0.25]"
15380,2.9017,0.0645,0.1214,0.000066,"[0.18,0.38,1.67]","[0.46,0.42,0.25]"
15390,2.8266,0.0638,0.1226,0.000066,"[0.18,0.38,1.66]","[0.47,0.41,0.25]"
15400,2.9244,0.0607,0.1408,0.000065,"[0.17,0.38,1.64]","[0.47,0.41,0.25]"
15410,3.0177,0.0606,0.1361,0.000065,"[0.18,0.38,1.65]","[0.47,0.41,0.25]"
15420,2.9346,0.0629,0.1266,0.000065,"[0.18,0.38,1.65]","[0.47,0.41,0.25]"
15430,2.9574,0.0629,0.1290,0.000065,"[0.18,0.37,1.66]","[0.47,0.40,0.25]"
15440,2.9062,0.0619,0.1304,0.000065,"[0.17,0.38,1.63]","[0.45,0.40,0.25]"
15450,2.7138,0.0639,0.1166,0.000065,"[0.17,0.38,1.64]","[0.47,0.40,0.24]"
15460,3.0991,0.0583,0.1454,0.000065,"[0.17,0.38,1.60]","[0.48,0.40,0.25]"
15470,3.0852,0.0613,0.1300,0.000064,"[0.17,0.38,1.59]","[0.46,0.41,0.25]"
15480,2.9426,0.0652,0.1285,0.000064,"[0.18,0.38,1.57]","[0.47,0.40,0.25]"
15490,2.9976,0.0650,0.1288,0.000064,"[0.17,0.38,1.56]","[0.47,0.41,0.25]"
15500,2.9347,0.0625,0.1356,0.000064,"[0.18,0.37,1.58]","[0.46,0.40,0.25]"
15510,2.7646,0.0632,0.1273,0.000064,"[0.18,0.38,1.53]","[0.47,0.40,0.25]"
15520,3.1594,0.0642,0.1206,0.000064,"[0.17,0.38,1.52]","[0.46,0.40,0.25]"
15530,2.9341,0.0606,0.1375,0.000064,"[0.18,0.38,1.49]","[0.46,0.40,0.25]"
15540,3.0575,0.0610,0.1343,0.000063,"[0.18,0.38,1.52]","[0.45,0.41,0.25]"
15550,2.9415,0.0609,0.1295,0.000063,"[0.17,0.39,1.53]","[0.47,0.41,0.25]"
15560,2.8393,0.0597,0.1377,0.000063,"[0.17,0.38,1.51]","[0.47,0.41,0.25]"
15570,2.8651,0.0583,0.1406,0.000063,"[0.17,0.38,1.50]","[0.45,0.40,0.25]"
15580,2.7715,0.0607,0.1253,0.000063,"[0.17,0.38,1.50]","[0.47,0.40,0.25]"
15590,2.8436,0.0573,0.1415,0.000063,"[0.17,0.38,1.50]","[0.46,0.40,0.25]"
15600,2.8541,0.0585,0.1338,0.000063,"[0.18,0.38,1.50]","[0.48,0.41,0.25]"
15610,2.9604,0.0565,0.1549,0.000062,"[0.17,0.38,1.50]","[0.47,0.41,0.26]"
15620,3.0189,0.0614,0.1300,0.000062,"[0.17,0.38,1.50]","[0.47,0.39,0.25]"
15630,3.0890,0.0630,0.1207,0.000062,"[0.17,0.38,1.49]","[0.47,0.41,0.25]"
15640,2.9532,0.0590,0.1395,0.000062,"[0.17,0.38,1.48]","[0.47,0.41,0.25]"
15650,3.0246,0.0596,0.1297,0.000062,"[0.17,0.38,1.49]","[0.48,0.41,0.25]"
15660,3.0973,0.0594,0.1283,0.000062,"[0.17,0.39,1.50]","[0.46,0.40,0.25]"
15670,2.7605,0.0574,0.1368,0.000062,"[0.17,0.38,1.49]","[0.48,0.40,0.25]"
15680,3.0331,0.0576,0.1366,0.000061,"[0.17,0.38,1.49]","[0.46,0.41,0.25]"
15690,2.9077,0.0600,0.1267,0.000061,"[0.17,0.38,1.51]","[0.46,0.40,0.25]"
15700,2.6446,0.0582,0.1367,0.000061,"[0.18,0.38,1.50]","[0.48,0.41,0.25]"
15710,2.8323,0.0579,0.1314,0.000061,"[0.18,0.38,1.52]","[0.46,0.40,0.25]"
15720,2.7781,0.0566,0.1371,0.000061,"[0.18,0.38,1.49]","[0.47,0.40,0.25]"
15730,2.8457,0.0571,0.1337,0.000061,"[0.18,0.38,1.49]","[0.47,0.40,0.25]"
15740,2.7145,0.0556,0.1392,0.000061,"[0.17,0.38,1.48]","[0.47,0.40,0.25]"
15750,3.0375,0.0556,0.1392,0.000060,"[0.17,0.38,1.48]","[0.48,0.40,0.25]"
15760,3.0357,0.0558,0.1378,0.000060,"[0.17,0.38,1.49]","[0.46,0.40,0.25]"
15770,2.9040,0.0559,0.1355,0.000060,"[0.17,0.38,1.50]","[0.47,0.39,0.25]"
15780,2.9279,0.0530,0.1560,0.000060,"[0.17,0.38,1.51]","[0.47,0.41,0.25]"
15790,2.8748,0.0558,0.1363,0.000060,"[0.18,0.38,1.51]","[0.46,0.42,0.25]"
15800,2.7431,0.0547,0.1397,0.000060,"[0.18,0.38,1.50]","[0.47,0.43,0.25]"
15810,2.8286,0.0556,0.1358,0.000060,"[0.17,0.39,1.51]","[0.47,0.41,0.24]"
15820,3.0880,0.0538,0.1416,0.000059,"[0.17,0.38,1.51]","[0.45,0.41,0.25]"
15830,2.9710,0.0547,0.1384,0.000059,"[0.17,0.38,1.51]","[0.45,0.41,0.24]"
15840,2.8332,0.0515,0.1554,0.000059,"[0.19,0.37,1.49]","[0.49,0.41,0.25]"
15850,2.7936,0.0544,0.1385,0.000059,"[0.18,0.38,1.51]","[0.47,0.40,0.24]"
15860,3.0519,0.0542,0.1387,0.000059,"[0.18,0.38,1.50]","[0.46,0.40,0.24]"
15870,2.9205,0.0541,0.1519,0.000059,"[0.17,0.38,1.49]","[0.47,0.41,0.25]"
15880,3.0084,0.0578,0.1283,0.000059,"[0.18,0.38,1.50]","[0.47,0.41,0.24]"
15890,2.8710,0.0530,0.1628,0.000059,"[0.18,0.38,1.48]","[0.48,0.41,0.25]"
15900,2.8010,0.0519,0.1662,0.000058,"[0.18,0.38,1.48]","[0.47,0.40,0.26]"
15910,2.9827,0.0601,0.1172,0.000058,"[0.18,0.38,1.51]","[0.47,0.41,0.24]"
15920,3.2169,0.0637,0.1069,0.000058,"[0.17,0.38,1.53]","[0.46,0.40,0.25]"
15930,2.9454,0.0586,0.1349,0.000058,"[0.17,0.38,1.53]","[0.46,0.40,0.25]"
15940,2.9469,0.0562,0.1418,0.000058,"[0.17,0.37,1.50]","[0.46,0.41,0.25]"
15950,2.7986,0.0583,0.1245,0.000058,"[0.17,0.38,1.51]","[0.47,0.40,0.25]"
15960,3.0682,0.0587,0.1198,0.000058,"[0.18,0.38,1.49]","[0.47,0.41,0.25]"
15970,2.7923,0.0584,0.1191,0.000057,"[0.17,0.39,1.50]","[0.47,0.40,0.24]"
15980,2.8165,0.0594,0.1143,0.000057,"[0.17,0.38,1.49]","[0.47,0.39,0.24]"
15990,2.7904,0.0581,0.1196,0.000057,"[0.17,0.38,1.49]","[0.47,0.39,0.24]"
16000,2.8374,0.0570,0.1231,0.000057,"[0.18,0.38,1.49]","[0.46,0.40,0.24]"
16010,2.8801,0.0573,0.1216,0.000057,"[0.18,0.38,1.49]","[0.47,0.42,0.24]"
16020,2.8543,0.0528,0.1481,0.000057,"[0.17,0.38,1.49]","[0.47,0.39,0.25]"
16030,2.8445,0.0514,0.1561,0.000057,"[0.17,0.39,1.49]","[0.46,0.41,0.25]"
16040,2.9919,0.0536,0.1411,0.000057,"[0.17,0.38,1.48]","[0.46,0.40,0.25]"
16050,2.8535,0.0542,0.1371,0.000056,"[0.18,0.38,1.48]","[0.46,0.41,0.25]"
16060,2.8542,0.0550,0.1316,0.000056,"[0.18,0.38,1.48]","[0.46,0.41,0.25]"
16070,3.0188,0.0530,0.1407,0.000056,"[0.18,0.39,1.47]","[0.47,0.41,0.25]"
16080,2.8750,0.0523,0.1466,0.000056,"[0.18,0.38,1.47]","[0.46,0.41,0.25]"
16090,3.0048,0.0547,0.1300,0.000056,"[0.18,0.38,1.48]","[0.46,0.41,0.25]"
16100,2.7905,0.0530,0.1401,0.000056,"[0.18,0.38,1.47]","[0.48,0.41,0.25]"
16110,3.0133,0.0530,0.1394,0.000056,"[0.18,0.38,1.48]","[0.46,0.42,0.25]"
16120,2.8463,0.0541,0.1321,0.000056,"[0.17,0.38,1.47]","[0.47,0.40,0.24]"
16130,2.8167,0.0535,0.1369,0.000055,"[0.18,0.38,1.47]","[0.47,0.41,0.25]"
16140,2.8786,0.0519,0.1486,0.000055,"[0.18,0.38,1.46]","[0.47,0.42,0.25]"
16150,2.8946,0.0537,0.1405,0.000055,"[0.18,0.38,1.46]","[0.47,0.42,0.25]"
16160,2.8779,0.0534,0.1371,0.000055,"[0.17,0.38,1.46]","[0.46,0.40,0.25]"
16170,3.0139,0.0526,0.1392,0.000055,"[0.18,0.38,1.45]","[0.46,0.41,0.25]"
16180,3.0352,0.0528,0.1378,0.000055,"[0.17,0.38,1.45]","[0.46,0.40,0.25]"
16190,3.0355,0.0541,0.1315,0.000055,"[0.18,0.38,1.46]","[0.46,0.40,0.24]"
16200,2.8818,0.0518,0.1436,0.000055,"[0.18,0.38,1.45]","[0.48,0.40,0.25]"
16210,3.0646,0.0522,0.1408,0.000054,"[0.18,0.38,1.47]","[0.47,0.40,0.25]"
16220,2.9056,0.0512,0.1456,0.000054,"[0.18,0.38,1.46]","[0.47,0.41,0.25]"
16230,2.8030,0.0516,0.1444,0.000054,"[0.18,0.37,1.46]","[0.47,0.41,0.25]"
16240,3.0011,0.0518,0.1415,0.000054,"[0.17,0.39,1.45]","[0.46,0.39,0.25]"
16250,2.9034,0.0527,0.1390,0.000054,"[0.18,0.38,1.43]","[0.47,0.41,0.24]"
16260,2.9406,0.0524,0.1398,0.000054,"[0.19,0.37,1.42]","[0.48,0.41,0.24]"
16270,2.9074,0.0519,0.1438,0.000054,"[0.18,0.38,1.43]","[0.46,0.39,0.25]"
16280,2.8149,0.0526,0.1407,0.000054,"[0.17,0.38,1.43]","[0.47,0.40,0.25]"
16290,3.0427,0.0525,0.1384,0.000053,"[0.19,0.38,1.42]","[0.48,0.41,0.24]"
16300,2.9890,0.0528,0.1372,0.000053,"[0.18,0.38,1.42]","[0.48,0.42,0.24]"
16310,3.0203,0.0523,0.1390,0.000053,"[0.17,0.38,1.44]","[0.47,0.40,0.24]"
16320,2.7751,0.0509,0.1466,0.000053,"[0.19,0.38,1.44]","[0.48,0.40,0.25]"
16330,2.7901,0.0518,0.1476,0.000053,"[0.18,0.38,1.43]","[0.48,0.41,0.25]"
16340,2.7183,0.0552,0.1375,0.000053,"[0.17,0.38,1.41]","[0.47,0.40,0.25]"
16350,2.9391,0.0565,0.1260,0.000053,"[0.17,0.38,1.39]","[0.47,0.40,0.24]"
16360,2.7870,0.0607,0.1325,0.000053,"[0.17,0.38,1.36]","[0.47,0.39,0.25]"
16370,2.6974,0.0631,0.1274,0.000052,"[0.18,0.37,1.35]","[0.47,0.40,0.25]"
16380,2.8757,0.0648,0.1130,0.000052,"[0.18,0.38,1.38]","[0.47,0.40,0.25]"
16390,2.8149,0.0670,0.1056,0.000052,"[0.18,0.38,1.40]","[0.47,0.40,0.25]"
16400,3.0179,0.0671,0.1161,0.000052,"[0.17,0.38,1.40]","[0.46,0.40,0.25]"
16410,3.0490,0.0696,0.1046,0.000052,"[0.17,0.38,1.39]","[0.46,0.40,0.25]"
16420,2.9838,0.0683,0.1063,0.000052,"[0.17,0.39,1.39]","[0.47,0.39,0.25]"
16430,2.9178,0.0643,0.1096,0.000052,"[0.18,0.38,1.36]","[0.47,0.40,0.25]"
16440,2.9602,0.0647,0.1054,0.000052,"[0.17,0.39,1.37]","[0.47,0.39,0.25]"
16450,2.9238,0.0604,0.1222,0.000051,"[0.18,0.38,1.35]","[0.47,0.40,0.25]"
16460,3.1739,0.0602,0.1164,0.000051,"[0.18,0.38,1.36]","[0.48,0.40,0.25]"
16470,2.5397,0.0607,0.1078,0.000051,"[0.18,0.38,1.36]","[0.47,0.39,0.25]"
16480,2.7189,0.0595,0.1108,0.000051,"[0.18,0.38,1.34]","[0.48,0.41,0.25]"
16490,2.5735,0.0582,0.1168,0.000051,"[0.19,0.37,1.33]","[0.46,0.41,0.25]"
16500,2.8644,0.0576,0.1199,0.000051,"[0.17,0.38,1.34]","[0.48,0.39,0.25]"
16510,2.7526,0.0577,0.1157,0.000051,"[0.18,0.38,1.34]","[0.47,0.40,0.25]"
16520,2.6948,0.0549,0.1304,0.000051,"[0.18,0.38,1.33]","[0.47,0.40,0.25]"
16530,3.0583,0.0568,0.1185,0.000051,"[0.17,0.38,1.34]","[0.46,0.40,0.25]"
16540,2.9064,0.0578,0.1131,0.000050,"[0.17,0.39,1.34]","[0.46,0.41,0.25]"
16550,2.9254,0.0561,0.1195,0.000050,"[0.17,0.39,1.33]","[0.47,0.40,0.25]"
16560,2.5867,0.0546,0.1294,0.000050,"[0.19,0.38,1.32]","[0.47,0.41,0.25]"
16570,2.9876,0.0566,0.1145,0.000050,"[0.17,0.39,1.33]","[0.47,0.40,0.24]"
16580,2.9012,0.0563,0.1148,0.000050,"[0.17,0.39,1.32]","[0.46,0.40,0.24]"
16590,2.6725,0.0573,0.1152,0.000050,"[0.19,0.37,1.31]","[0.48,0.41,0.24]"
16600,3.0811,0.0547,0.1257,0.000050,"[0.17,0.39,1.31]","[0.47,0.40,0.25]"
16610,3.1053,0.0535,0.1309,0.000050,"[0.17,0.38,1.33]","[0.46,0.40,0.25]"
16620,3.0948,0.0521,0.1376,0.000050,"[0.18,0.38,1.31]","[0.46,0.42,0.25]"
16630,2.8149,0.0549,0.1258,0.000049,"[0.18,0.38,1.33]","[0.47,0.41,0.25]"
16640,2.9106,0.0548,0.1247,0.000049,"[0.17,0.39,1.32]","[0.47,0.40,0.25]"
16650,2.9429,0.0543,0.1247,0.000049,"[0.18,0.38,1.31]","[0.46,0.41,0.25]"
16660,2.8805,0.0541,0.1282,0.000049,"[0.18,0.38,1.33]","[0.46,0.41,0.25]"
16670,2.9961,0.0536,0.1247,0.000049,"[0.17,0.39,1.31]","[0.45,0.40,0.24]"
16680,2.8714,0.0530,0.1316,0.000049,"[0.17,0.39,1.31]","[0.45,0.40,0.25]"
16690,2.7719,0.0531,0.1306,0.000049,"[0.18,0.38,1.31]","[0.47,0.41,0.25]"
16700,2.6097,0.0541,0.1247,0.000049,"[0.18,0.38,1.32]","[0.46,0.40,0.24]"
16710,2.8742,0.0548,0.1255,0.000049,"[0.17,0.39,1.33]","[0.47,0.39,0.24]"
16720,2.8564,0.0522,0.1321,0.000048,"[0.18,0.38,1.32]","[0.46,0.38,0.25]"
16730,2.8642,0.0532,0.1267,0.000048,"[0.18,0.38,1.32]","[0.46,0.40,0.24]"
16740,2.8599,0.0527,0.1343,0.000048,"[0.18,0.38,1.31]","[0.46,0.39,0.25]"
16750,2.8973,0.0524,0.1365,0.000048,"[0.18,0.38,1.30]","[0.47,0.40,0.25]"
16760,3.1187,0.0538,0.1299,0.000048,"[0.17,0.39,1.32]","[0.45,0.39,0.25]"
16770,2.8134,0.0537,0.1305,0.000048,"[0.18,0.38,1.33]","[0.47,0.40,0.24]"
16780,2.7478,0.0529,0.1272,0.000048,"[0.18,0.38,1.32]","[0.47,0.40,0.24]"
16790,2.9888,0.0520,0.1315,0.000048,"[0.19,0.38,1.31]","[0.47,0.41,0.24]"
16800,2.6666,0.0505,0.1498,0.000048,"[0.18,0.38,1.31]","[0.47,0.42,0.25]"
16810,2.8245,0.0512,0.1423,0.000047,"[0.18,0.39,1.32]","[0.46,0.40,0.25]"
16820,2.9577,0.0517,0.1353,0.000047,"[0.18,0.38,1.31]","[0.47,0.40,0.24]"
16830,3.0239,0.0525,0.1315,0.000047,"[0.18,0.38,1.32]","[0.47,0.38,0.24]"
16840,2.8521,0.0516,0.1332,0.000047,"[0.18,0.38,1.30]","[0.46,0.40,0.24]"
16850,3.0164,0.0518,0.1328,0.000047,"[0.17,0.39,1.30]","[0.47,0.40,0.24]"
16860,2.7734,0.0503,0.1419,0.000047,"[0.17,0.38,1.29]","[0.47,0.40,0.25]"
16870,2.9303,0.0514,0.1369,0.000047,"[0.17,0.39,1.31]","[0.47,0.39,0.25]"
16880,2.7977,0.0523,0.1347,0.000047,"[0.18,0.38,1.31]","[0.48,0.40,0.25]"
16890,2.6916,0.0510,0.1383,0.000047,"[0.18,0.38,1.30]","[0.46,0.39,0.25]"
16900,3.0940,0.0522,0.1311,0.000047,"[0.17,0.39,1.30]","[0.46,0.40,0.24]"
16910,2.8346,0.0517,0.1328,0.000046,"[0.18,0.38,1.29]","[0.46,0.39,0.24]"
16920,2.9364,0.0529,0.1298,0.000046,"[0.17,0.39,1.30]","[0.48,0.39,0.24]"
16930,2.7997,0.0511,0.1360,0.000046,"[0.18,0.38,1.29]","[0.48,0.39,0.25]"
16940,2.8550,0.0491,0.1453,0.000046,"[0.18,0.39,1.29]","[0.47,0.39,0.25]"
16950,2.7191,0.0503,0.1371,0.000046,"[0.18,0.38,1.29]","[0.47,0.39,0.24]"
16960,3.1944,0.0509,0.1334,0.000046,"[0.17,0.39,1.29]","[0.47,0.39,0.24]"
16970,2.7833,0.0506,0.1364,0.000046,"[0.18,0.37,1.30]","[0.47,0.39,0.24]"
16980,2.8578,0.0509,0.1339,0.000046,"[0.18,0.38,1.29]","[0.46,0.40,0.24]"
16990,2.8954,0.0508,0.1361,0.000046,"[0.18,0.38,1.30]","[0.47,0.39,0.24]"
17000,2.7963,0.0498,0.1387,0.000045,"[0.18,0.39,1.29]","[0.47,0.39,0.25]"
17010,2.7511,0.0497,0.1421,0.000045,"[0.18,0.38,1.28]","[0.47,0.41,0.24]"
17020,2.9157,0.0500,0.1382,0.000045,"[0.18,0.38,1.29]","[0.47,0.40,0.24]"
17030,3.0042,0.0489,0.1457,0.000045,"[0.18,0.39,1.29]","[0.47,0.42,0.25]"
17040,3.0470,0.0506,0.1330,0.000045,"[0.18,0.38,1.28]","[0.48,0.40,0.24]"
17050,3.0050,0.0509,0.1333,0.000045,"[0.18,0.38,1.28]","[0.47,0.42,0.24]"
17060,3.0644,0.0491,0.1427,0.000045,"[0.18,0.39,1.28]","[0.47,0.40,0.25]"
17070,2.7999,0.0487,0.1426,0.000045,"[0.18,0.38,1.29]","[0.48,0.39,0.25]"
17080,3.0106,0.0495,0.1387,0.000045,"[0.17,0.39,1.29]","[0.47,0.40,0.24]"
17090,3.0280,0.0497,0.1368,0.000045,"[0.19,0.38,1.28]","[0.47,0.40,0.24]"
17100,3.1364,0.0502,0.1371,0.000044,"[0.18,0.39,1.28]","[0.47,0.40,0.24]"
17110,2.7188,0.0501,0.1380,0.000044,"[0.18,0.38,1.28]","[0.47,0.41,0.24]"
17120,2.8429,0.0501,0.1352,0.000044,"[0.18,0.38,1.30]","[0.47,0.40,0.24]"
17130,2.8879,0.0504,0.1331,0.000044,"[0.18,0.38,1.29]","[0.46,0.39,0.24]"
17140,2.7635,0.0497,0.1390,0.000044,"[0.17,0.39,1.29]","[0.47,0.38,0.24]"
17150,2.9317,0.0488,0.1398,0.000044,"[0.17,0.39,1.28]","[0.46,0.40,0.24]"
17160,2.9517,0.0491,0.1387,0.000044,"[0.18,0.38,1.28]","[0.45,0.39,0.24]"
17170,2.6901,0.0477,0.1472,0.000044,"[0.18,0.38,1.29]","[0.46,0.39,0.24]"
17180,2.7810,0.0467,0.1519,0.000044,"[0.18,0.38,1.27]","[0.47,0.40,0.25]"
17190,2.9415,0.0488,0.1395,0.000044,"[0.17,0.39,1.28]","[0.45,0.39,0.24]"
17200,2.9982,0.0485,0.1427,0.000044,"[0.18,0.38,1.28]","[0.47,0.40,0.24]"
17210,2.7737,0.0495,0.1358,0.000043,"[0.18,0.38,1.29]","[0.47,0.40,0.24]"
17220,3.1111,0.0482,0.1419,0.000043,"[0.17,0.38,1.29]","[0.46,0.41,0.24]"
17230,2.9431,0.0481,0.1418,0.000043,"[0.18,0.39,1.28]","[0.47,0.42,0.24]"
17240,2.7884,0.0490,0.1367,0.000043,"[0.19,0.38,1.27]","[0.47,0.41,0.24]"
17250,2.8694,0.0483,0.1397,0.000043,"[0.17,0.39,1.27]","[0.47,0.39,0.24]"
17260,2.8016,0.0476,0.1453,0.000043,"[0.19,0.38,1.27]","[0.47,0.41,0.24]"
17270,2.9954,0.0481,0.1388,0.000043,"[0.17,0.39,1.28]","[0.46,0.41,0.24]"
17280,2.4002,0.0475,0.1435,0.000043,"[0.19,0.38,1.28]","[0.46,0.40,0.24]"
17290,2.7854,0.0491,0.1347,0.000043,"[0.18,0.38,1.28]","[0.47,0.42,0.24]"
17300,2.8884,0.0477,0.1406,0.000043,"[0.17,0.39,1.29]","[0.47,0.40,0.24]"
17310,2.9750,0.0477,0.1432,0.000042,"[0.17,0.39,1.28]","[0.47,0.39,0.24]"
17320,2.8235,0.0477,0.1407,0.000042,"[0.18,0.39,1.27]","[0.47,0.39,0.24]"
17330,2.8035,0.0492,0.1353,0.000042,"[0.18,0.39,1.29]","[0.47,0.41,0.24]"
17340,2.9768,0.0475,0.1407,0.000042,"[0.18,0.39,1.28]","[0.47,0.39,0.24]"
17350,2.8964,0.0474,0.1411,0.000042,"[0.18,0.39,1.27]","[0.47,0.40,0.24]"
17360,2.8854,0.0479,0.1365,0.000042,"[0.18,0.39,1.28]","[0.47,0.40,0.24]"
17370,2.9771,0.0478,0.1372,0.000042,"[0.17,0.39,1.28]","[0.46,0.40,0.24]"
17380,2.9000,0.0466,0.1470,0.000042,"[0.18,0.38,1.27]","[0.46,0.41,0.24]"
17390,2.7029,0.0469,0.1436,0.000042,"[0.19,0.39,1.26]","[0.47,0.40,0.24]"
17400,2.7283,0.0474,0.1387,0.000042,"[0.19,0.38,1.27]","[0.48,0.40,0.24]"
17410,2.9697,0.0476,0.1394,0.000042,"[0.19,0.38,1.29]","[0.46,0.41,0.24]"
17420,2.8682,0.0472,0.1408,0.000042,"[0.19,0.38,1.29]","[0.48,0.40,0.24]"
17430,2.9131,0.0472,0.1391,0.000041,"[0.18,0.38,1.28]","[0.48,0.40,0.24]"
17440,2.9474,0.0476,0.1367,0.000041,"[0.18,0.38,1.27]","[0.46,0.40,0.24]"
17450,2.7631,0.0480,0.1357,0.000041,"[0.18,0.39,1.27]","[0.47,0.40,0.24]"
17460,2.9619,0.0475,0.1383,0.000041,"[0.18,0.38,1.27]","[0.46,0.39,0.24]"
17470,2.9356,0.0459,0.1476,0.000041,"[0.18,0.39,1.28]","[0.47,0.40,0.24]"
17480,2.8870,0.0472,0.1382,0.000041,"[0.17,0.39,1.29]","[0.46,0.40,0.24]"
17490,2.8530,0.0466,0.1417,0.000041,"[0.18,0.39,1.28]","[0.48,0.39,0.24]"
17500,2.9073,0.0465,0.1417,0.000041,"[0.18,0.38,1.28]","[0.47,0.40,0.24]"
17510,2.7194,0.0470,0.1397,0.000041,"[0.18,0.39,1.29]","[0.47,0.39,0.24]"
17520,2.7527,0.0467,0.1398,0.000041,"[0.19,0.38,1.28]","[0.46,0.41,0.24]"
17530,2.7580,0.0466,0.1442,0.000041,"[0.19,0.39,1.27]","[0.48,0.39,0.24]"
17540,2.7532,0.0463,0.1415,0.000040,"[0.18,0.39,1.27]","[0.47,0.40,0.24]"
17550,2.8226,0.0466,0.1406,0.000040,"[0.18,0.39,1.28]","[0.45,0.39,0.24]"
17560,3.0517,0.0473,0.1368,0.000040,"[0.17,0.39,1.27]","[0.47,0.39,0.24]"
17570,2.9325,0.0462,0.1432,0.000040,"[0.18,0.39,1.28]","[0.46,0.40,0.24]"
17580,2.8315,0.0469,0.1379,0.000040,"[0.17,0.39,1.28]","[0.46,0.39,0.24]"
17590,3.0238,0.0461,0.1419,0.000040,"[0.17,0.40,1.28]","[0.46,0.40,0.24]"
17600,2.6997,0.0462,0.1419,0.000040,"[0.19,0.39,1.27]","[0.47,0.41,0.24]"
17610,2.9018,0.0456,0.1448,0.000040,"[0.18,0.39,1.28]","[0.47,0.40,0.24]"
17620,2.9014,0.0462,0.1405,0.000040,"[0.19,0.39,1.28]","[0.48,0.41,0.24]"
17630,2.7348,0.0459,0.1415,0.000040,"[0.18,0.39,1.28]","[0.46,0.41,0.24]"
17640,2.5512,0.0462,0.1395,0.000040,"[0.18,0.38,1.29]","[0.47,0.40,0.24]"
17650,2.9707,0.0463,0.1383,0.000040,"[0.18,0.39,1.28]","[0.46,0.42,0.24]"
17660,2.9646,0.0466,0.1372,0.000039,"[0.18,0.38,1.28]","[0.46,0.40,0.24]"
17670,2.8958,0.0477,0.1329,0.000039,"[0.18,0.38,1.29]","[0.47,0.41,0.24]"
17680,2.7189,0.0470,0.1351,0.000039,"[0.19,0.38,1.28]","[0.47,0.42,0.24]"
17690,2.7111,0.0470,0.1350,0.000039,"[0.19,0.38,1.28]","[0.48,0.40,0.24]"
17700,2.7721,0.0479,0.1329,0.000039,"[0.18,0.39,1.29]","[0.47,0.41,0.24]"
17710,2.9427,0.0465,0.1399,0.000039,"[0.18,0.38,1.29]","[0.46,0.40,0.24]"
17720,2.8707,0.0477,0.1347,0.000039,"[0.18,0.38,1.30]","[0.46,0.41,0.24]"
17730,2.8131,0.0488,0.1313,0.000039,"[0.18,0.38,1.30]","[0.47,0.40,0.24]"
17740,2.7744,0.0485,0.1323,0.000039,"[0.18,0.39,1.27]","[0.47,0.41,0.24]"
17750,2.5908,0.0479,0.1358,0.000039,"[0.18,0.39,1.25]","[0.47,0.41,0.25]"
17760,2.6672,0.0484,0.1336,0.000039,"[0.18,0.38,1.26]","[0.45,0.39,0.24]"
17770,2.8761,0.0480,0.1333,0.000039,"[0.18,0.38,1.27]","[0.46,0.40,0.24]"
17780,2.8802,0.0475,0.1379,0.000039,"[0.17,0.39,1.28]","[0.46,0.40,0.25]"
17790,2.9553,0.0483,0.1342,0.000038,"[0.17,0.39,1.27]","[0.46,0.40,0.24]"
17800,3.0605,0.0492,0.1298,0.000038,"[0.17,0.40,1.27]","[0.47,0.40,0.24]"
17810,2.9566,0.0471,0.1372,0.000038,"[0.17,0.39,1.28]","[0.46,0.40,0.25]"
17820,2.8387,0.0472,0.1353,0.000038,"[0.18,0.38,1.28]","[0.48,0.41,0.24]"
17830,2.8633,0.0473,0.1367,0.000038,"[0.18,0.39,1.28]","[0.47,0.40,0.24]"
17840,2.8589,0.0474,0.1364,0.000038,"[0.17,0.39,1.28]","[0.46,0.40,0.24]"
17850,3.0878,0.0469,0.1356,0.000038,"[0.17,0.39,1.27]","[0.46,0.41,0.24]"
17860,3.0320,0.0464,0.1406,0.000038,"[0.18,0.39,1.27]","[0.46,0.40,0.24]"
17870,2.7126,0.0468,0.1360,0.000038,"[0.18,0.39,1.25]","[0.46,0.40,0.24]"
17880,2.9079,0.0475,0.1322,0.000038,"[0.17,0.39,1.27]","[0.46,0.39,0.24]"
17890,2.7482,0.0467,0.1344,0.000038,"[0.19,0.39,1.25]","[0.46,0.41,0.24]"
17900,2.9284,0.0464,0.1371,0.000038,"[0.18,0.39,1.28]","[0.47,0.41,0.25]"
17910,2.9758,0.0463,0.1374,0.000038,"[0.18,0.39,1.26]","[0.45,0.40,0.25]"
17920,2.9900,0.0464,0.1345,0.000038,"[0.17,0.39,1.27]","[0.46,0.40,0.24]"
17930,2.7548,0.0471,0.1323,0.000037,"[0.19,0.38,1.27]","[0.47,0.41,0.24]"
17940,2.8031,0.0466,0.1349,0.000037,"[0.18,0.39,1.29]","[0.46,0.42,0.24]"
17950,2.7454,0.0476,0.1326,0.000037,"[0.18,0.38,1.29]","[0.47,0.41,0.24]"
17960,3.1405,0.0468,0.1332,0.000037,"[0.17,0.39,1.29]","[0.47,0.40,0.24]"
17970,2.8498,0.0456,0.1405,0.000037,"[0.18,0.38,1.27]","[0.47,0.40,0.25]"
17980,2.8084,0.0463,0.1358,0.000037,"[0.18,0.39,1.28]","[0.48,0.40,0.24]"
17990,2.7055,0.0469,0.1368,0.000037,"[0.18,0.39,1.28]","[0.47,0.39,0.25]"
18000,2.9302,0.0557,0.1109,0.000037,"[0.19,0.39,1.24]","[0.48,0.41,0.24]"
18010,2.9174,0.0510,0.1207,0.000037,"[0.18,0.39,1.25]","[0.46,0.39,0.24]"
18020,2.8748,0.0505,0.1271,0.000037,"[0.18,0.38,1.26]","[0.47,0.40,0.25]"
18030,2.8733,0.0498,0.1218,0.000037,"[0.18,0.38,1.26]","[0.47,0.40,0.24]"
18040,2.7787,0.0492,0.1268,0.000037,"[0.18,0.38,1.26]","[0.46,0.40,0.25]"
18050,2.8371,0.0494,0.1235,0.000037,"[0.18,0.39,1.27]","[0.46,0.41,0.24]"
18060,2.8746,0.0479,0.1308,0.000037,"[0.18,0.39,1.26]","[0.46,0.41,0.25]"
18070,2.9949,0.0482,0.1302,0.000036,"[0.18,0.39,1.26]","[0.47,0.41,0.25]"
18080,2.9293,0.0493,0.1230,0.000036,"[0.18,0.39,1.26]","[0.47,0.40,0.25]"
18090,2.7745,0.0487,0.1251,0.000036,"[0.18,0.39,1.26]","[0.46,0.39,0.25]"
18100,2.9616,0.0479,0.1276,0.000036,"[0.17,0.39,1.26]","[0.47,0.39,0.25]"
18110,2.8881,0.0482,0.1310,0.000036,"[0.18,0.38,1.26]","[0.47,0.40,0.25]"
18120,2.9516,0.0486,0.1323,0.000036,"[0.17,0.39,1.26]","[0.46,0.39,0.25]"
18130,2.5484,0.0476,0.1310,0.000036,"[0.18,0.39,1.25]","[0.47,0.40,0.25]"
18140,2.7532,0.0476,0.1278,0.000036,"[0.19,0.39,1.25]","[0.47,0.41,0.24]"
18150,2.9981,0.0478,0.1278,0.000036,"[0.18,0.39,1.24]","[0.46,0.41,0.24]"
18160,3.0033,0.0468,0.1307,0.000036,"[0.17,0.39,1.26]","[0.47,0.41,0.24]"
18170,2.7623,0.0469,0.1295,0.000036,"[0.19,0.38,1.26]","[0.47,0.41,0.24]"
18180,2.7530,0.0467,0.1342,0.000036,"[0.18,0.39,1.26]","[0.46,0.40,0.25]"
18190,2.4671,0.0461,0.1333,0.000036,"[0.19,0.38,1.25]","[0.47,0.41,0.24]"
18200,2.7818,0.0460,0.1325,0.000036,"[0.18,0.39,1.26]","[0.46,0.40,0.24]"
18210,2.7761,0.0464,0.1316,0.000036,"[0.18,0.38,1.25]","[0.47,0.40,0.24]"
18220,3.1258,0.0470,0.1289,0.000036,"[0.17,0.39,1.26]","[0.46,0.41,0.24]"
18230,2.7686,0.0476,0.1253,0.000035,"[0.18,0.39,1.26]","[0.46,0.40,0.24]"
18240,2.7627,0.0460,0.1333,0.000035,"[0.18,0.38,1.25]","[0.46,0.40,0.24]"
18250,2.9483,0.0469,0.1318,0.000035,"[0.18,0.39,1.24]","[0.46,0.39,0.24]"
18260,2.8413,0.0463,0.1322,0.000035,"[0.19,0.38,1.24]","[0.48,0.40,0.24]"
18270,2.6944,0.0456,0.1345,0.000035,"[0.18,0.38,1.24]","[0.47,0.40,0.25]"
18280,2.9038,0.0456,0.1343,0.000035,"[0.17,0.39,1.26]","[0.48,0.40,0.24]"
18290,2.9799,0.0448,0.1377,0.000035,"[0.17,0.39,1.26]","[0.45,0.39,0.25]"
18300,2.9446,0.0450,0.1374,0.000035,"[0.18,0.39,1.26]","[0.46,0.40,0.24]"
18310,2.8136,0.0441,0.1413,0.000035,"[0.17,0.39,1.25]","[0.45,0.39,0.25]"
18320,2.7302,0.0446,0.1388,0.000035,"[0.18,0.39,1.24]","[0.47,0.40,0.24]"
18330,2.9185,0.0442,0.1412,0.000035,"[0.18,0.39,1.24]","[0.46,0.40,0.25]"
18340,2.9579,0.0452,0.1329,0.000035,"[0.18,0.39,1.25]","[0.46,0.41,0.24]"
18350,2.8798,0.0438,0.1448,0.000035,"[0.18,0.39,1.24]","[0.46,0.39,0.25]"
18360,2.9385,0.0443,0.1389,0.000035,"[0.17,0.39,1.25]","[0.46,0.39,0.24]"
18370,2.8451,0.0438,0.1401,0.000035,"[0.19,0.39,1.25]","[0.47,0.41,0.24]"
18380,2.6511,0.0443,0.1402,0.000035,"[0.20,0.38,1.22]","[0.48,0.41,0.24]"
18390,2.4925,0.0442,0.1393,0.000035,"[0.18,0.38,1.24]","[0.47,0.40,0.24]"
18400,2.8933,0.0445,0.1355,0.000034,"[0.20,0.38,1.25]","[0.48,0.40,0.24]"
18410,2.7260,0.0450,0.1324,0.000034,"[0.19,0.39,1.24]","[0.46,0.41,0.24]"
18420,2.9109,0.0450,0.1349,0.000034,"[0.17,0.40,1.24]","[0.45,0.39,0.24]"
18430,2.7712,0.0448,0.1338,0.000034,"[0.19,0.39,1.24]","[0.48,0.40,0.24]"
18440,2.6901,0.0442,0.1361,0.000034,"[0.18,0.40,1.24]","[0.47,0.40,0.24]"
18450,2.8402,0.0444,0.1349,0.000034,"[0.18,0.39,1.25]","[0.47,0.40,0.24]"
18460,2.7554,0.0446,0.1337,0.000034,"[0.18,0.39,1.25]","[0.47,0.39,0.24]"
18470,2.8746,0.0441,0.1374,0.000034,"[0.17,0.39,1.24]","[0.46,0.39,0.24]"
18480,2.7489,0.0448,0.1372,0.000034,"[0.18,0.39,1.22]","[0.47,0.41,0.25]"
18490,2.7908,0.0448,0.1379,0.000034,"[0.18,0.39,1.22]","[0.46,0.40,0.25]"
18500,2.8230,0.0445,0.1397,0.000034,"[0.17,0.39,1.22]","[0.45,0.40,0.25]"
18510,2.8372,0.0449,0.1352,0.000034,"[0.18,0.39,1.22]","[0.47,0.39,0.24]"
18520,2.8241,0.0450,0.1334,0.000034,"[0.18,0.39,1.24]","[0.47,0.41,0.24]"
18530,2.7094,0.0441,0.1367,0.000034,"[0.18,0.39,1.24]","[0.46,0.39,0.24]"
18540,2.8755,0.0444,0.1389,0.000034,"[0.19,0.39,1.22]","[0.47,0.40,0.24]"
18550,2.9124,0.0447,0.1381,0.000034,"[0.18,0.39,1.23]","[0.47,0.40,0.24]"
18560,3.0522,0.0459,0.1327,0.000034,"[0.17,0.39,1.21]","[0.46,0.39,0.24]"
18570,2.9759,0.0458,0.1328,0.000034,"[0.18,0.39,1.22]","[0.45,0.39,0.24]"
18580,2.7455,0.0461,0.1308,0.000034,"[0.19,0.38,1.20]","[0.46,0.41,0.24]"
18590,2.9189,0.0457,0.1312,0.000033,"[0.18,0.39,1.19]","[0.47,0.40,0.24]"
18600,2.8591,0.0454,0.1338,0.000033,"[0.17,0.39,1.21]","[0.45,0.39,0.24]"
18610,2.7620,0.0464,0.1318,0.000033,"[0.18,0.39,1.23]","[0.46,0.39,0.24]"
18620,2.7870,0.0445,0.1371,0.000033,"[0.18,0.39,1.22]","[0.47,0.40,0.24]"
18630,2.7246,0.0454,0.1348,0.000033,"[0.18,0.39,1.20]","[0.48,0.39,0.24]"
18640,3.1008,0.0447,0.1349,0.000033,"[0.18,0.39,1.21]","[0.46,0.39,0.24]"
18650,2.8407,0.0444,0.1340,0.000033,"[0.18,0.38,1.21]","[0.47,0.40,0.24]"
18660,2.9563,0.0449,0.1334,0.000033,"[0.18,0.39,1.21]","[0.47,0.41,0.24]"
18670,2.9006,0.0447,0.1325,0.000033,"[0.18,0.39,1.22]","[0.48,0.40,0.24]"
18680,2.7887,0.0441,0.1361,0.000033,"[0.18,0.38,1.21]","[0.47,0.39,0.24]"
18690,2.8485,0.0447,0.1332,0.000033,"[0.19,0.39,1.20]","[0.47,0.40,0.24]"
18700,3.0245,0.0443,0.1330,0.000033,"[0.19,0.38,1.21]","[0.47,0.41,0.24]"
18710,2.8460,0.0440,0.1339,0.000033,"[0.18,0.39,1.20]","[0.46,0.40,0.24]"
18720,2.8230,0.0436,0.1375,0.000033,"[0.18,0.39,1.20]","[0.46,0.40,0.24]"
18730,2.7221,0.0435,0.1372,0.000033,"[0.19,0.38,1.20]","[0.46,0.41,0.24]"
18740,3.0705,0.0438,0.1346,0.000033,"[0.17,0.39,1.20]","[0.46,0.40,0.24]"
18750,2.7205,0.0469,0.1297,0.000033,"[0.18,0.39,1.18]","[0.46,0.39,0.25]"
18760,2.9735,0.0589,0.1084,0.000033,"[0.17,0.39,1.17]","[0.46,0.39,0.25]"
18770,2.8829,0.0609,0.0915,0.000033,"[0.18,0.39,1.15]","[0.47,0.40,0.25]"
18780,3.0919,0.0598,0.0911,0.000033,"[0.18,0.39,1.20]","[0.47,0.39,0.25]"
18790,2.7616,0.0582,0.0993,0.000033,"[0.17,0.39,1.21]","[0.45,0.42,0.25]"
18800,2.7442,0.0574,0.0968,0.000033,"[0.18,0.38,1.17]","[0.48,0.41,0.25]"
18810,2.9318,0.0585,0.0971,0.000032,"[0.18,0.39,1.15]","[0.47,0.40,0.25]"
18820,2.8664,0.0573,0.1019,0.000032,"[0.19,0.39,1.15]","[0.47,0.41,0.25]"
18830,2.8664,0.0591,0.0966,0.000032,"[0.18,0.38,1.16]","[0.46,0.39,0.25]"
18840,2.8174,0.0588,0.1008,0.000032,"[0.19,0.38,1.16]","[0.47,0.40,0.25]"
18850,2.8374,0.0557,0.1005,0.000032,"[0.18,0.39,1.15]","[0.47,0.39,0.25]"
18860,3.1466,0.0594,0.0969,0.000032,"[0.18,0.39,1.15]","[0.46,0.40,0.25]"
18870,2.9981,0.0597,0.0934,0.000032,"[0.18,0.39,1.16]","[0.47,0.40,0.25]"
18880,2.8398,0.0620,0.0906,0.000032,"[0.18,0.38,1.16]","[0.47,0.41,0.25]"
18890,2.9302,0.0579,0.0902,0.000032,"[0.18,0.39,1.16]","[0.47,0.40,0.25]"
18900,2.8853,0.0563,0.0962,0.000032,"[0.19,0.39,1.15]","[0.46,0.41,0.25]"
18910,2.8263,0.0596,0.0971,0.000032,"[0.18,0.39,1.14]","[0.47,0.40,0.25]"
18920,2.8310,0.0679,0.0860,0.000032,"[0.18,0.39,1.13]","[0.47,0.41,0.25]"
18930,3.0072,0.0785,0.0850,0.000032,"[0.17,0.39,1.14]","[0.47,0.39,0.25]"
18940,2.8519,0.0727,0.0884,0.000032,"[0.19,0.39,1.15]","[0.47,0.40,0.25]"
18950,2.7047,0.0683,0.0873,0.000032,"[0.18,0.39,1.15]","[0.48,0.40,0.25]"
18960,2.8880,0.0662,0.0870,0.000032,"[0.17,0.39,1.18]","[0.46,0.38,0.25]"
18970,2.9293,0.0635,0.0875,0.000032,"[0.17,0.40,1.16]","[0.46,0.40,0.25]"
18980,2.7792,0.0628,0.0891,0.000032,"[0.17,0.38,1.13]","[0.45,0.39,0.25]"
18990,2.7073,0.0658,0.0848,0.000032,"[0.18,0.39,1.13]","[0.45,0.39,0.25]"
19000,2.7919,0.0893,0.0868,0.000032,"[0.18,0.39,1.09]","[0.48,0.40,0.25]"
19010,2.8638,0.1501,0.0896,0.000032,"[0.18,0.39,1.13]","[0.47,0.40,0.25]"
19020,2.9852,0.1554,0.0949,0.000032,"[0.18,0.38,1.20]","[0.46,0.40,0.25]"
19030,2.7581,0.1047,0.1028,0.000032,"[0.19,0.38,1.16]","[0.48,0.42,0.25]"
19040,3.0151,0.0924,0.1031,0.000032,"[0.17,0.40,1.16]","[0.47,0.40,0.25]"
19050,2.8370,0.0941,0.0910,0.000032,"[0.19,0.39,1.16]","[0.48,0.40,0.25]"
19060,2.7463,0.0868,0.1015,0.000032,"[0.17,0.38,1.17]","[0.44,0.40,0.25]"
19070,2.7393,0.0816,0.0894,0.000032,"[0.18,0.39,1.21]","[0.47,0.40,0.25]"
19080,2.6854,0.0753,0.0904,0.000031,"[0.18,0.38,1.17]","[0.47,0.40,0.25]"
19090,3.0188,0.0740,0.0942,0.000031,"[0.19,0.39,1.13]","[0.47,0.40,0.25]"
19100,2.8173,0.0705,0.1008,0.000031,"[0.19,0.39,1.13]","[0.47,0.39,0.26]"
19110,2.9316,0.0738,0.0851,0.000031,"[0.18,0.39,1.13]","[0.47,0.40,0.25]"
19120,2.8565,0.0672,0.0946,0.000031,"[0.19,0.39,1.12]","[0.47,0.40,0.25]"
19130,2.8719,0.0653,0.0965,0.000031,"[0.18,0.39,1.12]","[0.47,0.39,0.25]"
19140,2.9237,0.0648,0.0914,0.000031,"[0.18,0.39,1.14]","[0.47,0.39,0.25]"
19150,2.9348,0.0647,0.0905,0.000031,"[0.17,0.39,1.10]","[0.45,0.39,0.25]"
19160,2.8570,0.0645,0.0953,0.000031,"[0.18,0.39,1.10]","[0.48,0.41,0.25]"
19170,2.6944,0.0641,0.0872,0.000031,"[0.18,0.39,1.09]","[0.47,0.39,0.25]"
19180,2.8309,0.0630,0.0872,0.000031,"[0.19,0.38,1.09]","[0.48,0.41,0.25]"
19190,2.9645,0.0619,0.0908,0.000031,"[0.18,0.39,1.12]","[0.47,0.40,0.25]"
19200,2.7120,0.0602,0.0973,0.000031,"[0.19,0.38,1.11]","[0.47,0.40,0.25]"
19210,2.6981,0.0602,0.0903,0.000031,"[0.18,0.39,1.11]","[0.47,0.39,0.25]"
19220,2.7221,0.0586,0.0984,0.000031,"[0.19,0.38,1.09]","[0.47,0.40,0.25]"
19230,2.7672,0.0610,0.0869,0.000031,"[0.18,0.39,1.08]","[0.47,0.40,0.25]"
19240,2.9219,0.0597,0.0931,0.000031,"[0.17,0.40,1.10]","[0.46,0.40,0.25]"
19250,3.0217,0.0594,0.0932,0.000031,"[0.18,0.40,1.09]","[0.46,0.39,0.25]"
19260,2.5766,0.0600,0.0892,0.000031,"[0.19,0.39,1.08]","[0.46,0.39,0.25]"
19270,2.8336,0.0585,0.0961,0.000031,"[0.18,0.39,1.08]","[0.46,0.39,0.25]"
19280,2.9495,0.0575,0.1007,0.000031,"[0.18,0.39,1.09]","[0.46,0.40,0.25]"
19290,2.6921,0.0573,0.0989,0.000031,"[0.18,0.39,1.08]","[0.46,0.40,0.25]"
19300,2.9102,0.0584,0.0914,0.000031,"[0.18,0.39,1.08]","[0.46,0.40,0.25]"
19310,2.8349,0.0582,0.0917,0.000031,"[0.18,0.39,1.09]","[0.46,0.40,0.25]"
19320,2.8437,0.0583,0.0898,0.000031,"[0.18,0.39,1.08]","[0.46,0.39,0.25]"
19330,2.9038,0.0572,0.0933,0.000031,"[0.18,0.39,1.08]","[0.46,0.39,0.25]"
19340,2.8036,0.0583,0.0906,0.000031,"[0.18,0.39,1.08]","[0.46,0.38,0.25]"
19350,2.8008,0.0573,0.0933,0.000031,"[0.18,0.39,1.07]","[0.47,0.39,0.25]"
19360,2.5711,0.0566,0.0962,0.000031,"[0.19,0.39,1.07]","[0.48,0.40,0.25]"
19370,2.7434,0.0556,0.0974,0.000031,"[0.18,0.39,1.07]","[0.46,0.40,0.25]"
19380,3.0153,0.0554,0.0991,0.000031,"[0.18,0.39,1.08]","[0.47,0.40,0.25]"
19390,2.8485,0.0561,0.0940,0.000031,"[0.18,0.39,1.07]","[0.46,0.41,0.25]"
19400,3.0747,0.0555,0.0983,0.000031,"[0.17,0.39,1.07]","[0.45,0.38,0.25]"
19410,2.8491,0.0562,0.0945,0.000031,"[0.17,0.39,1.08]","[0.45,0.38,0.25]"
19420,2.9091,0.0554,0.0958,0.000031,"[0.18,0.40,1.07]","[0.47,0.40,0.25]"
19430,2.7503,0.0563,0.0922,0.000031,"[0.19,0.38,1.07]","[0.47,0.39,0.25]"
19440,2.8775,0.0546,0.0989,0.000031,"[0.18,0.39,1.08]","[0.46,0.40,0.25]"
19450,2.9873,0.0542,0.0996,0.000031,"[0.18,0.39,1.07]","[0.46,0.40,0.25]"
19460,2.9460,0.0550,0.0927,0.000031,"[0.18,0.39,1.07]","[0.46,0.40,0.25]"
19470,2.6690,0.0557,0.0948,0.000030,"[0.18,0.39,1.07]","[0.45,0.39,0.25]"
19480,2.7370,0.0550,0.0946,0.000030,"[0.18,0.40,1.07]","[0.48,0.40,0.25]"
19490,2.8562,0.0542,0.0983,0.000030,"[0.18,0.39,1.07]","[0.46,0.40,0.25]"
19500,2.9255,0.0548,0.0937,0.000030,"[0.18,0.39,1.07]","[0.47,0.38,0.25]"
19510,2.9135,0.0537,0.0959,0.000030,"[0.18,0.39,1.06]","[0.47,0.40,0.25]"
19520,2.8032,0.0542,0.0988,0.000030,"[0.18,0.40,1.07]","[0.46,0.40,0.25]"
19530,2.7171,0.0544,0.0956,0.000030,"[0.19,0.38,1.06]","[0.47,0.41,0.25]"
19540,2.8653,0.0551,0.0898,0.000030,"[0.19,0.39,1.06]","[0.48,0.40,0.25]"
19550,2.7541,0.0545,0.0909,0.000030,"[0.18,0.39,1.06]","[0.46,0.39,0.25]"
19560,2.7487,0.0528,0.1007,0.000030,"[0.19,0.39,1.06]","[0.46,0.41,0.25]"
19570,3.0555,0.0534,0.0996,0.000030,"[0.18,0.39,1.07]","[0.47,0.40,0.25]"
19580,2.8138,0.0530,0.0983,0.000030,"[0.19,0.39,1.06]","[0.47,0.40,0.25]"
19590,2.7469,0.0549,0.0920,0.000030,"[0.18,0.39,1.07]","[0.47,0.39,0.25]"
19600,2.8152,0.0539,0.0942,0.000030,"[0.19,0.38,1.05]","[0.47,0.40,0.25]"
19610,2.8318,0.0528,0.0972,0.000030,"[0.17,0.39,1.06]","[0.46,0.39,0.25]"
19620,2.8978,0.0526,0.0957,0.000030,"[0.18,0.39,1.06]","[0.46,0.39,0.25]"
19630,2.8706,0.0533,0.0959,0.000030,"[0.18,0.39,1.07]","[0.47,0.39,0.25]"
19640,2.7098,0.0530,0.0935,0.000030,"[0.20,0.39,1.05]","[0.48,0.40,0.25]"
19650,2.9893,0.0543,0.0918,0.000030,"[0.18,0.39,1.06]","[0.47,0.39,0.25]"
19660,2.7957,0.0550,0.0911,0.000030,"[0.18,0.39,1.06]","[0.46,0.39,0.25]"
19670,3.0208,0.0538,0.0900,0.000030,"[0.17,0.39,1.07]","[0.46,0.39,0.25]"
19680,2.7103,0.0522,0.0953,0.000030,"[0.18,0.39,1.06]","[0.47,0.40,0.25]"
19690,2.8409,0.0515,0.0998,0.000030,"[0.18,0.39,1.05]","[0.48,0.41,0.25]"
19700,2.8536,0.0514,0.1011,0.000030,"[0.18,0.39,1.06]","[0.47,0.40,0.25]"
19710,2.7085,0.0519,0.0970,0.000030,"[0.17,0.39,1.05]","[0.46,0.39,0.25]"
19720,2.7715,0.0520,0.0969,0.000030,"[0.19,0.39,1.05]","[0.48,0.41,0.25]"
19730,2.7224,0.0520,0.0994,0.000030,"[0.18,0.39,1.05]","[0.46,0.41,0.25]"
19740,2.7758,0.0519,0.0975,0.000030,"[0.18,0.39,1.07]","[0.47,0.40,0.25]"
19750,2.9634,0.0511,0.0991,0.000030,"[0.18,0.39,1.06]","[0.46,0.39,0.25]"
19760,2.9730,0.0517,0.0978,0.000030,"[0.18,0.39,1.06]","[0.47,0.40,0.25]"
19770,3.0638,0.0511,0.0998,0.000030,"[0.17,0.40,1.06]","[0.45,0.40,0.25]"
19780,2.8914,0.0526,0.0943,0.000030,"[0.18,0.40,1.07]","[0.46,0.41,0.25]"
19790,2.7589,0.0510,0.0994,0.000030,"[0.19,0.39,1.06]","[0.46,0.40,0.25]"
19800,2.8539,0.0510,0.0967,0.000030,"[0.18,0.39,1.06]","[0.47,0.39,0.25]"
19810,3.0013,0.0503,0.0980,0.000030,"[0.17,0.40,1.06]","[0.46,0.39,0.25]"
19820,2.9955,0.0500,0.1039,0.000030,"[0.18,0.40,1.06]","[0.46,0.40,0.25]"
19830,2.7963,0.0508,0.0989,0.000030,"[0.19,0.39,1.05]","[0.47,0.39,0.25]"
19840,3.0192,0.0501,0.0999,0.000030,"[0.19,0.39,1.06]","[0.46,0.40,0.25]"
19850,2.6967,0.0504,0.0982,0.000030,"[0.18,0.39,1.05]","[0.47,0.40,0.25]"
19860,2.9776,0.0499,0.1005,0.000030,"[0.18,0.39,1.06]","[0.47,0.40,0.25]"
19870,2.7280,0.0503,0.0999,0.000030,"[0.18,0.39,1.06]","[0.46,0.40,0.25]"
19880,2.7931,0.0505,0.0972,0.000030,"[0.18,0.39,1.06]","[0.47,0.39,0.25]"
19890,2.8880,0.0509,0.0953,0.000030,"[0.18,0.39,1.06]","[0.46,0.40,0.25]"
19900,2.5378,0.0505,0.0985,0.000030,"[0.19,0.39,1.06]","[0.48,0.41,0.25]"
19910,2.6061,0.0514,0.0946,0.000030,"[0.18,0.39,1.06]","[0.47,0.39,0.25]"
19920,3.0463,0.0505,0.0962,0.000030,"[0.18,0.39,1.06]","[0.46,0.40,0.25]"
19930,3.0560,0.0489,0.1029,0.000030,"[0.18,0.40,1.06]","[0.46,0.40,0.25]"
19940,2.6905,0.0493,0.1016,0.000030,"[0.18,0.39,1.06]","[0.46,0.39,0.25]"
19950,2.7755,0.0500,0.0990,0.000030,"[0.19,0.39,1.06]","[0.47,0.40,0.25]"
19960,2.9219,0.0499,0.1032,0.000030,"[0.18,0.39,1.06]","[0.46,0.40,0.25]"
19970,3.0693,0.0500,0.0988,0.000030,"[0.18,0.39,1.07]","[0.46,0.39,0.25]"
19980,2.6394,0.0492,0.1011,0.000030,"[0.18,0.39,1.06]","[0.46,0.40,0.25]"
19990,2.8303,0.0481,0.1043,0.000030,"[0.18,0.39,1.05]","[0.47,0.40,0.25]"
20000,2.9023,0.0486,0.1027,0.000030,"[0.18,0.39,1.06]","[0.46,0.39,0.25]"
20010,2.6993,0.0492,0.1024,0.000030,"[0.18,0.39,1.06]","[0.45,0.39,0.25]"
20020,2.6986,0.0498,0.1002,0.000030,"[0.19,0.39,1.06]","[0.48,0.39,0.25]"
20030,2.7795,0.0495,0.1023,0.000030,"[0.18,0.39,1.05]","[0.47,0.41,0.25]"
20040,3.1190,0.0489,0.1009,0.000030,"[0.17,0.40,1.06]","[0.45,0.40,0.25]"
20050,2.7263,0.0488,0.1014,0.000030,"[0.19,0.39,1.06]","[0.47,0.41,0.25]"
20060,2.8893,0.0501,0.0965,0.000030,"[0.18,0.39,1.06]","[0.47,0.40,0.25]"
20070,2.6426,0.0492,0.1023,0.000030,"[0.18,0.38,1.05]","[0.46,0.39,0.25]"
20080,2.7522,0.0502,0.0972,0.000030,"[0.19,0.39,1.07]","[0.47,0.41,0.25]"
20090,2.7214,0.0491,0.1005,0.000030,"[0.18,0.39,1.07]","[0.47,0.40,0.25]"
20100,2.8784,0.0486,0.1016,0.000030,"[0.19,0.39,1.06]","[0.46,0.41,0.25]"
20110,2.6669,0.0498,0.0971,0.000030,"[0.19,0.39,1.06]","[0.47,0.40,0.25]"
20120,2.4885,0.0482,0.1037,0.000030,"[0.19,0.39,1.06]","[0.46,0.40,0.25]"
20130,2.6904,0.0489,0.1000,0.000030,"[0.17,0.39,1.06]","[0.46,0.39,0.25]"
20140,2.7286,0.0482,0.1016,0.000030,"[0.18,0.38,1.05]","[0.46,0.40,0.25]"
20150,2.8466,0.0489,0.0995,0.000030,"[0.19,0.39,1.06]","[0.47,0.40,0.25]"
20160,2.8976,0.0500,0.0971,0.000030,"[0.18,0.39,1.07]","[0.47,0.39,0.25]"
20170,3.0947,0.0483,0.1036,0.000030,"[0.19,0.39,1.07]","[0.46,0.40,0.25]"
20180,2.6819,0.0494,0.0971,0.000030,"[0.18,0.38,1.06]","[0.46,0.40,0.25]"
20190,2.7734,0.0482,0.1036,0.000030,"[0.18,0.38,1.07]","[0.47,0.40,0.25]"
20200,2.8217,0.0482,0.0999,0.000030,"[0.18,0.39,1.07]","[0.46,0.40,0.25]"
20210,2.7291,0.0492,0.0961,0.000030,"[0.19,0.39,1.07]","[0.47,0.39,0.25]"
20220,2.8132,0.0488,0.1006,0.000030,"[0.17,0.39,1.07]","[0.47,0.40,0.25]"
20230,2.5808,0.0486,0.1006,0.000030,"[0.19,0.38,1.06]","[0.47,0.41,0.25]"
20240,3.1453,0.0493,0.0963,0.000030,"[0.17,0.40,1.08]","[0.47,0.42,0.25]"
20250,3.1008,0.0487,0.1012,0.000030,"[0.17,0.40,1.08]","[0.45,0.39,0.25]"
20260,2.5383,0.0479,0.1042,0.000030,"[0.17,0.39,1.07]","[0.46,0.39,0.25]"
20270,2.6705,0.0484,0.1010,0.000030,"[0.19,0.39,1.07]","[0.46,0.40,0.25]"
20280,2.6619,0.0497,0.0947,0.000030,"[0.18,0.39,1.07]","[0.46,0.40,0.24]"
20290,2.7243,0.0492,0.0979,0.000030,"[0.19,0.39,1.08]","[0.46,0.40,0.25]"
20300,2.9719,0.0485,0.0996,0.000030,"[0.18,0.40,1.08]","[0.46,0.40,0.25]"
20310,2.8678,0.0482,0.1018,0.000030,"[0.18,0.39,1.09]","[0.46,0.40,0.25]"
20320,2.6773,0.0471,0.1060,0.000030,"[0.19,0.39,1.08]","[0.48,0.40,0.25]"
20330,2.7593,0.0485,0.0987,0.000030,"[0.18,0.39,1.08]","[0.46,0.40,0.25]"
20340,2.5337,0.0485,0.1013,0.000030,"[0.19,0.38,1.08]","[0.46,0.41,0.25]"
20350,2.8554,0.0476,0.1032,0.000030,"[0.18,0.39,1.08]","[0.47,0.39,0.25]"
20360,2.8615,0.0474,0.1042,0.000030,"[0.18,0.39,1.09]","[0.47,0.39,0.25]"
20370,2.8269,0.0469,0.1053,0.000030,"[0.19,0.39,1.08]","[0.46,0.39,0.25]"
20380,2.7475,0.0469,0.1077,0.000030,"[0.19,0.39,1.08]","[0.47,0.41,0.25]"
20390,2.8561,0.0473,0.1023,0.000030,"[0.18,0.39,1.09]","[0.47,0.39,0.25]"
20400,3.0600,0.0491,0.0961,0.000030,"[0.18,0.40,1.11]","[0.46,0.41,0.25]"
20410,2.6056,0.0475,0.1030,0.000030,"[0.18,0.39,1.09]","[0.45,0.39,0.25]"
20420,2.7116,0.0461,0.1077,0.000030,"[0.18,0.38,1.08]","[0.46,0.39,0.25]"
20430,2.7948,0.0457,0.1072,0.000030,"[0.18,0.39,1.08]","[0.47,0.41,0.25]"
20440,2.8350,0.0468,0.1043,0.000030,"[0.18,0.39,1.09]","[0.47,0.41,0.25]"
20450,2.8117,0.0475,0.1035,0.000030,"[0.19,0.39,1.09]","[0.46,0.40,0.25]"
20460,2.7342,0.0471,0.1032,0.000030,"[0.18,0.38,1.08]","[0.46,0.40,0.25]"
20470,2.6774,0.0466,0.1024,0.000030,"[0.18,0.39,1.10]","[0.46,0.40,0.25]"
20480,2.8158,0.0472,0.1006,0.000030,"[0.19,0.39,1.09]","[0.45,0.40,0.24]"
20490,2.8948,0.0472,0.1031,0.000030,"[0.19,0.39,1.09]","[0.48,0.41,0.25]"
20500,2.7620,0.0471,0.1020,0.000030,"[0.18,0.40,1.10]","[0.47,0.41,0.25]"
20510,2.7853,0.0465,0.1058,0.000030,"[0.18,0.40,1.11]","[0.47,0.40,0.25]"
20520,2.8756,0.0453,0.1116,0.000030,"[0.19,0.39,1.09]","[0.48,0.40,0.25]"
20530,2.6981,0.0459,0.1075,0.000030,"[0.19,0.38,1.10]","[0.47,0.39,0.25]"
20540,2.8824,0.0459,0.1114,0.000030,"[0.18,0.39,1.12]","[0.47,0.39,0.25]"
20550,2.8307,0.0455,0.1088,0.000030,"[0.17,0.39,1.12]","[0.47,0.39,0.25]"
20560,2.6916,0.0453,0.1090,0.000030,"[0.18,0.39,1.12]","[0.46,0.39,0.25]"
20570,2.8626,0.0447,0.1104,0.000030,"[0.19,0.39,1.10]","[0.47,0.41,0.25]"
20580,2.9371,0.0452,0.1080,0.000030,"[0.18,0.40,1.10]","[0.47,0.41,0.25]"
20590,2.7941,0.0461,0.1029,0.000030,"[0.17,0.40,1.11]","[0.46,0.39,0.25]"
20600,2.9462,0.0456,0.1041,0.000030,"[0.19,0.39,1.10]","[0.46,0.40,0.25]"
20610,2.8170,0.0455,0.1046,0.000030,"[0.18,0.39,1.10]","[0.47,0.40,0.25]"
20620,2.7472,0.0462,0.1026,0.000030,"[0.18,0.39,1.11]","[0.46,0.40,0.24]"
20630,2.8187,0.0462,0.0998,0.000030,"[0.19,0.39,1.10]","[0.47,0.39,0.24]"
20640,2.6003,0.0456,0.1025,0.000030,"[0.19,0.39,1.10]","[0.47,0.40,0.24]"
20650,2.9546,0.0460,0.1027,0.000030,"[0.18,0.39,1.11]","[0.45,0.39,0.24]"
20660,2.5860,0.0447,0.1090,0.000030,"[0.19,0.39,1.10]","[0.47,0.41,0.25]"
20670,2.7105,0.0478,0.1079,0.000030,"[0.19,0.39,1.12]","[0.47,0.40,0.25]"
20680,2.6957,0.0442,0.1107,0.000030,"[0.19,0.39,1.11]","[0.46,0.40,0.25]"
20690,2.9174,0.0440,0.1119,0.000030,"[0.18,0.40,1.12]","[0.46,0.39,0.25]"
20700,2.7287,0.0434,0.1158,0.000030,"[0.18,0.40,1.10]","[0.47,0.40,0.25]"
20710,2.8111,0.0452,0.1058,0.000030,"[0.19,0.39,1.13]","[0.46,0.40,0.25]"
20720,2.8238,0.0444,0.1081,0.000030,"[0.18,0.39,1.12]","[0.46,0.40,0.25]"
20730,2.6475,0.0447,0.1067,0.000030,"[0.18,0.39,1.11]","[0.47,0.40,0.24]"
20740,2.8194,0.0446,0.1069,0.000030,"[0.19,0.39,1.11]","[0.47,0.41,0.24]"
20750,2.7191,0.0446,0.1072,0.000030,"[0.19,0.39,1.12]","[0.46,0.41,0.24]"
20760,2.5665,0.0448,0.1060,0.000030,"[0.18,0.38,1.12]","[0.46,0.39,0.24]"
20770,2.6275,0.0452,0.1044,0.000030,"[0.19,0.39,1.13]","[0.47,0.41,0.24]"
20780,2.9124,0.0453,0.1033,0.000030,"[0.18,0.39,1.13]","[0.46,0.41,0.24]"
20790,2.7660,0.0445,0.1065,0.000030,"[0.18,0.39,1.13]","[0.46,0.39,0.24]"
20800,2.8398,0.0444,0.1073,0.000030,"[0.18,0.39,1.14]","[0.46,0.40,0.25]"
20810,2.7396,0.0443,0.1066,0.000030,"[0.19,0.39,1.13]","[0.46,0.40,0.24]"
20820,2.8551,0.0442,0.1080,0.000030,"[0.18,0.39,1.14]","[0.46,0.39,0.24]"
20830,2.8493,0.0452,0.1034,0.000030,"[0.18,0.39,1.14]","[0.46,0.38,0.24]"
20840,2.7716,0.0446,0.1067,0.000030,"[0.18,0.40,1.14]","[0.45,0.39,0.24]"
20850,2.9011,0.0440,0.1093,0.000030,"[0.18,0.40,1.14]","[0.47,0.39,0.24]"
20860,2.7255,0.0442,0.1094,0.000030,"[0.18,0.39,1.14]","[0.46,0.42,0.24]"
20870,2.8991,0.0443,0.1124,0.000030,"[0.18,0.39,1.15]","[0.46,0.40,0.25]"
20880,2.5953,0.0438,0.1139,0.000030,"[0.19,0.39,1.15]","[0.48,0.40,0.25]"
20890,2.7035,0.0446,0.1076,0.000030,"[0.19,0.39,1.13]","[0.46,0.40,0.24]"
20900,3.0260,0.0448,0.1068,0.000030,"[0.18,0.40,1.16]","[0.45,0.39,0.24]"
20910,2.7877,0.0448,0.1067,0.000030,"[0.18,0.39,1.15]","[0.46,0.40,0.24]"
20920,2.8956,0.0442,0.1079,0.000030,"[0.19,0.39,1.15]","[0.47,0.41,0.24]"
20930,2.6523,0.0436,0.1098,0.000030,"[0.19,0.39,1.15]","[0.46,0.41,0.24]"
20940,3.0078,0.0436,0.1104,0.000030,"[0.18,0.40,1.18]","[0.46,0.41,0.24]"
20950,2.8400,0.0444,0.1068,0.000030,"[0.18,0.38,1.16]","[0.47,0.40,0.24]"
20960,2.7355,0.0430,0.1143,0.000030,"[0.19,0.39,1.16]","[0.47,0.40,0.25]"
20970,2.7491,0.0440,0.1095,0.000030,"[0.18,0.39,1.17]","[0.46,0.41,0.24]"
20980,2.7845,0.0434,0.1118,0.000030,"[0.18,0.39,1.16]","[0.46,0.40,0.25]"
20990,2.9044,0.0436,0.1094,0.000030,"[0.19,0.38,1.16]","[0.47,0.41,0.25]"
21000,2.9040,0.0440,0.1081,0.000030,"[0.19,0.39,1.17]","[0.47,0.40,0.25]"
21010,2.9764,0.0435,0.1099,0.000030,"[0.18,0.40,1.18]","[0.46,0.40,0.25]"
21020,2.7653,0.0445,0.1056,0.000030,"[0.19,0.39,1.18]","[0.47,0.40,0.24]"
21030,2.7071,0.0445,0.1055,0.000030,"[0.18,0.39,1.18]","[0.47,0.39,0.24]"
21040,2.4947,0.0443,0.1072,0.000030,"[0.19,0.39,1.17]","[0.46,0.39,0.24]"
21050,2.8070,0.0452,0.1031,0.000030,"[0.19,0.39,1.19]","[0.47,0.39,0.25]"
21060,3.0693,0.0447,0.1059,0.000030,"[0.18,0.40,1.19]","[0.47,0.39,0.25]"
21070,2.6343,0.0466,0.1024,0.000030,"[0.18,0.38,1.18]","[0.46,0.39,0.25]"
21080,2.7863,0.0478,0.1046,0.000030,"[0.19,0.39,1.20]","[0.47,0.42,0.25]"
21090,2.9415,0.0478,0.1059,0.000030,"[0.17,0.40,1.22]","[0.47,0.38,0.25]"
21100,2.6982,0.0482,0.1060,0.000030,"[0.19,0.39,1.22]","[0.47,0.41,0.25]"
21110,2.8206,0.0468,0.1075,0.000030,"[0.18,0.40,1.23]","[0.47,0.40,0.25]"
21120,2.6598,0.0456,0.1067,0.000030,"[0.19,0.39,1.21]","[0.48,0.40,0.24]"
21130,2.7542,0.0455,0.1042,0.000030,"[0.19,0.39,1.18]","[0.46,0.42,0.24]"
21140,2.7910,0.0448,0.1077,0.000030,"[0.18,0.40,1.20]","[0.46,0.40,0.25]"
21150,2.8601,0.0464,0.1032,0.000030,"[0.18,0.39,1.23]","[0.45,0.40,0.25]"
21160,2.7157,0.0453,0.1057,0.000030,"[0.18,0.39,1.21]","[0.45,0.39,0.25]"
21170,2.7418,0.0459,0.1005,0.000030,"[0.18,0.39,1.22]","[0.46,0.40,0.24]"
21180,2.8051,0.0461,0.1007,0.000030,"[0.19,0.38,1.21]","[0.47,0.40,0.25]"
21190,2.8426,0.0472,0.0969,0.000030,"[0.18,0.39,1.23]","[0.47,0.40,0.25]"
21200,2.7893,0.0627,0.0877,0.000030,"[0.18,0.39,1.25]","[0.46,0.40,0.25]"
21210,2.8909,0.0724,0.0814,0.000030,"[0.18,0.39,1.31]","[0.45,0.39,0.25]"
21220,2.8664,0.0672,0.0850,0.000030,"[0.18,0.40,1.33]","[0.46,0.40,0.25]"
21230,3.1535,0.0603,0.0875,0.000030,"[0.17,0.40,1.28]","[0.46,0.40,0.25]"
21240,2.7166,0.0581,0.0866,0.000030,"[0.19,0.39,1.21]","[0.48,0.41,0.25]"
21250,2.7192,0.0549,0.0902,0.000030,"[0.18,0.39,1.24]","[0.47,0.40,0.25]"
21260,2.8954,0.0534,0.0884,0.000030,"[0.19,0.39,1.24]","[0.47,0.41,0.25]"
21270,2.8908,0.0515,0.0886,0.000030,"[0.19,0.39,1.24]","[0.47,0.41,0.25]"
21280,2.7820,0.0500,0.0904,0.000030,"[0.19,0.39,1.25]","[0.47,0.40,0.25]"
21290,2.5574,0.0499,0.0877,0.000030,"[0.19,0.39,1.23]","[0.46,0.39,0.25]"
21300,2.8048,0.0487,0.0894,0.000030,"[0.19,0.38,1.23]","[0.48,0.41,0.25]"
21310,2.9490,0.0482,0.0905,0.000030,"[0.18,0.40,1.23]","[0.46,0.41,0.25]"
21320,2.9231,0.0481,0.0908,0.000030,"[0.19,0.39,1.21]","[0.47,0.40,0.25]"
21330,2.9207,0.0478,0.0908,0.000030,"[0.18,0.39,1.20]","[0.47,0.39,0.25]"
21340,2.7245,0.0475,0.0916,0.000030,"[0.18,0.39,1.21]","[0.46,0.39,0.25]"
21350,2.9043,0.0459,0.0976,0.000030,"[0.18,0.39,1.20]","[0.45,0.40,0.25]"
21360,2.3445,0.0466,0.0947,0.000030,"[0.20,0.38,1.19]","[0.47,0.39,0.25]"
21370,2.7071,0.0464,0.0952,0.000030,"[0.19,0.39,1.19]","[0.47,0.40,0.25]"
21380,2.7488,0.0465,0.0928,0.000030,"[0.17,0.40,1.21]","[0.46,0.40,0.24]"
21390,2.7922,0.0451,0.0998,0.000030,"[0.18,0.39,1.20]","[0.46,0.40,0.25]"
21400,2.7840,0.0451,0.0995,0.000030,"[0.19,0.39,1.19]","[0.46,0.39,0.25]"
21410,2.7293,0.0444,0.1033,0.000030,"[0.18,0.39,1.19]","[0.46,0.40,0.25]"
21420,2.6121,0.0451,0.0986,0.000030,"[0.20,0.37,1.19]","[0.47,0.41,0.25]"
21430,2.8936,0.0438,0.1028,0.000030,"[0.18,0.39,1.20]","[0.46,0.40,0.25]"
21440,2.5247,0.0449,0.0991,0.000030,"[0.19,0.39,1.20]","[0.47,0.40,0.24]"
21450,2.8137,0.0442,0.1012,0.000030,"[0.18,0.40,1.19]","[0.46,0.40,0.25]"
21460,2.9649,0.0444,0.0995,0.000030,"[0.18,0.40,1.20]","[0.47,0.39,0.24]"
21470,2.8116,0.0443,0.1009,0.000030,"[0.19,0.39,1.18]","[0.46,0.39,0.24]"
21480,2.9769,0.0436,0.1021,0.000030,"[0.17,0.39,1.19]","[0.47,0.39,0.25]"
21490,2.9672,0.0437,0.1016,0.000030,"[0.18,0.39,1.18]","[0.46,0.39,0.25]"
21500,2.9044,0.0435,0.1029,0.000030,"[0.19,0.39,1.18]","[0.47,0.40,0.25]"
21510,2.7682,0.0439,0.1025,0.000030,"[0.19,0.39,1.17]","[0.47,0.40,0.25]"
21520,2.7081,0.0443,0.1015,0.000030,"[0.19,0.39,1.18]","[0.47,0.41,0.25]"
21530,2.9002,0.0447,0.1014,0.000030,"[0.18,0.40,1.20]","[0.46,0.40,0.24]"
21540,2.7209,0.0441,0.1033,0.000030,"[0.19,0.39,1.18]","[0.47,0.41,0.24]"
21550,2.6741,0.0434,0.1090,0.000030,"[0.18,0.39,1.15]","[0.47,0.39,0.25]"
21560,2.6429,0.0420,0.1092,0.000030,"[0.18,0.39,1.16]","[0.46,0.39,0.25]"
21570,2.9624,0.0427,0.1045,0.000030,"[0.18,0.39,1.16]","[0.45,0.41,0.25]"
21580,2.6761,0.0425,0.1054,0.000030,"[0.18,0.39,1.18]","[0.47,0.41,0.24]"
21590,2.9961,0.0432,0.1008,0.000030,"[0.17,0.39,1.19]","[0.46,0.40,0.24]"
21600,2.8236,0.0425,0.1039,0.000030,"[0.18,0.40,1.17]","[0.45,0.40,0.24]"
21610,2.6683,0.0435,0.0991,0.000030,"[0.18,0.39,1.16]","[0.46,0.40,0.24]"
21620,2.7599,0.0424,0.1043,0.000030,"[0.19,0.39,1.16]","[0.47,0.40,0.24]"
21630,2.9213,0.0421,0.1039,0.000030,"[0.18,0.40,1.17]","[0.47,0.41,0.24]"
21640,2.9280,0.0418,0.1062,0.000030,"[0.17,0.40,1.16]","[0.45,0.40,0.24]"
21650,2.8798,0.0418,0.1060,0.000030,"[0.18,0.39,1.17]","[0.46,0.40,0.24]"
21660,2.9408,0.0424,0.1108,0.000030,"[0.18,0.40,1.16]","[0.46,0.42,0.24]"
21670,2.8557,0.0418,0.1060,0.000030,"[0.19,0.39,1.16]","[0.46,0.41,0.24]"
21680,3.0732,0.0419,0.1070,0.000030,"[0.18,0.40,1.16]","[0.46,0.40,0.24]"
21690,2.7957,0.0444,0.1033,0.000030,"[0.18,0.39,1.15]","[0.46,0.41,0.24]"
21700,2.7491,0.0491,0.0965,0.000030,"[0.19,0.39,1.14]","[0.47,0.41,0.24]"
21710,2.7066,0.0475,0.1027,0.000030,"[0.18,0.40,1.13]","[0.46,0.39,0.25]"
21720,2.8073,0.0451,0.1065,0.000030,"[0.17,0.39,1.15]","[0.45,0.39,0.25]"
21730,2.9425,0.0443,0.1038,0.000030,"[0.18,0.40,1.15]","[0.46,0.41,0.25]"
21740,2.3579,0.0447,0.1014,0.000030,"[0.19,0.38,1.16]","[0.47,0.40,0.24]"
21750,2.8071,0.0437,0.1042,0.000030,"[0.19,0.39,1.14]","[0.47,0.40,0.24]"
21760,2.7743,0.0433,0.1048,0.000030,"[0.18,0.39,1.15]","[0.47,0.41,0.24]"
21770,2.5790,0.0440,0.1036,0.000030,"[0.19,0.39,1.17]","[0.47,0.41,0.24]"
21780,2.9688,0.0435,0.1019,0.000030,"[0.18,0.40,1.17]","[0.46,0.40,0.24]"
21790,2.8456,0.0431,0.1057,0.000030,"[0.18,0.39,1.15]","[0.46,0.40,0.24]"
21800,2.7550,0.0416,0.1092,0.000030,"[0.18,0.40,1.15]","[0.47,0.41,0.25]"
21810,2.8212,0.0429,0.1030,0.000030,"[0.19,0.39,1.14]","[0.47,0.40,0.24]"
21820,2.6506,0.0439,0.1010,0.000030,"[0.19,0.39,1.13]","[0.48,0.43,0.24]"
21830,2.8963,0.0431,0.1034,0.000030,"[0.18,0.39,1.14]","[0.46,0.40,0.25]"
21840,2.7333,0.0428,0.1034,0.000030,"[0.19,0.39,1.14]","[0.47,0.41,0.25]"
21850,2.9768,0.0426,0.1044,0.000030,"[0.18,0.39,1.14]","[0.46,0.40,0.25]"
21860,2.9056,0.0419,0.1061,0.000030,"[0.18,0.40,1.15]","[0.46,0.41,0.25]"
21870,2.7222,0.0427,0.1033,0.000030,"[0.19,0.39,1.15]","[0.47,0.41,0.25]"
21880,2.7487,0.0425,0.1047,0.000030,"[0.18,0.39,1.15]","[0.46,0.40,0.24]"
21890,2.8076,0.0437,0.0992,0.000030,"[0.18,0.39,1.14]","[0.46,0.41,0.24]"
21900,2.6160,0.0418,0.1058,0.000030,"[0.19,0.39,1.13]","[0.48,0.40,0.25]"
21910,2.7984,0.0422,0.1043,0.000030,"[0.18,0.39,1.15]","[0.46,0.40,0.24]"
21920,2.5131,0.0423,0.1086,0.000030,"[0.19,0.39,1.14]","[0.46,0.40,0.25]"
21930,2.9619,0.0416,0.1077,0.000030,"[0.18,0.39,1.14]","[0.46,0.40,0.25]"
21940,2.6108,0.0421,0.1092,0.000030,"[0.19,0.39,1.16]","[0.47,0.40,0.25]"
21950,2.7130,0.0421,0.1050,0.000030,"[0.19,0.39,1.13]","[0.47,0.40,0.25]"
21960,2.7998,0.0412,0.1088,0.000030,"[0.19,0.39,1.13]","[0.47,0.39,0.24]"
21970,2.8999,0.0418,0.1057,0.000030,"[0.19,0.39,1.13]","[0.47,0.41,0.25]"
21980,2.9226,0.0423,0.1025,0.000030,"[0.18,0.40,1.14]","[0.46,0.40,0.24]"
21990,2.6849,0.0416,0.1074,0.000030,"[0.19,0.39,1.14]","[0.46,0.39,0.24]"
22000,2.8042,0.0407,0.1106,0.000030,"[0.17,0.40,1.16]","[0.46,0.40,0.25]"
22010,2.8071,0.0418,0.1060,0.000030,"[0.18,0.39,1.14]","[0.46,0.39,0.24]"
22020,2.9040,0.0421,0.1039,0.000030,"[0.18,0.39,1.15]","[0.46,0.41,0.24]"
22030,2.9558,0.0431,0.0999,0.000030,"[0.18,0.40,1.15]","[0.47,0.41,0.24]"
22040,2.5639,0.0415,0.1071,0.000030,"[0.19,0.39,1.12]","[0.48,0.41,0.24]"
22050,3.0078,0.0406,0.1102,0.000030,"[0.19,0.39,1.13]","[0.47,0.40,0.24]"
22060,2.8482,0.0407,0.1127,0.000030,"[0.19,0.40,1.13]","[0.47,0.40,0.25]"
22070,3.1255,0.0408,0.1111,0.000030,"[0.18,0.40,1.14]","[0.46,0.40,0.24]"
22080,3.0534,0.0418,0.1071,0.000030,"[0.18,0.40,1.12]","[0.45,0.40,0.25]"
22090,2.7713,0.0407,0.1119,0.000030,"[0.18,0.39,1.12]","[0.46,0.41,0.24]"
22100,2.6298,0.0420,0.1069,0.000030,"[0.18,0.40,1.12]","[0.47,0.40,0.24]"
22110,2.9625,0.0414,0.1076,0.000030,"[0.18,0.40,1.13]","[0.45,0.40,0.24]"
22120,2.7898,0.0422,0.1046,0.000030,"[0.17,0.40,1.13]","[0.46,0.41,0.24]"
22130,2.7089,0.0416,0.1058,0.000030,"[0.18,0.40,1.13]","[0.47,0.39,0.24]"
22140,2.8534,0.0414,0.1073,0.000030,"[0.18,0.40,1.13]","[0.47,0.41,0.24]"
22150,2.9523,0.0425,0.1022,0.000030,"[0.18,0.40,1.11]","[0.46,0.40,0.24]"
22160,2.8838,0.0430,0.1007,0.000030,"[0.18,0.39,1.13]","[0.46,0.40,0.24]"
22170,2.8915,0.0433,0.1005,0.000030,"[0.19,0.39,1.11]","[0.46,0.39,0.24]"
22180,2.8571,0.0419,0.1074,0.000030,"[0.19,0.38,1.11]","[0.46,0.40,0.25]"
22190,2.7882,0.0414,0.1104,0.000030,"[0.19,0.39,1.09]","[0.47,0.40,0.25]"
22200,2.7408,0.0426,0.1045,0.000030,"[0.18,0.40,1.11]","[0.46,0.39,0.25]"
22210,2.9018,0.0423,0.1037,0.000030,"[0.18,0.39,1.12]","[0.47,0.40,0.24]"
22220,2.7590,0.0421,0.1060,0.000030,"[0.19,0.39,1.10]","[0.47,0.40,0.24]"
22230,2.8587,0.0433,0.1000,0.000030,"[0.19,0.39,1.10]","[0.46,0.41,0.24]"
22240,2.7859,0.0426,0.1021,0.000030,"[0.19,0.39,1.10]","[0.47,0.41,0.25]"
22250,2.7553,0.0426,0.1013,0.000030,"[0.18,0.40,1.11]","[0.46,0.39,0.24]"
22260,2.8996,0.0419,0.1043,0.000030,"[0.18,0.40,1.11]","[0.46,0.40,0.24]"
22270,2.9289,0.0417,0.1043,0.000030,"[0.18,0.40,1.10]","[0.45,0.40,0.24]"
22280,2.8116,0.0424,0.1014,0.000030,"[0.17,0.40,1.10]","[0.46,0.40,0.24]"
22290,2.9113,0.0427,0.1004,0.000030,"[0.18,0.40,1.10]","[0.46,0.40,0.24]"
22300,2.9179,0.0412,0.1060,0.000030,"[0.18,0.39,1.09]","[0.46,0.41,0.24]"
22310,2.7405,0.0407,0.1107,0.000030,"[0.19,0.39,1.10]","[0.46,0.40,0.25]"
22320,2.9075,0.0421,0.1023,0.000030,"[0.18,0.39,1.10]","[0.46,0.41,0.24]"
22330,2.9056,0.0415,0.1042,0.000030,"[0.19,0.39,1.10]","[0.48,0.40,0.24]"
22340,2.8907,0.0429,0.0997,0.000030,"[0.18,0.39,1.09]","[0.46,0.40,0.24]"
22350,2.7479,0.0421,0.1014,0.000030,"[0.19,0.39,1.09]","[0.46,0.40,0.24]"
22360,2.7568,0.0418,0.1033,0.000030,"[0.18,0.39,1.09]","[0.46,0.39,0.24]"
22370,2.9929,0.0406,0.1087,0.000030,"[0.18,0.40,1.10]","[0.47,0.40,0.24]"
22380,2.8910,0.0409,0.1079,0.000030,"[0.18,0.40,1.09]","[0.47,0.41,0.24]"
22390,2.9652,0.0405,0.1083,0.000030,"[0.18,0.40,1.08]","[0.46,0.40,0.24]"
22400,2.8749,0.0409,0.1052,0.000030,"[0.18,0.40,1.08]","[0.46,0.41,0.24]"
22410,2.7734,0.0422,0.1021,0.000030,"[0.19,0.39,1.07]","[0.48,0.40,0.24]"
22420,2.8708,0.0409,0.1068,0.000030,"[0.18,0.40,1.09]","[0.47,0.40,0.24]"
22430,2.6944,0.0419,0.1007,0.000030,"[0.19,0.39,1.08]","[0.46,0.40,0.24]"
22440,2.8663,0.0411,0.1051,0.000030,"[0.18,0.39,1.07]","[0.46,0.41,0.24]"
22450,2.7772,0.0421,0.1005,0.000030,"[0.19,0.39,1.07]","[0.47,0.41,0.24]"
22460,2.6296,0.0408,0.1056,0.000030,"[0.19,0.39,1.06]","[0.47,0.41,0.24]"
22470,2.8776,0.0408,0.1053,0.000030,"[0.18,0.40,1.09]","[0.47,0.40,0.24]"
22480,2.8086,0.0407,0.1061,0.000030,"[0.19,0.39,1.07]","[0.45,0.41,0.24]"
22490,3.0563,0.0399,0.1095,0.000030,"[0.18,0.40,1.07]","[0.46,0.40,0.24]"
22500,2.8013,0.0402,0.1090,0.000030,"[0.18,0.40,1.07]","[0.46,0.40,0.24]"
22510,2.9505,0.0394,0.1132,0.000030,"[0.18,0.39,1.06]","[0.47,0.40,0.25]"
22520,2.7612,0.0403,0.1078,0.000030,"[0.19,0.39,1.06]","[0.47,0.40,0.24]"
22530,2.6587,0.0401,0.1095,0.000030,"[0.19,0.39,1.06]","[0.47,0.42,0.24]"
22540,2.8755,0.0409,0.1029,0.000030,"[0.18,0.40,1.08]","[0.45,0.40,0.24]"
22550,2.8830,0.0409,0.1043,0.000030,"[0.18,0.39,1.06]","[0.46,0.41,0.24]"
22560,2.9202,0.0406,0.1052,0.000030,"[0.19,0.39,1.06]","[0.46,0.41,0.24]"
22570,2.8510,0.0404,0.1049,0.000030,"[0.18,0.40,1.07]","[0.46,0.41,0.24]"
22580,3.0057,0.0403,0.1050,0.000030,"[0.18,0.40,1.07]","[0.46,0.40,0.24]"
22590,2.7764,0.0405,0.1054,0.000030,"[0.18,0.39,1.07]","[0.45,0.40,0.24]"
22600,2.9542,0.0393,0.1108,0.000030,"[0.18,0.40,1.06]","[0.47,0.41,0.24]"
22610,2.5403,0.0406,0.1048,0.000030,"[0.19,0.39,1.05]","[0.46,0.42,0.24]"
22620,2.7625,0.0401,0.1075,0.000030,"[0.18,0.40,1.07]","[0.48,0.40,0.24]"
22630,2.5854,0.0396,0.1089,0.000030,"[0.18,0.39,1.05]","[0.46,0.39,0.24]"
22640,2.6522,0.0399,0.1066,0.000030,"[0.19,0.39,1.05]","[0.47,0.40,0.24]"
22650,3.0241,0.0396,0.1074,0.000030,"[0.18,0.40,1.06]","[0.46,0.41,0.24]"
22660,2.8973,0.0391,0.1103,0.000030,"[0.19,0.40,1.05]","[0.46,0.42,0.24]"
22670,2.7336,0.0401,0.1062,0.000030,"[0.20,0.39,1.03]","[0.48,0.41,0.24]"
22680,2.7532,0.0401,0.1064,0.000030,"[0.19,0.40,1.04]","[0.47,0.41,0.24]"
22690,2.6367,0.0395,0.1081,0.000030,"[0.19,0.39,1.05]","[0.47,0.41,0.24]"
22700,2.4250,0.0400,0.1054,0.000030,"[0.19,0.39,1.04]","[0.46,0.41,0.24]"
22710,2.7258,0.0392,0.1089,0.000030,"[0.18,0.39,1.05]","[0.46,0.41,0.24]"
22720,2.5580,0.0409,0.1006,0.000030,"[0.20,0.39,1.05]","[0.47,0.40,0.24]"
22730,2.8573,0.0402,0.1035,0.000030,"[0.19,0.39,1.05]","[0.47,0.40,0.24]"
22740,2.9742,0.0395,0.1070,0.000030,"[0.19,0.40,1.04]","[0.46,0.41,0.24]"
22750,2.7373,0.0392,0.1079,0.000030,"[0.19,0.39,1.04]","[0.46,0.40,0.24]"
22760,2.6594,0.0392,0.1082,0.000030,"[0.19,0.39,1.04]","[0.46,0.41,0.24]"
22770,2.8789,0.0397,0.1063,0.000030,"[0.19,0.40,1.05]","[0.46,0.40,0.24]"
22780,2.7070,0.0395,0.1067,0.000030,"[0.19,0.39,1.04]","[0.47,0.40,0.24]"
22790,2.7180,0.0397,0.1072,0.000030,"[0.18,0.40,1.04]","[0.46,0.40,0.24]"
22800,3.1407,0.0397,0.1055,0.000030,"[0.18,0.40,1.04]","[0.46,0.40,0.24]"
22810,2.9230,0.0383,0.1119,0.000030,"[0.18,0.40,1.04]","[0.47,0.41,0.25]"
22820,2.8472,0.0399,0.1044,0.000030,"[0.19,0.39,1.05]","[0.47,0.41,0.24]"
22830,2.8301,0.0391,0.1074,0.000030,"[0.18,0.40,1.04]","[0.45,0.41,0.24]"
22840,2.7741,0.0391,0.1094,0.000030,"[0.19,0.39,1.04]","[0.47,0.41,0.24]"
22850,2.7241,0.0395,0.1070,0.000030,"[0.19,0.39,1.04]","[0.47,0.41,0.24]"
22860,2.6622,0.0400,0.1043,0.000030,"[0.19,0.40,1.06]","[0.47,0.40,0.24]"
22870,2.9153,0.0407,0.1035,0.000030,"[0.18,0.39,1.05]","[0.46,0.39,0.24]"
22880,2.8117,0.0403,0.1039,0.000030,"[0.18,0.39,1.04]","[0.46,0.40,0.24]"
22890,2.7813,0.0399,0.1053,0.000030,"[0.19,0.39,1.04]","[0.47,0.40,0.24]"
22900,2.8858,0.0404,0.1050,0.000030,"[0.18,0.39,1.06]","[0.46,0.41,0.24]"
22910,2.5197,0.0401,0.1063,0.000030,"[0.19,0.39,1.05]","[0.47,0.41,0.24]"
22920,2.8905,0.0403,0.1034,0.000030,"[0.18,0.40,1.07]","[0.46,0.41,0.24]"
22930,3.0146,0.0396,0.1063,0.000030,"[0.18,0.40,1.07]","[0.46,0.39,0.24]"
22940,2.7398,0.0398,0.1047,0.000030,"[0.19,0.39,1.05]","[0.47,0.40,0.24]"
22950,2.6566,0.0405,0.1035,0.000030,"[0.18,0.39,1.05]","[0.46,0.39,0.24]"
22960,2.7283,0.0398,0.1045,0.000030,"[0.18,0.40,1.05]","[0.46,0.40,0.24]"
22970,2.6252,0.0383,0.1111,0.000030,"[0.19,0.39,1.03]","[0.47,0.41,0.24]"
22980,2.7701,0.0394,0.1076,0.000030,"[0.19,0.39,1.05]","[0.46,0.40,0.24]"
22990,2.6978,0.0388,0.1098,0.000030,"[0.19,0.39,1.05]","[0.46,0.40,0.24]"
23000,2.7644,0.0393,0.1055,0.000030,"[0.19,0.39,1.06]","[0.46,0.41,0.24]"
23010,2.6485,0.0393,0.1061,0.000030,"[0.19,0.40,1.06]","[0.47,0.41,0.24]"
23020,2.8146,0.0398,0.1050,0.000030,"[0.19,0.40,1.06]","[0.46,0.41,0.24]"
23030,2.8670,0.0401,0.1037,0.000030,"[0.19,0.40,1.06]","[0.46,0.41,0.24]"
23040,2.7181,0.0390,0.1072,0.000030,"[0.18,0.40,1.05]","[0.46,0.41,0.24]"
23050,2.8636,0.0384,0.1092,0.000030,"[0.19,0.39,1.05]","[0.48,0.41,0.24]"
23060,2.8060,0.0397,0.1076,0.000030,"[0.18,0.40,1.04]","[0.45,0.40,0.24]"
23070,2.7022,0.0554,0.1059,0.000030,"[0.18,0.39,1.03]","[0.46,0.39,0.24]"
23080,2.7400,0.0538,0.1110,0.000030,"[0.18,0.40,1.03]","[0.45,0.39,0.24]"
23090,2.7896,0.0489,0.1249,0.000030,"[0.18,0.40,1.03]","[0.46,0.40,0.25]"
23100,2.7860,0.0484,0.1104,0.000030,"[0.18,0.40,1.05]","[0.47,0.40,0.24]"
23110,2.9483,0.0471,0.1096,0.000030,"[0.18,0.40,1.06]","[0.46,0.40,0.24]"
23120,2.8802,0.0446,0.1132,0.000030,"[0.18,0.40,1.05]","[0.46,0.41,0.24]"
23130,2.9831,0.0437,0.1104,0.000030,"[0.18,0.40,1.05]","[0.46,0.40,0.24]"
23140,2.9609,0.0426,0.1096,0.000030,"[0.18,0.40,1.03]","[0.45,0.40,0.24]"
23150,2.9363,0.0421,0.1099,0.000030,"[0.18,0.40,1.03]","[0.45,0.40,0.24]"
23160,3.0924,0.0421,0.1072,0.000030,"[0.18,0.40,1.02]","[0.45,0.42,0.24]"
23170,2.7974,0.0421,0.1045,0.000030,"[0.19,0.39,1.02]","[0.47,0.41,0.24]"
23180,2.5593,0.0414,0.1075,0.000030,"[0.19,0.39,1.03]","[0.47,0.40,0.24]"
23190,2.7777,0.0407,0.1088,0.000030,"[0.19,0.39,1.03]","[0.46,0.40,0.24]"
23200,2.9512,0.0409,0.1053,0.000030,"[0.18,0.40,1.03]","[0.46,0.40,0.24]"
23210,2.7778,0.0430,0.1007,0.000030,"[0.19,0.39,1.02]","[0.47,0.40,0.24]"
23220,2.5424,0.0523,0.0921,0.000030,"[0.19,0.39,1.02]","[0.47,0.40,0.24]"
23230,2.8524,0.0660,0.0944,0.000030,"[0.19,0.39,1.00]","[0.46,0.41,0.25]"
23240,2.6386,0.0534,0.0925,0.000030,"[0.20,0.39,1.02]","[0.48,0.41,0.25]"
23250,3.0817,0.0496,0.0956,0.000030,"[0.17,0.41,1.04]","[0.46,0.40,0.25]"
23260,2.8239,0.0473,0.1029,0.000030,"[0.19,0.40,1.02]","[0.46,0.39,0.24]"
23270,3.0052,0.0450,0.1058,0.000030,"[0.18,0.40,1.03]","[0.45,0.39,0.24]"
23280,2.7167,0.0429,0.1054,0.000030,"[0.18,0.39,1.00]","[0.46,0.40,0.24]"
23290,2.8522,0.0453,0.0999,0.000030,"[0.17,0.39,1.00]","[0.46,0.38,0.25]"
23300,2.7348,0.0464,0.0989,0.000030,"[0.18,0.40,0.98]","[0.46,0.40,0.25]"
23310,2.6965,0.0425,0.1058,0.000030,"[0.18,0.40,0.99]","[0.46,0.41,0.25]"
23320,2.7726,0.0427,0.1026,0.000030,"[0.18,0.40,1.00]","[0.45,0.38,0.25]"
23330,2.9189,0.0547,0.0867,0.000030,"[0.18,0.40,0.97]","[0.46,0.40,0.25]"
23340,2.8042,0.0526,0.0836,0.000030,"[0.18,0.40,0.98]","[0.46,0.40,0.25]"
23350,2.6955,0.0438,0.1073,0.000030,"[0.19,0.39,0.99]","[0.46,0.40,0.24]"
23360,3.0231,0.0510,0.0901,0.000030,"[0.18,0.40,1.00]","[0.46,0.41,0.24]"
23370,2.7096,0.0571,0.0930,0.000030,"[0.19,0.39,1.00]","[0.47,0.40,0.25]"
23380,2.7432,0.0627,0.0913,0.000030,"[0.18,0.39,1.01]","[0.47,0.40,0.24]"
23390,2.6070,0.0516,0.0994,0.000030,"[0.19,0.39,1.01]","[0.46,0.40,0.25]"
23400,2.4554,0.0494,0.0938,0.000030,"[0.20,0.39,1.00]","[0.47,0.40,0.24]"
23410,2.9785,0.0481,0.0955,0.000030,"[0.19,0.39,0.99]","[0.46,0.40,0.25]"
23420,2.6186,0.0492,0.0887,0.000030,"[0.19,0.39,1.01]","[0.46,0.39,0.24]"
23430,2.7161,0.0498,0.0920,0.000030,"[0.19,0.40,1.03]","[0.46,0.41,0.25]"
23440,2.8448,0.0522,0.0888,0.000030,"[0.18,0.40,1.03]","[0.46,0.41,0.24]"
23450,2.5920,0.0457,0.0972,0.000030,"[0.19,0.40,1.03]","[0.46,0.40,0.25]"
23460,2.6152,0.0430,0.0975,0.000030,"[0.19,0.39,1.01]","[0.46,0.41,0.24]"
23470,2.6317,0.0411,0.1051,0.000030,"[0.19,0.39,0.98]","[0.46,0.41,0.25]"
23480,2.8335,0.0409,0.1045,0.000030,"[0.18,0.40,0.99]","[0.46,0.39,0.24]"
23490,2.8570,0.0413,0.1006,0.000030,"[0.18,0.40,0.98]","[0.46,0.40,0.24]"
23500,2.8550,0.0408,0.1020,0.000030,"[0.19,0.40,0.99]","[0.46,0.41,0.25]"
23510,2.7699,0.0428,0.0935,0.000030,"[0.18,0.40,0.99]","[0.46,0.39,0.24]"
23520,2.8136,0.0414,0.0996,0.000030,"[0.18,0.40,0.98]","[0.46,0.39,0.24]"
23530,2.6542,0.0420,0.0969,0.000030,"[0.19,0.39,0.97]","[0.47,0.40,0.24]"
23540,2.6596,0.0412,0.1014,0.000030,"[0.19,0.39,0.96]","[0.47,0.40,0.24]"
23550,2.8132,0.0409,0.1058,0.000030,"[0.18,0.40,0.96]","[0.45,0.39,0.25]"
23560,3.2663,0.0419,0.1098,0.000030,"[0.17,0.40,0.96]","[0.45,0.40,0.25]"
23570,2.5976,0.0415,0.1025,0.000030,"[0.19,0.40,0.96]","[0.45,0.40,0.24]"
23580,2.9485,0.0414,0.0979,0.000030,"[0.19,0.40,0.95]","[0.46,0.39,0.24]"
23590,2.7702,0.0406,0.1059,0.000030,"[0.18,0.40,0.96]","[0.46,0.40,0.25]"
23600,2.8414,0.0416,0.1000,0.000030,"[0.18,0.40,0.97]","[0.45,0.40,0.25]"
23610,2.7022,0.0410,0.1011,0.000030,"[0.19,0.39,0.97]","[0.47,0.40,0.25]"
23620,2.6878,0.0400,0.1023,0.000030,"[0.19,0.39,0.97]","[0.45,0.40,0.24]"
23630,2.9761,0.0394,0.1041,0.000030,"[0.18,0.40,0.97]","[0.45,0.40,0.24]"
23640,2.8414,0.0400,0.1007,0.000030,"[0.19,0.39,0.97]","[0.46,0.40,0.24]"
23650,3.0473,0.0409,0.0970,0.000030,"[0.18,0.40,0.96]","[0.47,0.39,0.24]"
23660,2.6772,0.0400,0.1024,0.000030,"[0.19,0.39,0.95]","[0.46,0.39,0.24]"
23670,2.5904,0.0425,0.1002,0.000030,"[0.19,0.40,0.96]","[0.48,0.40,0.24]"
23680,2.6734,0.0446,0.0950,0.000030,"[0.19,0.39,0.98]","[0.46,0.39,0.24]"
23690,2.9260,0.0452,0.0951,0.000030,"[0.19,0.40,0.97]","[0.47,0.40,0.24]"
23700,2.7950,0.0459,0.0989,0.000030,"[0.19,0.39,0.98]","[0.46,0.41,0.24]"
23710,3.0751,0.0436,0.1052,0.000030,"[0.18,0.40,0.97]","[0.46,0.40,0.25]"
23720,2.9204,0.0427,0.1048,0.000030,"[0.18,0.40,0.97]","[0.46,0.41,0.25]"
23730,2.7376,0.0417,0.1010,0.000030,"[0.19,0.39,0.96]","[0.47,0.40,0.24]"
23740,2.8528,0.0413,0.0997,0.000030,"[0.19,0.40,0.97]","[0.46,0.40,0.24]"
23750,2.5638,0.0428,0.0955,0.000030,"[0.19,0.39,0.96]","[0.48,0.40,0.24]"
23760,2.8585,0.0427,0.0942,0.000030,"[0.18,0.39,0.97]","[0.46,0.40,0.25]"
23770,2.7410,0.0425,0.0963,0.000030,"[0.18,0.40,0.97]","[0.47,0.41,0.24]"
23780,3.1263,0.0438,0.0973,0.000030,"[0.17,0.41,0.97]","[0.45,0.41,0.24]"
23790,2.9965,0.0432,0.1032,0.000030,"[0.18,0.40,0.97]","[0.45,0.40,0.25]"
23800,2.7806,0.0441,0.0948,0.000030,"[0.19,0.39,0.96]","[0.48,0.42,0.24]"
23810,2.7418,0.0426,0.0988,0.000030,"[0.19,0.39,0.95]","[0.46,0.40,0.24]"
23820,2.8979,0.0427,0.0965,0.000030,"[0.18,0.40,0.95]","[0.46,0.40,0.24]"
23830,2.8112,0.0420,0.0993,0.000030,"[0.19,0.39,0.94]","[0.47,0.40,0.24]"
23840,2.7824,0.0422,0.1018,0.000030,"[0.19,0.40,0.94]","[0.47,0.39,0.24]"
23850,2.7905,0.0430,0.1001,0.000030,"[0.18,0.40,0.95]","[0.47,0.39,0.24]"
23860,2.6747,0.0435,0.0974,0.000030,"[0.19,0.39,0.94]","[0.48,0.40,0.24]"
23870,2.8261,0.0428,0.1016,0.000030,"[0.18,0.40,0.95]","[0.47,0.38,0.25]"
23880,2.6948,0.0435,0.0991,0.000030,"[0.19,0.40,0.95]","[0.46,0.39,0.24]"
23890,2.5258,0.0432,0.1031,0.000030,"[0.19,0.39,0.96]","[0.46,0.39,0.25]"
23900,2.7009,0.0419,0.1045,0.000030,"[0.19,0.40,0.96]","[0.46,0.41,0.25]"
23910,2.8052,0.0420,0.1045,0.000030,"[0.19,0.40,0.97]","[0.46,0.40,0.25]"
23920,2.6797,0.0436,0.0988,0.000030,"[0.19,0.40,0.96]","[0.47,0.41,0.25]"
23930,2.5619,0.0428,0.0991,0.000030,"[0.20,0.39,0.95]","[0.47,0.41,0.25]"
23940,2.7698,0.0421,0.0974,0.000030,"[0.18,0.40,0.97]","[0.46,0.40,0.25]"
23950,2.8462,0.0448,0.0915,0.000030,"[0.18,0.40,0.97]","[0.46,0.39,0.24]"
23960,2.7563,0.0436,0.0926,0.000030,"[0.19,0.40,0.97]","[0.46,0.40,0.25]"
23970,2.6484,0.0435,0.0936,0.000030,"[0.19,0.39,0.97]","[0.47,0.39,0.25]"
23980,2.7436,0.0437,0.0934,0.000030,"[0.18,0.40,0.98]","[0.48,0.39,0.25]"
23990,2.8273,0.0441,0.0894,0.000030,"[0.18,0.40,0.98]","[0.45,0.38,0.24]"
24000,2.8446,0.0432,0.0928,0.000030,"[0.19,0.40,0.98]","[0.47,0.41,0.25]"
24010,2.5925,0.0446,0.0893,0.000030,"[0.19,0.40,0.99]","[0.46,0.40,0.25]"
24020,2.6079,0.0456,0.0907,0.000030,"[0.19,0.39,0.99]","[0.47,0.39,0.24]"
24030,2.6950,0.0444,0.0932,0.000030,"[0.19,0.39,0.97]","[0.46,0.40,0.25]"
24040,2.7646,0.0417,0.0947,0.000030,"[0.19,0.40,0.99]","[0.45,0.40,0.25]"
24050,2.9355,0.0409,0.0969,0.000030,"[0.19,0.40,0.97]","[0.46,0.40,0.25]"
24060,2.6501,0.0412,0.0930,0.000030,"[0.18,0.40,0.97]","[0.47,0.40,0.24]"
24070,2.7240,0.0413,0.0970,0.000030,"[0.18,0.39,0.98]","[0.46,0.39,0.25]"
24080,2.7909,0.0420,0.0948,0.000030,"[0.19,0.39,0.97]","[0.47,0.42,0.24]"
24090,2.7699,0.0413,0.0922,0.000030,"[0.19,0.39,0.97]","[0.47,0.41,0.24]"
24100,2.8074,0.0434,0.0922,0.000030,"[0.18,0.40,0.99]","[0.46,0.39,0.25]"
24110,2.6385,0.0421,0.0944,0.000030,"[0.18,0.40,0.98]","[0.47,0.40,0.24]"
24120,2.6742,0.0402,0.0973,0.000030,"[0.19,0.40,0.97]","[0.48,0.41,0.25]"
24130,3.1675,0.0409,0.0941,0.000030,"[0.19,0.40,0.98]","[0.47,0.42,0.25]"
24140,2.8204,0.0411,0.0925,0.000030,"[0.18,0.40,0.99]","[0.45,0.39,0.24]"
24150,2.7435,0.0413,0.0909,0.000030,"[0.19,0.39,0.97]","[0.46,0.40,0.24]"
24160,2.7728,0.0408,0.0928,0.000030,"[0.19,0.40,0.98]","[0.47,0.39,0.24]"
24170,2.7573,0.0413,0.0934,0.000030,"[0.19,0.40,0.98]","[0.46,0.39,0.24]"
24180,2.8453,0.0414,0.0905,0.000030,"[0.19,0.40,0.99]","[0.47,0.39,0.25]"
24190,2.5102,0.0419,0.0893,0.000030,"[0.19,0.39,0.99]","[0.46,0.40,0.24]"
24200,2.5821,0.0397,0.1003,0.000030,"[0.20,0.39,0.98]","[0.47,0.41,0.25]"
24210,2.7694,0.0394,0.0990,0.000030,"[0.18,0.40,0.98]","[0.47,0.39,0.25]"
24220,2.5439,0.0393,0.0981,0.000030,"[0.18,0.40,0.98]","[0.47,0.40,0.25]"
24230,2.6627,0.0396,0.0970,0.000030,"[0.19,0.40,0.98]","[0.46,0.41,0.25]"
24240,2.5664,0.0404,0.0943,0.000030,"[0.19,0.39,0.98]","[0.47,0.40,0.25]"
24250,2.7760,0.0409,0.0916,0.000030,"[0.19,0.40,0.98]","[0.46,0.41,0.24]"
24260,2.8456,0.0402,0.0943,0.000030,"[0.19,0.39,0.98]","[0.46,0.41,0.24]"
24270,2.8034,0.0410,0.0893,0.000030,"[0.18,0.41,0.98]","[0.47,0.40,0.24]"
24280,2.8331,0.0397,0.0953,0.000030,"[0.19,0.40,0.99]","[0.46,0.41,0.24]"
24290,2.7405,0.0395,0.0958,0.000030,"[0.18,0.39,0.99]","[0.46,0.39,0.24]"
24300,2.8988,0.0395,0.0940,0.000030,"[0.19,0.40,0.99]","[0.47,0.40,0.24]"
24310,2.7735,0.0383,0.1021,0.000030,"[0.19,0.40,0.98]","[0.46,0.41,0.25]"
24320,2.4988,0.0411,0.1026,0.000030,"[0.20,0.39,0.98]","[0.47,0.41,0.25]"
24330,2.7394,0.0561,0.0919,0.000030,"[0.19,0.40,0.99]","[0.46,0.41,0.24]"
24340,2.6866,0.0582,0.0978,0.000030,"[0.18,0.40,0.98]","[0.46,0.40,0.24]"
24350,2.8868,0.0512,0.1022,0.000030,"[0.19,0.40,0.97]","[0.45,0.40,0.24]"
24360,2.6495,0.0502,0.1023,0.000030,"[0.19,0.39,0.97]","[0.46,0.41,0.25]"
24370,2.9311,0.0461,0.1005,0.000030,"[0.19,0.40,0.99]","[0.45,0.40,0.25]"
24380,2.7767,0.0461,0.0969,0.000030,"[0.19,0.40,0.99]","[0.46,0.41,0.24]"
24390,2.8455,0.0487,0.0972,0.000030,"[0.19,0.40,0.99]","[0.46,0.42,0.25]"
24400,2.8345,0.0533,0.0960,0.000030,"[0.19,0.40,0.99]","[0.47,0.41,0.25]"
24410,2.7830,0.0558,0.0985,0.000030,"[0.19,0.40,1.01]","[0.46,0.40,0.25]"
24420,2.7348,0.0522,0.0912,0.000030,"[0.19,0.40,1.00]","[0.46,0.41,0.24]"
24430,2.8548,0.0439,0.1012,0.000030,"[0.18,0.40,1.01]","[0.47,0.40,0.25]"
24440,2.8811,0.0439,0.0940,0.000030,"[0.19,0.40,1.00]","[0.47,0.41,0.24]"
24450,3.0016,0.0434,0.0967,0.000030,"[0.18,0.40,1.00]","[0.45,0.40,0.24]"
24460,2.9297,0.0483,0.0957,0.000030,"[0.18,0.40,1.00]","[0.46,0.41,0.24]"
24470,2.6494,0.0491,0.0950,0.000030,"[0.18,0.39,0.99]","[0.46,0.41,0.24]"
24480,2.7205,0.0449,0.0949,0.000030,"[0.19,0.39,0.97]","[0.47,0.39,0.24]"
24490,2.5544,0.0457,0.0999,0.000030,"[0.18,0.39,0.98]","[0.46,0.40,0.24]"
24500,2.7695,0.0447,0.0920,0.000030,"[0.19,0.39,0.99]","[0.47,0.40,0.25]"
24510,2.9920,0.0435,0.0923,0.000030,"[0.18,0.40,1.00]","[0.47,0.41,0.25]"
24520,2.6816,0.0439,0.0904,0.000030,"[0.19,0.39,0.99]","[0.46,0.39,0.25]"
24530,2.8977,0.0436,0.0875,0.000030,"[0.19,0.40,1.00]","[0.48,0.41,0.25]"
24540,2.4828,0.0451,0.0863,0.000030,"[0.18,0.40,1.01]","[0.45,0.38,0.25]"
24550,2.8370,0.0461,0.0801,0.000030,"[0.18,0.40,1.02]","[0.47,0.40,0.25]"
24560,2.6995,0.0486,0.0759,0.000030,"[0.20,0.39,1.03]","[0.48,0.41,0.25]"
24570,3.0269,0.0531,0.0767,0.000030,"[0.18,0.40,1.04]","[0.47,0.40,0.25]"
24580,2.7590,0.0538,0.0814,0.000030,"[0.18,0.40,1.03]","[0.47,0.40,0.25]"
24590,2.7369,0.0508,0.0836,0.000030,"[0.19,0.39,1.01]","[0.46,0.39,0.25]"
24600,2.7654,0.0486,0.0804,0.000030,"[0.19,0.40,1.01]","[0.47,0.40,0.25]"
24610,2.6204,0.0491,0.0828,0.000030,"[0.18,0.40,1.02]","[0.46,0.39,0.25]"
24620,2.5269,0.0512,0.0806,0.000030,"[0.20,0.39,1.00]","[0.48,0.41,0.25]"
24630,2.7004,0.0459,0.0848,0.000030,"[0.19,0.40,1.02]","[0.47,0.40,0.25]"
24640,2.8238,0.0445,0.0887,0.000030,"[0.20,0.39,1.02]","[0.47,0.41,0.25]"
24650,2.9149,0.0451,0.0881,0.000030,"[0.18,0.40,1.02]","[0.47,0.40,0.25]"
24660,2.7840,0.0428,0.0845,0.000030,"[0.18,0.40,1.02]","[0.46,0.40,0.25]"
24670,2.6768,0.0421,0.0857,0.000030,"[0.19,0.40,1.01]","[0.46,0.40,0.25]"
24680,2.7702,0.0421,0.0842,0.000030,"[0.19,0.40,1.01]","[0.46,0.40,0.25]"
24690,2.9446,0.0427,0.0844,0.000030,"[0.19,0.40,1.01]","[0.46,0.40,0.25]"
24700,2.5403,0.0400,0.0921,0.000030,"[0.19,0.39,1.01]","[0.48,0.41,0.25]"
24710,2.5897,0.0403,0.0903,0.000030,"[0.18,0.40,1.02]","[0.45,0.40,0.25]"
24720,2.7305,0.0419,0.0887,0.000030,"[0.18,0.40,1.02]","[0.46,0.39,0.25]"
24730,2.5798,0.0458,0.0870,0.000030,"[0.19,0.40,1.01]","[0.47,0.40,0.25]"
24740,2.8507,0.0463,0.0857,0.000030,"[0.18,0.40,1.00]","[0.46,0.40,0.25]"
24750,2.7674,0.0436,0.0878,0.000030,"[0.18,0.40,0.99]","[0.46,0.40,0.25]"
24760,2.7851,0.0445,0.0861,0.000030,"[0.18,0.40,1.01]","[0.46,0.39,0.24]"
24770,2.5827,0.0419,0.0900,0.000030,"[0.19,0.40,1.01]","[0.47,0.40,0.25]"
24780,2.7050,0.0410,0.0898,0.000030,"[0.19,0.40,1.01]","[0.46,0.39,0.25]"
24790,2.8247,0.0408,0.0959,0.000030,"[0.19,0.40,1.02]","[0.47,0.40,0.25]"
24800,2.8832,0.0431,0.0882,0.000030,"[0.18,0.40,1.02]","[0.45,0.40,0.25]"
24810,2.7148,0.0419,0.0847,0.000030,"[0.20,0.39,0.99]","[0.48,0.41,0.25]"
24820,2.9295,0.0416,0.0861,0.000030,"[0.18,0.40,0.99]","[0.46,0.40,0.25]"
24830,2.8403,0.0417,0.0850,0.000030,"[0.19,0.40,0.98]","[0.47,0.43,0.25]"
24840,2.7112,0.0426,0.0866,0.000030,"[0.19,0.39,0.99]","[0.47,0.42,0.25]"
24850,2.9987,0.0445,0.0819,0.000030,"[0.18,0.40,1.01]","[0.45,0.40,0.25]"
24860,2.6967,0.0432,0.0800,0.000030,"[0.18,0.39,1.00]","[0.45,0.39,0.24]"
24870,2.6222,0.0421,0.0828,0.000030,"[0.19,0.40,1.00]","[0.47,0.40,0.25]"
24880,2.9017,0.0432,0.0842,0.000030,"[0.18,0.40,1.00]","[0.46,0.39,0.25]"
24890,2.8819,0.0447,0.0807,0.000030,"[0.19,0.40,1.00]","[0.46,0.40,0.25]"
24900,2.9067,0.0439,0.0806,0.000030,"[0.19,0.40,1.00]","[0.46,0.41,0.25]"
24910,2.7725,0.0451,0.0841,0.000030,"[0.20,0.40,0.99]","[0.48,0.43,0.25]"
24920,2.8430,0.0424,0.0843,0.000030,"[0.18,0.40,0.99]","[0.45,0.39,0.25]"
24930,3.1396,0.0440,0.0773,0.000030,"[0.18,0.41,1.01]","[0.46,0.39,0.25]"
24940,2.8548,0.0434,0.0835,0.000030,"[0.18,0.40,0.99]","[0.46,0.39,0.25]"
24950,2.7594,0.0437,0.0807,0.000030,"[0.19,0.39,1.00]","[0.47,0.41,0.25]"
24960,2.6990,0.0427,0.0812,0.000030,"[0.19,0.39,1.00]","[0.47,0.41,0.25]"
24970,2.7850,0.0435,0.0823,0.000030,"[0.18,0.40,1.01]","[0.47,0.41,0.25]"
24980,2.8725,0.0443,0.0823,0.000030,"[0.18,0.40,1.00]","[0.46,0.39,0.25]"
24990,2.6307,0.0437,0.0815,0.000030,"[0.19,0.39,1.00]","[0.48,0.41,0.25]"
25000,2.9110,0.0457,0.0799,0.000030,"[0.18,0.40,1.00]","[0.45,0.40,0.25]"
25010,2.7020,0.0442,0.0816,0.000030,"[0.19,0.40,0.98]","[0.47,0.40,0.25]"
25020,3.1439,0.0434,0.0818,0.000030,"[0.18,0.40,0.99]","[0.46,0.39,0.25]"
25030,2.9460,0.0422,0.0859,0.000030,"[0.18,0.41,1.00]","[0.46,0.39,0.25]"
25040,2.7563,0.0454,0.0830,0.000030,"[0.18,0.40,1.02]","[0.46,0.40,0.25]"
25050,2.7187,0.0459,0.0795,0.000030,"[0.19,0.40,0.99]","[0.45,0.40,0.25]"
25060,2.7163,0.0429,0.0849,0.000030,"[0.20,0.39,0.99]","[0.47,0.40,0.25]"
25070,2.7778,0.0414,0.0905,0.000030,"[0.19,0.39,1.00]","[0.45,0.39,0.25]"
25080,2.6733,0.0436,0.0835,0.000030,"[0.19,0.40,1.00]","[0.46,0.41,0.25]"
25090,2.6247,0.0441,0.0840,0.000030,"[0.19,0.39,0.99]","[0.47,0.39,0.25]"
25100,2.8990,0.0434,0.0835,0.000030,"[0.18,0.40,0.99]","[0.46,0.41,0.25]"
25110,2.6446,0.0414,0.0928,0.000030,"[0.19,0.39,1.01]","[0.47,0.40,0.24]"
25120,2.7547,0.0427,0.0875,0.000030,"[0.19,0.40,0.99]","[0.47,0.40,0.25]"
25130,3.0514,0.0472,0.0807,0.000030,"[0.18,0.40,0.97]","[0.46,0.39,0.25]"
25140,2.5810,0.0469,0.0767,0.000030,"[0.20,0.39,0.96]","[0.47,0.40,0.25]"
25150,2.7924,0.0439,0.0815,0.000030,"[0.18,0.39,0.98]","[0.46,0.40,0.25]"
25160,2.9204,0.0433,0.0814,0.000030,"[0.19,0.40,0.97]","[0.46,0.42,0.25]"
25170,2.8893,0.0468,0.0791,0.000030,"[0.19,0.40,0.97]","[0.46,0.39,0.25]"
25180,2.8336,0.0433,0.0823,0.000030,"[0.18,0.40,0.98]","[0.45,0.40,0.25]"
25190,2.8182,0.0416,0.0849,0.000030,"[0.18,0.40,0.96]","[0.46,0.40,0.25]"
25200,2.5892,0.0400,0.0912,0.000030,"[0.19,0.39,0.96]","[0.46,0.41,0.25]"
25210,2.8349,0.0406,0.0873,0.000030,"[0.19,0.40,0.96]","[0.47,0.41,0.25]"
25220,2.5353,0.0411,0.0877,0.000030,"[0.19,0.40,0.96]","[0.48,0.42,0.25]"
25230,2.6690,0.0423,0.0835,0.000030,"[0.19,0.40,0.96]","[0.47,0.41,0.25]"
25240,2.7167,0.0429,0.0822,0.000030,"[0.19,0.41,0.96]","[0.47,0.42,0.25]"
25250,2.9002,0.0426,0.0837,0.000030,"[0.18,0.40,0.96]","[0.46,0.39,0.25]"
25260,2.7983,0.0407,0.0893,0.000030,"[0.18,0.41,0.95]","[0.46,0.40,0.25]"
25270,2.9777,0.0431,0.0821,0.000030,"[0.19,0.40,0.95]","[0.47,0.41,0.24]"
25280,2.7593,0.0416,0.0851,0.000030,"[0.19,0.40,0.94]","[0.48,0.40,0.25]"
25290,2.6130,0.0415,0.0831,0.000030,"[0.20,0.40,0.95]","[0.48,0.40,0.25]"
25300,3.0108,0.0416,0.0859,0.000030,"[0.18,0.41,0.96]","[0.45,0.41,0.25]"
25310,2.9241,0.0429,0.0835,0.000030,"[0.19,0.40,0.96]","[0.46,0.41,0.25]"
25320,2.4978,0.0468,0.0783,0.000030,"[0.19,0.40,0.99]","[0.47,0.39,0.25]"
25330,2.6804,0.0445,0.0804,0.000030,"[0.19,0.40,0.98]","[0.46,0.41,0.25]"
25340,2.7718,0.0436,0.0837,0.000030,"[0.18,0.41,0.98]","[0.47,0.40,0.25]"
25350,2.6848,0.0423,0.0842,0.000030,"[0.18,0.40,0.99]","[0.46,0.40,0.25]"
25360,2.6439,0.0425,0.0810,0.000030,"[0.19,0.40,0.99]","[0.47,0.41,0.25]"
25370,2.7280,0.0445,0.0782,0.000030,"[0.19,0.40,0.98]","[0.47,0.41,0.25]"
25380,3.0547,0.0436,0.0778,0.000030,"[0.18,0.41,0.98]","[0.47,0.41,0.25]"
25390,2.8916,0.0433,0.0784,0.000030,"[0.19,0.40,0.98]","[0.47,0.41,0.25]"
25400,2.8798,0.0410,0.0856,0.000030,"[0.18,0.41,0.97]","[0.46,0.41,0.25]"
25410,2.6604,0.0413,0.0827,0.000030,"[0.19,0.40,0.97]","[0.47,0.41,0.25]"
25420,2.6717,0.0417,0.0813,0.000030,"[0.19,0.39,0.97]","[0.47,0.41,0.25]"
25430,2.8338,0.0427,0.0785,0.000030,"[0.18,0.40,0.98]","[0.46,0.40,0.25]"
25440,2.7230,0.0420,0.0791,0.000030,"[0.18,0.40,0.97]","[0.45,0.40,0.25]"
25450,3.0662,0.0423,0.0799,0.000030,"[0.18,0.41,0.98]","[0.45,0.41,0.25]"
25460,2.4891,0.0423,0.0827,0.000030,"[0.19,0.39,0.99]","[0.46,0.40,0.25]"
25470,2.7526,0.0415,0.0807,0.000030,"[0.18,0.40,0.97]","[0.45,0.39,0.25]"
25480,2.7761,0.0413,0.0819,0.000030,"[0.19,0.40,0.97]","[0.46,0.40,0.25]"
25490,2.8323,0.0409,0.0837,0.000030,"[0.19,0.39,0.97]","[0.46,0.40,0.25]"
25500,2.8360,0.0404,0.0850,0.000030,"[0.18,0.40,0.97]","[0.46,0.40,0.25]"
25510,2.8350,0.0398,0.0859,0.000030,"[0.19,0.40,0.97]","[0.47,0.41,0.25]"
25520,2.7803,0.0412,0.0807,0.000030,"[0.19,0.40,0.97]","[0.47,0.40,0.25]"
25530,2.7563,0.0418,0.0780,0.000030,"[0.19,0.40,0.97]","[0.46,0.39,0.25]"
25540,2.5617,0.0413,0.0810,0.000030,"[0.20,0.40,0.97]","[0.47,0.40,0.24]"
25550,2.7955,0.0393,0.0873,0.000030,"[0.18,0.40,0.96]","[0.47,0.39,0.25]"
25560,2.7435,0.0396,0.0873,0.000030,"[0.19,0.39,0.96]","[0.47,0.40,0.25]"
25570,2.7106,0.0396,0.0851,0.000030,"[0.20,0.39,0.96]","[0.47,0.40,0.25]"
25580,2.6686,0.0405,0.0839,0.000030,"[0.19,0.40,0.97]","[0.46,0.41,0.25]"
25590,2.6585,0.0410,0.0789,0.000030,"[0.19,0.40,0.96]","[0.46,0.42,0.24]"
25600,2.9246,0.0403,0.0799,0.000030,"[0.18,0.40,0.96]","[0.45,0.40,0.25]"
25610,2.7639,0.0393,0.0842,0.000030,"[0.20,0.40,0.96]","[0.47,0.41,0.25]"
25620,2.5812,0.0409,0.0827,0.000030,"[0.18,0.40,0.98]","[0.46,0.37,0.24]"
25630,2.7048,0.0400,0.0826,0.000030,"[0.18,0.40,0.96]","[0.47,0.39,0.25]"
25640,2.8551,0.0392,0.0864,0.000030,"[0.19,0.40,0.96]","[0.46,0.40,0.25]"
25650,2.6996,0.0393,0.0883,0.000030,"[0.19,0.40,0.96]","[0.47,0.41,0.25]"
25660,2.6395,0.0402,0.0863,0.000030,"[0.19,0.40,0.97]","[0.46,0.40,0.25]"
25670,2.6490,0.0398,0.0822,0.000030,"[0.19,0.40,0.96]","[0.46,0.40,0.25]"
25680,2.8697,0.0398,0.0828,0.000030,"[0.19,0.40,0.96]","[0.46,0.40,0.25]"
25690,2.8377,0.0392,0.0842,0.000030,"[0.19,0.40,0.96]","[0.47,0.41,0.25]"
25700,2.8464,0.0392,0.0827,0.000030,"[0.19,0.40,0.95]","[0.47,0.41,0.25]"
25710,2.7682,0.0389,0.0860,0.000030,"[0.19,0.40,0.96]","[0.47,0.39,0.25]"
25720,2.6585,0.0391,0.0854,0.000030,"[0.18,0.40,0.96]","[0.45,0.39,0.25]"
25730,2.8153,0.0395,0.0847,0.000030,"[0.19,0.40,0.96]","[0.47,0.40,0.25]"
25740,2.7474,0.0405,0.0813,0.000030,"[0.19,0.39,0.96]","[0.47,0.41,0.25]"
25750,2.7954,0.0394,0.0851,0.000030,"[0.18,0.40,0.97]","[0.46,0.40,0.25]"
25760,2.6357,0.0407,0.0783,0.000030,"[0.19,0.39,0.96]","[0.47,0.41,0.24]"
25770,2.9209,0.0414,0.0802,0.000030,"[0.18,0.40,0.97]","[0.46,0.41,0.25]"
25780,2.8646,0.0393,0.0859,0.000030,"[0.19,0.39,0.96]","[0.47,0.40,0.25]"
25790,2.6399,0.0392,0.0861,0.000030,"[0.18,0.40,0.97]","[0.46,0.39,0.25]"
25800,2.7873,0.0390,0.0857,0.000030,"[0.18,0.40,0.97]","[0.47,0.40,0.25]"
25810,2.7898,0.0393,0.0925,0.000030,"[0.18,0.39,0.97]","[0.46,0.40,0.25]"
25820,2.7365,0.0385,0.0877,0.000030,"[0.19,0.40,0.96]","[0.46,0.41,0.25]"
25830,2.6911,0.0393,0.0846,0.000030,"[0.18,0.40,0.96]","[0.47,0.39,0.24]"
25840,2.6323,0.0383,0.0899,0.000030,"[0.19,0.40,0.96]","[0.45,0.40,0.25]"
25850,2.6326,0.0384,0.0865,0.000030,"[0.19,0.40,0.96]","[0.47,0.40,0.25]"
25860,2.7443,0.0388,0.0884,0.000030,"[0.19,0.40,0.96]","[0.47,0.39,0.25]"
25870,3.0157,0.0382,0.0884,0.000030,"[0.18,0.40,0.96]","[0.47,0.40,0.25]"
25880,2.8072,0.0395,0.0817,0.000030,"[0.19,0.40,0.96]","[0.46,0.38,0.25]"
25890,2.6514,0.0386,0.0882,0.000030,"[0.18,0.40,0.96]","[0.46,0.40,0.25]"
25900,2.5554,0.0389,0.0856,0.000030,"[0.19,0.40,0.96]","[0.45,0.39,0.25]"
25910,2.9902,0.0380,0.0878,0.000030,"[0.19,0.40,0.96]","[0.46,0.41,0.25]"
25920,2.9234,0.0382,0.0860,0.000030,"[0.19,0.40,0.96]","[0.45,0.40,0.25]"
25930,2.6642,0.0375,0.0890,0.000030,"[0.19,0.40,0.95]","[0.47,0.40,0.24]"
25940,2.5949,0.0379,0.0865,0.000030,"[0.19,0.40,0.96]","[0.47,0.39,0.25]"
25950,2.6599,0.0378,0.0868,0.000030,"[0.20,0.39,0.96]","[0.47,0.40,0.25]"
25960,2.8103,0.0379,0.0870,0.000030,"[0.18,0.39,0.96]","[0.45,0.40,0.25]"
25970,2.7120,0.0380,0.0862,0.000030,"[0.19,0.40,0.96]","[0.46,0.41,0.25]"
25980,2.6045,0.0388,0.0829,0.000030,"[0.20,0.39,0.96]","[0.46,0.39,0.25]"
25990,2.4801,0.0382,0.0844,0.000030,"[0.20,0.39,0.96]","[0.47,0.41,0.25]"
26000,2.7008,0.0386,0.0826,0.000030,"[0.19,0.40,0.96]","[0.45,0.39,0.25]"
26010,2.8691,0.0383,0.0845,0.000030,"[0.18,0.40,0.96]","[0.46,0.40,0.25]"
26020,2.8617,0.0392,0.0811,0.000030,"[0.18,0.41,0.97]","[0.47,0.39,0.25]"
26030,2.6003,0.0388,0.0850,0.000030,"[0.19,0.40,0.97]","[0.47,0.40,0.25]"
26040,2.9060,0.0393,0.0805,0.000030,"[0.18,0.41,0.97]","[0.46,0.39,0.24]"
26050,2.8815,0.0381,0.0849,0.000030,"[0.18,0.40,0.97]","[0.45,0.40,0.25]"
26060,2.6521,0.0377,0.0873,0.000030,"[0.19,0.39,0.97]","[0.45,0.40,0.25]"
26070,2.9359,0.0377,0.0866,0.000030,"[0.19,0.40,0.97]","[0.47,0.40,0.25]"
26080,2.8431,0.0379,0.0860,0.000030,"[0.18,0.40,0.97]","[0.46,0.40,0.25]"
26090,2.5335,0.0386,0.0864,0.000030,"[0.18,0.40,0.97]","[0.46,0.39,0.25]"
26100,2.7086,0.0393,0.0834,0.000030,"[0.19,0.40,0.98]","[0.46,0.40,0.25]"
26110,2.7632,0.0393,0.0811,0.000030,"[0.19,0.41,0.98]","[0.46,0.40,0.25]"
26120,2.6451,0.0391,0.0867,0.000030,"[0.19,0.40,0.98]","[0.46,0.39,0.25]"
26130,2.7650,0.0399,0.0791,0.000030,"[0.19,0.41,0.97]","[0.47,0.39,0.25]"
26140,2.8192,0.0400,0.0817,0.000030,"[0.20,0.40,0.97]","[0.47,0.41,0.25]"
26150,2.7516,0.0405,0.0800,0.000030,"[0.19,0.39,0.99]","[0.46,0.39,0.25]"
26160,2.7368,0.0407,0.0797,0.000030,"[0.17,0.39,0.98]","[0.46,0.39,0.25]"
26170,2.6858,0.0407,0.0800,0.000030,"[0.19,0.40,0.99]","[0.47,0.40,0.25]"
26180,2.8823,0.0414,0.0784,0.000030,"[0.18,0.41,1.00]","[0.46,0.39,0.25]"
26190,2.7885,0.0413,0.0780,0.000030,"[0.18,0.40,0.99]","[0.45,0.39,0.25]"
26200,2.8147,0.0405,0.0795,0.000030,"[0.19,0.40,0.98]","[0.47,0.40,0.25]"
26210,2.6594,0.0415,0.0765,0.000030,"[0.19,0.39,0.98]","[0.46,0.39,0.25]"
26220,2.7410,0.0424,0.0747,0.000030,"[0.18,0.40,0.99]","[0.46,0.38,0.25]"
26230,2.9443,0.0428,0.0728,0.000030,"[0.18,0.41,0.99]","[0.46,0.40,0.25]"
26240,2.8523,0.0415,0.0752,0.000030,"[0.18,0.41,0.97]","[0.47,0.40,0.25]"
26250,2.8910,0.0421,0.0750,0.000030,"[0.19,0.40,0.99]","[0.46,0.39,0.25]"
26260,3.0085,0.0432,0.0726,0.000030,"[0.19,0.40,1.00]","[0.47,0.39,0.25]"
26270,2.7647,0.0428,0.0719,0.000030,"[0.19,0.40,1.01]","[0.46,0.40,0.25]"
26280,2.6015,0.0423,0.0719,0.000030,"[0.19,0.40,0.98]","[0.46,0.40,0.25]"
26290,2.7039,0.0432,0.0713,0.000030,"[0.19,0.40,0.98]","[0.47,0.40,0.25]"
26300,2.5348,0.0432,0.0747,0.000030,"[0.19,0.40,0.99]","[0.46,0.39,0.25]"
26310,2.7213,0.0438,0.0718,0.000030,"[0.18,0.40,0.99]","[0.45,0.40,0.25]"
26320,2.7612,0.0434,0.0740,0.000030,"[0.19,0.39,1.01]","[0.46,0.39,0.25]"
26330,2.7329,0.0427,0.0728,0.000030,"[0.18,0.40,1.00]","[0.46,0.40,0.25]"
26340,2.8252,0.0407,0.0792,0.000030,"[0.19,0.41,0.99]","[0.46,0.40,0.25]"
26350,2.6995,0.0415,0.0755,0.000030,"[0.20,0.39,0.99]","[0.46,0.42,0.25]"
26360,2.8670,0.0419,0.0741,0.000030,"[0.19,0.40,0.99]","[0.46,0.41,0.25]"
26370,2.6133,0.0432,0.0688,0.000030,"[0.19,0.40,1.00]","[0.48,0.41,0.25]"
26380,2.7236,0.0415,0.0736,0.000030,"[0.19,0.40,1.01]","[0.46,0.39,0.25]"
26390,2.8217,0.0405,0.0756,0.000030,"[0.19,0.41,1.00]","[0.46,0.39,0.25]"
26400,2.5567,0.0403,0.0772,0.000030,"[0.19,0.40,0.99]","[0.47,0.40,0.25]"
26410,2.7516,0.0410,0.0752,0.000030,"[0.19,0.40,0.99]","[0.46,0.40,0.25]"
26420,2.6372,0.0401,0.0760,0.000030,"[0.19,0.40,0.99]","[0.47,0.40,0.25]"
26430,2.6917,0.0397,0.0780,0.000030,"[0.19,0.40,0.98]","[0.46,0.39,0.25]"
26440,2.8239,0.0400,0.0770,0.000030,"[0.19,0.40,0.99]","[0.47,0.41,0.25]"
26450,2.6700,0.0410,0.0741,0.000030,"[0.19,0.40,1.00]","[0.47,0.41,0.25]"
26460,2.7315,0.0404,0.0760,0.000030,"[0.20,0.40,1.01]","[0.46,0.41,0.25]"
26470,2.7281,0.0401,0.0752,0.000030,"[0.20,0.40,1.00]","[0.46,0.41,0.25]"
26480,2.7883,0.0408,0.0752,0.000030,"[0.18,0.40,1.01]","[0.46,0.39,0.25]"
26490,2.7844,0.0409,0.0789,0.000030,"[0.18,0.41,0.99]","[0.46,0.39,0.25]"
26500,2.7390,0.0416,0.0784,0.000030,"[0.19,0.40,1.00]","[0.46,0.39,0.25]"
26510,2.7735,0.0423,0.0742,0.000030,"[0.19,0.40,1.00]","[0.46,0.39,0.25]"
26520,3.0087,0.0408,0.0770,0.000030,"[0.18,0.41,0.99]","[0.46,0.40,0.25]"
26530,2.5506,0.0409,0.0743,0.000030,"[0.19,0.40,0.99]","[0.46,0.40,0.25]"
26540,2.7715,0.0395,0.0766,0.000030,"[0.19,0.39,0.99]","[0.45,0.40,0.25]"
26550,2.5441,0.0395,0.0757,0.000030,"[0.19,0.40,0.99]","[0.47,0.42,0.24]"
26560,2.7191,0.0384,0.0807,0.000030,"[0.18,0.40,0.98]","[0.46,0.39,0.25]"
26570,2.6036,0.0399,0.0730,0.000030,"[0.19,0.40,0.99]","[0.47,0.41,0.25]"
26580,2.6607,0.0399,0.0755,0.000030,"[0.20,0.39,0.98]","[0.48,0.40,0.25]"
26590,2.7469,0.0412,0.0721,0.000030,"[0.19,0.40,0.99]","[0.47,0.41,0.25]"
26600,2.8881,0.0436,0.0683,0.000030,"[0.18,0.41,1.01]","[0.47,0.40,0.25]"
26610,2.4410,0.0447,0.0658,0.000030,"[0.19,0.40,1.01]","[0.47,0.40,0.25]"
26620,2.5853,0.0453,0.0653,0.000030,"[0.18,0.39,1.04]","[0.46,0.39,0.25]"
26630,2.6678,0.0441,0.0656,0.000030,"[0.19,0.40,1.03]","[0.46,0.41,0.25]"
26640,2.8434,0.0442,0.0647,0.000030,"[0.19,0.40,1.04]","[0.46,0.40,0.25]"
26650,2.8340,0.0426,0.0702,0.000030,"[0.19,0.41,1.02]","[0.46,0.40,0.25]"
26660,2.7907,0.0430,0.0669,0.000030,"[0.19,0.40,1.03]","[0.47,0.41,0.25]"
26670,2.9116,0.0425,0.0678,0.000030,"[0.19,0.40,1.04]","[0.46,0.41,0.25]"
26680,2.6618,0.0425,0.0663,0.000030,"[0.18,0.40,1.04]","[0.45,0.40,0.25]"
26690,2.5921,0.0421,0.0686,0.000030,"[0.19,0.39,1.03]","[0.45,0.41,0.25]"
26700,2.6940,0.0424,0.0674,0.000030,"[0.20,0.39,1.03]","[0.47,0.41,0.25]"
26710,2.7648,0.0420,0.0700,0.000030,"[0.18,0.40,1.03]","[0.47,0.41,0.25]"
26720,2.5417,0.0421,0.0678,0.000030,"[0.20,0.39,1.03]","[0.47,0.40,0.25]"
26730,2.7172,0.0428,0.0635,0.000030,"[0.19,0.40,1.04]","[0.47,0.40,0.25]"
26740,2.9538,0.0421,0.0676,0.000030,"[0.18,0.40,1.04]","[0.46,0.40,0.25]"
26750,3.1512,0.0426,0.0665,0.000030,"[0.18,0.41,1.05]","[0.46,0.39,0.25]"
26760,2.5437,0.0415,0.0677,0.000030,"[0.19,0.40,1.04]","[0.47,0.40,0.25]"
26770,2.6997,0.0415,0.0670,0.000030,"[0.20,0.39,1.03]","[0.46,0.41,0.25]"
26780,2.7517,0.0410,0.0699,0.000030,"[0.19,0.40,1.04]","[0.47,0.40,0.25]"
26790,2.5863,0.0412,0.0691,0.000030,"[0.19,0.40,1.04]","[0.46,0.39,0.25]"
26800,2.8612,0.0413,0.0696,0.000030,"[0.19,0.40,1.04]","[0.46,0.40,0.25]"
26810,2.6427,0.0417,0.0733,0.000030,"[0.19,0.40,1.04]","[0.46,0.40,0.25]"
26820,2.7823,0.0405,0.0722,0.000030,"[0.19,0.40,1.05]","[0.47,0.40,0.25]"
26830,2.6026,0.0404,0.0726,0.000030,"[0.20,0.39,1.03]","[0.47,0.41,0.25]"
26840,2.6926,0.0422,0.0657,0.000030,"[0.19,0.40,1.05]","[0.47,0.40,0.25]"
26850,2.8254,0.0418,0.0677,0.000030,"[0.20,0.40,1.05]","[0.47,0.41,0.25]"
26860,2.8553,0.0428,0.0642,0.000030,"[0.18,0.41,1.06]","[0.46,0.40,0.25]"
26870,2.5460,0.0427,0.0640,0.000030,"[0.19,0.40,1.05]","[0.48,0.40,0.25]"
26880,2.7080,0.0437,0.0617,0.000030,"[0.19,0.40,1.06]","[0.46,0.40,0.25]"
26890,2.8117,0.0428,0.0663,0.000030,"[0.19,0.40,1.06]","[0.46,0.40,0.25]"
26900,2.6809,0.0427,0.0662,0.000030,"[0.19,0.39,1.04]","[0.47,0.40,0.25]"
26910,2.6497,0.0407,0.0732,0.000030,"[0.19,0.40,1.03]","[0.48,0.41,0.25]"
26920,2.7718,0.0402,0.0719,0.000030,"[0.19,0.40,1.03]","[0.46,0.39,0.25]"
26930,2.6309,0.0400,0.0722,0.000030,"[0.20,0.40,1.04]","[0.46,0.40,0.25]"
26940,2.7641,0.0405,0.0727,0.000030,"[0.17,0.41,1.05]","[0.46,0.38,0.25]"
26950,2.8019,0.0398,0.0749,0.000030,"[0.19,0.40,1.05]","[0.45,0.39,0.25]"
26960,3.2560,0.0405,0.0710,0.000030,"[0.18,0.42,1.06]","[0.44,0.40,0.25]"
26970,2.7902,0.0401,0.0722,0.000030,"[0.20,0.40,1.04]","[0.46,0.41,0.25]"
26980,2.7030,0.0395,0.0723,0.000030,"[0.19,0.41,1.05]","[0.46,0.40,0.25]"
26990,2.7308,0.0393,0.0733,0.000030,"[0.19,0.41,1.04]","[0.46,0.41,0.25]"
27000,2.8596,0.0395,0.0717,0.000030,"[0.19,0.40,1.04]","[0.47,0.40,0.25]"
27010,2.6926,0.0390,0.0749,0.000030,"[0.19,0.40,1.04]","[0.47,0.40,0.25]"
27020,2.7746,0.0391,0.0728,0.000030,"[0.19,0.41,1.04]","[0.46,0.40,0.25]"
27030,2.6828,0.0396,0.0712,0.000030,"[0.18,0.41,1.04]","[0.46,0.39,0.25]"
27040,2.7419,0.0399,0.0704,0.000030,"[0.19,0.40,1.03]","[0.47,0.39,0.25]"
27050,2.7211,0.0386,0.0761,0.000030,"[0.19,0.40,1.04]","[0.46,0.40,0.25]"
27060,2.6123,0.0387,0.0744,0.000030,"[0.20,0.40,1.04]","[0.46,0.40,0.25]"
27070,2.6863,0.0388,0.0735,0.000030,"[0.19,0.39,1.04]","[0.45,0.40,0.25]"
27080,2.6239,0.0395,0.0705,0.000030,"[0.19,0.40,1.04]","[0.47,0.39,0.25]"
27090,2.8354,0.0400,0.0696,0.000030,"[0.18,0.41,1.05]","[0.46,0.40,0.25]"
27100,2.9688,0.0392,0.0736,0.000030,"[0.19,0.40,1.05]","[0.45,0.41,0.25]"
27110,2.6488,0.0390,0.0749,0.000030,"[0.19,0.40,1.05]","[0.46,0.38,0.25]"
27120,2.8683,0.0390,0.0739,0.000030,"[0.19,0.39,1.05]","[0.47,0.41,0.25]"
27130,2.7445,0.0395,0.0725,0.000030,"[0.18,0.41,1.05]","[0.45,0.39,0.25]"
27140,2.5206,0.0395,0.0745,0.000030,"[0.20,0.40,1.05]","[0.47,0.40,0.25]"
27150,2.5597,0.0389,0.0757,0.000030,"[0.20,0.40,1.04]","[0.48,0.41,0.25]"
27160,2.7043,0.0398,0.0696,0.000030,"[0.18,0.41,1.05]","[0.46,0.40,0.25]"
27170,2.8872,0.0390,0.0728,0.000030,"[0.19,0.40,1.04]","[0.46,0.41,0.25]"
27180,2.7144,0.0384,0.0760,0.000030,"[0.18,0.41,1.04]","[0.45,0.40,0.25]"
27190,2.6769,0.0392,0.0709,0.000030,"[0.19,0.41,1.05]","[0.46,0.41,0.25]"
27200,2.6342,0.0387,0.0768,0.000030,"[0.20,0.40,1.04]","[0.48,0.41,0.25]"
27210,2.8077,0.0389,0.0753,0.000030,"[0.19,0.40,1.04]","[0.45,0.40,0.25]"
27220,2.9575,0.0383,0.0748,0.000030,"[0.18,0.41,1.05]","[0.46,0.40,0.25]"
27230,2.5406,0.0385,0.0766,0.000030,"[0.19,0.40,1.04]","[0.46,0.39,0.25]"
27240,2.5167,0.0382,0.0744,0.000030,"[0.19,0.40,1.04]","[0.47,0.40,0.25]"
27250,2.7349,0.0381,0.0756,0.000030,"[0.19,0.39,1.03]","[0.45,0.39,0.25]"
27260,2.6721,0.0385,0.0732,0.000030,"[0.18,0.40,1.03]","[0.46,0.39,0.25]"
27270,2.7067,0.0385,0.0742,0.000030,"[0.19,0.40,1.04]","[0.46,0.40,0.25]"
27280,2.6048,0.0387,0.0729,0.000030,"[0.20,0.40,1.05]","[0.47,0.40,0.25]"
27290,2.9331,0.0383,0.0739,0.000030,"[0.18,0.41,1.04]","[0.46,0.39,0.25]"
27300,2.8088,0.0383,0.0736,0.000030,"[0.18,0.40,1.04]","[0.45,0.41,0.25]"
27310,2.6429,0.0390,0.0729,0.000030,"[0.19,0.40,1.04]","[0.46,0.42,0.25]"
27320,2.8671,0.0387,0.0732,0.000030,"[0.18,0.40,1.05]","[0.45,0.41,0.25]"
27330,2.7925,0.0384,0.0743,0.000030,"[0.19,0.40,1.04]","[0.46,0.41,0.25]"
27340,2.7385,0.0400,0.0714,0.000030,"[0.19,0.41,1.05]","[0.46,0.41,0.25]"
27350,2.7289,0.0400,0.0724,0.000030,"[0.18,0.40,1.05]","[0.46,0.40,0.25]"
27360,2.7873,0.0389,0.0715,0.000030,"[0.18,0.40,1.04]","[0.46,0.40,0.25]"
27370,2.7094,0.0385,0.0723,0.000030,"[0.18,0.40,1.04]","[0.47,0.40,0.25]"
27380,2.8360,0.0393,0.0707,0.000030,"[0.18,0.41,1.05]","[0.46,0.41,0.25]"
27390,2.9650,0.0418,0.0678,0.000030,"[0.19,0.40,1.06]","[0.47,0.41,0.25]"
27400,2.9560,0.0414,0.0731,0.000030,"[0.18,0.41,1.07]","[0.45,0.40,0.25]"
27410,2.8804,0.0399,0.0731,0.000030,"[0.19,0.40,1.05]","[0.46,0.40,0.25]"
27420,2.8740,0.0383,0.0738,0.000030,"[0.18,0.41,1.04]","[0.45,0.40,0.24]"
27430,2.6453,0.0388,0.0731,0.000030,"[0.19,0.40,1.03]","[0.46,0.41,0.25]"
27440,2.7261,0.0410,0.0691,0.000030,"[0.20,0.39,1.05]","[0.46,0.40,0.24]"
27450,2.8219,0.0429,0.0706,0.000030,"[0.19,0.40,1.07]","[0.46,0.40,0.25]"
27460,2.6595,0.0475,0.0687,0.000030,"[0.19,0.40,1.08]","[0.47,0.40,0.25]"
27470,2.8478,0.0444,0.0719,0.000030,"[0.19,0.40,1.08]","[0.46,0.40,0.25]"
27480,2.7343,0.0425,0.0680,0.000030,"[0.18,0.41,1.08]","[0.47,0.39,0.25]"
27490,2.8501,0.0416,0.0700,0.000030,"[0.19,0.40,1.05]","[0.47,0.41,0.25]"
27500,2.8160,0.0425,0.0673,0.000030,"[0.19,0.41,1.06]","[0.46,0.41,0.25]"
27510,2.9015,0.0431,0.0657,0.000030,"[0.18,0.41,1.07]","[0.47,0.40,0.25]"
27520,2.8444,0.0421,0.0692,0.000030,"[0.18,0.41,1.06]","[0.46,0.40,0.25]"
27530,2.6068,0.0381,0.0814,0.000030,"[0.19,0.40,1.05]","[0.46,0.40,0.25]"
27540,2.7496,0.0397,0.0771,0.000030,"[0.19,0.40,1.07]","[0.48,0.39,0.25]"
27550,2.7281,0.0414,0.0768,0.000030,"[0.19,0.40,1.08]","[0.47,0.40,0.25]"
27560,2.8761,0.0415,0.0756,0.000030,"[0.19,0.40,1.09]","[0.46,0.40,0.25]"
27570,2.7707,0.0394,0.0753,0.000030,"[0.18,0.41,1.08]","[0.46,0.38,0.25]"
27580,2.7567,0.0394,0.0718,0.000030,"[0.18,0.41,1.08]","[0.46,0.38,0.25]"
27590,2.5371,0.0384,0.0745,0.000030,"[0.20,0.40,1.07]","[0.47,0.40,0.25]"
27600,2.8296,0.0383,0.0732,0.000030,"[0.19,0.40,1.08]","[0.46,0.40,0.25]"
27610,2.7241,0.0386,0.0730,0.000030,"[0.18,0.40,1.08]","[0.46,0.40,0.25]"
27620,2.6798,0.0381,0.0774,0.000030,"[0.18,0.40,1.08]","[0.44,0.39,0.25]"
27630,2.8528,0.0396,0.0713,0.000030,"[0.18,0.41,1.08]","[0.46,0.40,0.25]"
27640,2.8308,0.0393,0.0726,0.000030,"[0.19,0.40,1.08]","[0.46,0.40,0.25]"
27650,2.9010,0.0383,0.0742,0.000030,"[0.19,0.41,1.09]","[0.46,0.41,0.25]"
27660,2.6154,0.0382,0.0730,0.000030,"[0.19,0.40,1.09]","[0.46,0.39,0.25]"
27670,2.7307,0.0378,0.0755,0.000030,"[0.19,0.39,1.08]","[0.46,0.40,0.25]"
27680,2.8128,0.0378,0.0740,0.000030,"[0.19,0.41,1.08]","[0.47,0.41,0.25]"
27690,2.8213,0.0399,0.0696,0.000030,"[0.18,0.41,1.09]","[0.45,0.39,0.25]"
27700,2.8729,0.0393,0.0695,0.000030,"[0.18,0.41,1.10]","[0.46,0.39,0.25]"
27710,2.9072,0.0385,0.0720,0.000030,"[0.18,0.41,1.10]","[0.45,0.40,0.25]"
27720,2.6689,0.0378,0.0733,0.000030,"[0.20,0.40,1.08]","[0.47,0.40,0.25]"
27730,2.7758,0.0376,0.0757,0.000030,"[0.19,0.41,1.09]","[0.47,0.41,0.25]"
27740,2.7447,0.0372,0.0773,0.000030,"[0.19,0.40,1.10]","[0.47,0.40,0.25]"
27750,2.9131,0.0377,0.0758,0.000030,"[0.20,0.40,1.09]","[0.46,0.40,0.25]"
27760,2.5800,0.0381,0.0741,0.000030,"[0.19,0.40,1.09]","[0.45,0.40,0.25]"
27770,2.8965,0.0378,0.0768,0.000030,"[0.18,0.41,1.11]","[0.46,0.40,0.25]"
27780,2.8254,0.0379,0.0746,0.000030,"[0.18,0.41,1.11]","[0.47,0.39,0.25]"
27790,2.6145,0.0381,0.0722,0.000030,"[0.19,0.40,1.10]","[0.47,0.40,0.25]"
27800,2.9447,0.0389,0.0707,0.000030,"[0.18,0.41,1.11]","[0.46,0.41,0.25]"
27810,3.0104,0.0390,0.0733,0.000030,"[0.18,0.41,1.09]","[0.45,0.40,0.25]"
27820,2.7755,0.0402,0.0709,0.000030,"[0.20,0.40,1.09]","[0.47,0.40,0.25]"
27830,2.7071,0.0426,0.0689,0.000030,"[0.18,0.41,1.12]","[0.46,0.40,0.25]"
27840,2.7090,0.0422,0.0666,0.000030,"[0.19,0.40,1.12]","[0.47,0.39,0.25]"
27850,2.7080,0.0415,0.0676,0.000030,"[0.19,0.41,1.11]","[0.46,0.40,0.25]"
27860,2.7254,0.0417,0.0643,0.000030,"[0.20,0.40,1.12]","[0.46,0.40,0.25]"
27870,2.8869,0.0410,0.0660,0.000030,"[0.20,0.39,1.11]","[0.47,0.41,0.25]"
27880,2.5709,0.0397,0.0692,0.000030,"[0.19,0.40,1.11]","[0.46,0.40,0.25]"
27890,2.9387,0.0391,0.0719,0.000030,"[0.19,0.40,1.10]","[0.46,0.41,0.25]"
27900,3.0684,0.0396,0.0729,0.000030,"[0.19,0.41,1.11]","[0.45,0.41,0.25]"
27910,2.8605,0.0399,0.0702,0.000030,"[0.18,0.41,1.13]","[0.47,0.40,0.25]"
27920,2.6849,0.0398,0.0706,0.000030,"[0.18,0.40,1.13]","[0.45,0.40,0.25]"
27930,2.9167,0.0393,0.0695,0.000030,"[0.18,0.41,1.13]","[0.46,0.40,0.25]"
27940,2.9747,0.0381,0.0728,0.000030,"[0.18,0.41,1.12]","[0.46,0.40,0.25]"
27950,2.8483,0.0383,0.0698,0.000030,"[0.19,0.41,1.12]","[0.45,0.39,0.24]"
27960,3.0024,0.0375,0.0751,0.000030,"[0.18,0.41,1.11]","[0.46,0.40,0.25]"
27970,3.0739,0.0380,0.0728,0.000030,"[0.18,0.41,1.14]","[0.46,0.40,0.25]"
27980,2.7829,0.0381,0.0701,0.000030,"[0.18,0.40,1.14]","[0.46,0.40,0.25]"
27990,2.7753,0.0374,0.0725,0.000030,"[0.19,0.40,1.12]","[0.46,0.39,0.25]"
28000,2.9395,0.0371,0.0745,0.000030,"[0.18,0.41,1.13]","[0.45,0.39,0.25]"
28010,2.7284,0.0370,0.0767,0.000030,"[0.19,0.40,1.11]","[0.46,0.41,0.25]"
28020,2.6942,0.0370,0.0761,0.000030,"[0.19,0.40,1.13]","[0.46,0.40,0.25]"
28030,2.7584,0.0369,0.0758,0.000030,"[0.18,0.40,1.13]","[0.45,0.40,0.25]"
28040,2.6956,0.0379,0.0736,0.000030,"[0.18,0.40,1.15]","[0.45,0.39,0.24]"
28050,2.7237,0.0365,0.0765,0.000030,"[0.19,0.40,1.13]","[0.46,0.41,0.25]"
28060,2.7938,0.0365,0.0772,0.000030,"[0.18,0.40,1.14]","[0.45,0.41,0.25]"
28070,2.7051,0.0365,0.0751,0.000030,"[0.19,0.39,1.12]","[0.47,0.39,0.24]"
28080,2.8834,0.0369,0.0756,0.000030,"[0.19,0.41,1.13]","[0.47,0.40,0.24]"
28090,2.4754,0.0376,0.0740,0.000030,"[0.19,0.39,1.13]","[0.47,0.40,0.24]"
28100,2.6421,0.0369,0.0767,0.000030,"[0.20,0.41,1.13]","[0.47,0.42,0.25]"
28110,2.7370,0.0367,0.0762,0.000030,"[0.19,0.41,1.13]","[0.47,0.40,0.25]"
28120,2.4426,0.0359,0.0795,0.000030,"[0.21,0.39,1.11]","[0.47,0.41,0.25]"
28130,2.7480,0.0362,0.0773,0.000030,"[0.19,0.40,1.11]","[0.46,0.41,0.24]"
28140,2.8487,0.0367,0.0779,0.000030,"[0.18,0.41,1.11]","[0.46,0.41,0.25]"
28150,2.8491,0.0368,0.0748,0.000030,"[0.19,0.41,1.12]","[0.46,0.40,0.24]"
28160,2.7401,0.0364,0.0762,0.000030,"[0.19,0.40,1.12]","[0.46,0.40,0.24]"
28170,2.7667,0.0361,0.0773,0.000030,"[0.19,0.40,1.11]","[0.46,0.40,0.24]"
28180,2.8310,0.0360,0.0781,0.000030,"[0.19,0.40,1.12]","[0.46,0.40,0.25]"
28190,2.8587,0.0363,0.0783,0.000030,"[0.19,0.40,1.13]","[0.46,0.40,0.24]"
28200,2.9107,0.0363,0.0764,0.000030,"[0.18,0.41,1.13]","[0.46,0.40,0.24]"
28210,2.5014,0.0360,0.0757,0.000030,"[0.18,0.40,1.11]","[0.46,0.39,0.24]"
28220,2.5871,0.0363,0.0776,0.000030,"[0.19,0.40,1.12]","[0.46,0.39,0.25]"
28230,2.7610,0.0389,0.0733,0.000030,"[0.17,0.40,1.14]","[0.46,0.40,0.25]"
28240,2.9844,0.0411,0.0645,0.000030,"[0.18,0.40,1.13]","[0.46,0.39,0.25]"
28250,2.8351,0.0375,0.0745,0.000030,"[0.19,0.41,1.12]","[0.47,0.41,0.24]"
28260,2.5493,0.0378,0.0780,0.000030,"[0.21,0.39,1.11]","[0.47,0.42,0.25]"
28270,2.6893,0.0421,0.0658,0.000030,"[0.18,0.41,1.14]","[0.46,0.39,0.25]"
28280,2.7084,0.0408,0.0685,0.000030,"[0.18,0.40,1.12]","[0.46,0.39,0.25]"
28290,2.6833,0.0390,0.0689,0.000030,"[0.18,0.41,1.11]","[0.45,0.40,0.25]"
28300,2.5389,0.0382,0.0730,0.000030,"[0.19,0.40,1.10]","[0.47,0.41,0.25]"
28310,2.6881,0.0387,0.0706,0.000030,"[0.18,0.41,1.11]","[0.46,0.39,0.25]"
28320,2.8904,0.0389,0.0713,0.000030,"[0.18,0.41,1.12]","[0.46,0.39,0.25]"
28330,2.5368,0.0398,0.0672,0.000030,"[0.19,0.40,1.11]","[0.47,0.40,0.25]"
28340,2.7334,0.0396,0.0678,0.000030,"[0.19,0.41,1.10]","[0.46,0.41,0.25]"
28350,2.9806,0.0394,0.0692,0.000030,"[0.19,0.41,1.10]","[0.46,0.41,0.25]"
28360,2.6433,0.0393,0.0689,0.000030,"[0.18,0.40,1.11]","[0.46,0.40,0.25]"
28370,2.6748,0.0394,0.0727,0.000030,"[0.18,0.40,1.12]","[0.46,0.40,0.25]"
28380,2.7083,0.0397,0.0678,0.000030,"[0.19,0.41,1.09]","[0.46,0.41,0.25]"
28390,2.6500,0.0407,0.0689,0.000030,"[0.18,0.41,1.10]","[0.46,0.40,0.25]"
28400,2.7553,0.0392,0.0729,0.000030,"[0.18,0.40,1.11]","[0.45,0.39,0.25]"
28410,2.7635,0.0389,0.0719,0.000030,"[0.19,0.40,1.11]","[0.47,0.40,0.25]"
28420,2.6475,0.0391,0.0724,0.000030,"[0.19,0.41,1.11]","[0.47,0.40,0.25]"
28430,2.7401,0.0403,0.0672,0.000030,"[0.20,0.40,1.11]","[0.46,0.41,0.25]"
28440,2.8957,0.0389,0.0706,0.000030,"[0.19,0.41,1.09]","[0.46,0.41,0.25]"
28450,2.8451,0.0399,0.0652,0.000030,"[0.19,0.40,1.10]","[0.46,0.40,0.25]"
28460,2.8967,0.0414,0.0654,0.000030,"[0.18,0.41,1.12]","[0.45,0.39,0.25]"
28470,2.6369,0.0428,0.0645,0.000030,"[0.19,0.41,1.11]","[0.46,0.41,0.25]"
28480,2.5410,0.0454,0.0627,0.000030,"[0.20,0.40,1.12]","[0.47,0.41,0.25]"
28490,2.7693,0.0442,0.0605,0.000030,"[0.19,0.40,1.13]","[0.46,0.41,0.25]"
28500,2.6311,0.0436,0.0607,0.000030,"[0.19,0.40,1.13]","[0.46,0.41,0.25]"
28510,2.7314,0.0417,0.0641,0.000030,"[0.19,0.41,1.09]","[0.46,0.41,0.24]"
28520,2.7158,0.0397,0.0724,0.000030,"[0.19,0.40,1.10]","[0.46,0.41,0.25]"
28530,2.6637,0.0397,0.0699,0.000030,"[0.19,0.40,1.10]","[0.46,0.40,0.25]"
28540,2.8636,0.0387,0.0747,0.000030,"[0.19,0.40,1.08]","[0.45,0.40,0.25]"
28550,2.5902,0.0399,0.0700,0.000030,"[0.18,0.41,1.10]","[0.46,0.40,0.25]"
28560,2.5264,0.0411,0.0713,0.000030,"[0.19,0.40,1.10]","[0.46,0.40,0.25]"
28570,2.7172,0.0400,0.0692,0.000030,"[0.18,0.41,1.13]","[0.45,0.39,0.25]"
28580,2.7183,0.0380,0.0747,0.000030,"[0.19,0.40,1.11]","[0.46,0.40,0.25]"
28590,2.7591,0.0374,0.0746,0.000030,"[0.19,0.40,1.12]","[0.46,0.41,0.25]"
28600,2.7213,0.0381,0.0680,0.000030,"[0.19,0.40,1.11]","[0.47,0.40,0.25]"
28610,2.6419,0.0370,0.0733,0.000030,"[0.19,0.41,1.11]","[0.47,0.41,0.25]"
28620,2.5841,0.0377,0.0698,0.000030,"[0.20,0.40,1.09]","[0.47,0.41,0.25]"
28630,2.6716,0.0373,0.0701,0.000030,"[0.19,0.40,1.09]","[0.48,0.40,0.25]"
28640,2.4095,0.0376,0.0685,0.000030,"[0.20,0.40,1.09]","[0.47,0.41,0.25]"
28650,2.6681,0.0375,0.0696,0.000030,"[0.18,0.40,1.09]","[0.46,0.41,0.25]"
28660,2.6225,0.0372,0.0699,0.000030,"[0.19,0.41,1.09]","[0.47,0.41,0.25]"
28670,2.4849,0.0378,0.0682,0.000030,"[0.19,0.40,1.09]","[0.47,0.42,0.25]"
28680,2.8531,0.0383,0.0655,0.000030,"[0.18,0.41,1.10]","[0.46,0.39,0.25]"
28690,2.7750,0.0373,0.0680,0.000030,"[0.18,0.41,1.08]","[0.45,0.40,0.24]"
28700,2.6832,0.0372,0.0690,0.000030,"[0.19,0.40,1.09]","[0.47,0.40,0.25]"
28710,2.7402,0.0368,0.0706,0.000030,"[0.19,0.40,1.09]","[0.47,0.41,0.25]"
28720,2.8250,0.0369,0.0708,0.000030,"[0.19,0.41,1.11]","[0.47,0.40,0.25]"
28730,2.8055,0.0362,0.0729,0.000030,"[0.19,0.41,1.09]","[0.46,0.40,0.25]"
28740,2.6535,0.0368,0.0692,0.000030,"[0.19,0.40,1.10]","[0.46,0.41,0.25]"
28750,2.9781,0.0367,0.0698,0.000030,"[0.17,0.40,1.09]","[0.45,0.39,0.25]"
28760,2.7494,0.0365,0.0707,0.000030,"[0.19,0.41,1.08]","[0.46,0.40,0.24]"
28770,2.9312,0.0365,0.0724,0.000030,"[0.19,0.41,1.09]","[0.46,0.40,0.25]"
28780,2.7080,0.0360,0.0731,0.000030,"[0.20,0.40,1.09]","[0.46,0.39,0.25]"
28790,2.6663,0.0359,0.0735,0.000030,"[0.19,0.40,1.08]","[0.45,0.39,0.25]"
28800,2.6771,0.0359,0.0741,0.000030,"[0.19,0.40,1.07]","[0.46,0.41,0.25]"
28810,2.9456,0.0364,0.0725,0.000030,"[0.19,0.41,1.08]","[0.46,0.41,0.25]"
28820,2.7059,0.0363,0.0707,0.000030,"[0.18,0.41,1.07]","[0.46,0.39,0.24]"
28830,2.7441,0.0360,0.0716,0.000030,"[0.19,0.41,1.07]","[0.46,0.41,0.25]"
28840,2.7479,0.0361,0.0736,0.000030,"[0.18,0.40,1.07]","[0.45,0.41,0.25]"
28850,2.7141,0.0367,0.0699,0.000030,"[0.19,0.41,1.08]","[0.46,0.39,0.24]"
28860,2.7133,0.0364,0.0703,0.000030,"[0.18,0.41,1.09]","[0.46,0.40,0.25]"
28870,2.6652,0.0360,0.0717,0.000030,"[0.19,0.40,1.08]","[0.47,0.41,0.25]"
28880,2.9288,0.0359,0.0720,0.000030,"[0.17,0.41,1.08]","[0.45,0.40,0.25]"
28890,2.9697,0.0359,0.0712,0.000030,"[0.18,0.41,1.07]","[0.46,0.40,0.25]"
28900,2.8626,0.0355,0.0736,0.000030,"[0.19,0.40,1.07]","[0.46,0.40,0.25]"
29310,2.7715,0.0358,0.0689,0.000050,"[0.19,0.41,1.09]","[0.46,0.40,0.25]"
29320,2.7317,0.0348,0.0713,0.000050,"[0.19,0.41,1.08]","[0.46,0.40,0.24]"
29330,2.7379,0.0345,0.0733,0.000050,"[0.19,0.41,1.09]","[0.46,0.40,0.25]"
29340,2.8838,0.0352,0.0708,0.000050,"[0.19,0.40,1.09]","[0.46,0.40,0.25]"
29350,2.8676,0.0352,0.0700,0.000050,"[0.19,0.40,1.09]","[0.46,0.41,0.24]"
29360,2.7452,0.0352,0.0694,0.000050,"[0.19,0.41,1.09]","[0.47,0.41,0.24]"
29370,2.6879,0.0341,0.0773,0.000050,"[0.21,0.40,1.09]","[0.47,0.40,0.25]"
29380,2.7011,0.0338,0.0786,0.000050,"[0.18,0.40,1.08]","[0.47,0.40,0.25]"
29390,2.8036,0.0344,0.0758,0.000050,"[0.20,0.41,1.10]","[0.47,0.40,0.25]"
29400,2.9206,0.0353,0.0745,0.000050,"[0.18,0.41,1.08]","[0.46,0.39,0.25]"
29410,3.0432,0.0354,0.0754,0.000050,"[0.18,0.41,1.06]","[0.44,0.39,0.25]"
29420,2.5887,0.0349,0.0726,0.000050,"[0.18,0.41,1.08]","[0.45,0.40,0.24]"
29430,2.4885,0.0352,0.0696,0.000050,"[0.19,0.40,1.08]","[0.47,0.40,0.24]"
29440,2.5802,0.0342,0.0743,0.000050,"[0.20,0.39,1.08]","[0.46,0.40,0.24]"
29450,2.7484,0.0346,0.0718,0.000050,"[0.19,0.41,1.08]","[0.46,0.40,0.24]"
29460,2.5169,0.0344,0.0721,0.000050,"[0.20,0.40,1.08]","[0.47,0.41,0.24]"
29470,2.7126,0.0347,0.0713,0.000050,"[0.19,0.41,1.09]","[0.46,0.40,0.24]"
29480,2.7952,0.0342,0.0737,0.000050,"[0.18,0.41,1.09]","[0.46,0.39,0.24]"
29490,2.8312,0.0334,0.0764,0.000050,"[0.19,0.41,1.09]","[0.46,0.39,0.24]"
29500,2.8611,0.0330,0.0805,0.000050,"[0.18,0.41,1.08]","[0.45,0.40,0.25]"
29510,2.7148,0.0342,0.0737,0.000050,"[0.19,0.41,1.07]","[0.46,0.40,0.24]"
29520,2.8010,0.0338,0.0754,0.000050,"[0.18,0.41,1.07]","[0.46,0.41,0.24]"
29530,2.8687,0.0328,0.0797,0.000050,"[0.18,0.41,1.08]","[0.47,0.39,0.25]"
29540,2.9026,0.0352,0.0706,0.000050,"[0.19,0.40,1.07]","[0.46,0.40,0.24]"
29550,2.6390,0.0341,0.0730,0.000050,"[0.19,0.41,1.07]","[0.46,0.40,0.24]"
29560,2.9159,0.0334,0.0766,0.000050,"[0.19,0.40,1.07]","[0.46,0.40,0.24]"
29570,2.9264,0.0335,0.0754,0.000050,"[0.19,0.41,1.09]","[0.46,0.39,0.24]"
29580,2.7033,0.0329,0.0794,0.000050,"[0.19,0.40,1.09]","[0.46,0.39,0.25]"
29590,2.8823,0.0335,0.0765,0.000050,"[0.18,0.41,1.07]","[0.45,0.39,0.24]"
29600,2.8206,0.0349,0.0725,0.000050,"[0.18,0.41,1.08]","[0.46,0.40,0.24]"
29610,3.0214,0.0342,0.0747,0.000050,"[0.19,0.40,1.07]","[0.45,0.40,0.24]"
29620,2.7166,0.0325,0.0824,0.000050,"[0.20,0.40,1.06]","[0.46,0.40,0.25]"
29630,2.4961,0.0330,0.0782,0.000050,"[0.19,0.40,1.07]","[0.47,0.40,0.24]"
29640,2.6220,0.0326,0.0804,0.000050,"[0.19,0.40,1.07]","[0.47,0.41,0.25]"
29650,2.8519,0.0329,0.0777,0.000050,"[0.19,0.41,1.07]","[0.46,0.41,0.24]"
29660,2.8464,0.0334,0.0741,0.000050,"[0.20,0.41,1.07]","[0.47,0.43,0.24]"
29670,2.6582,0.0321,0.0805,0.000050,"[0.19,0.41,1.06]","[0.46,0.40,0.25]"
29680,2.5689,0.0321,0.0808,0.000050,"[0.19,0.40,1.05]","[0.46,0.39,0.25]"
29690,2.8464,0.0319,0.0804,0.000050,"[0.19,0.40,1.06]","[0.46,0.41,0.25]"
29700,2.7618,0.0322,0.0799,0.000050,"[0.18,0.41,1.06]","[0.46,0.41,0.25]"
29710,2.6905,0.0337,0.0751,0.000050,"[0.19,0.41,1.07]","[0.47,0.41,0.24]"
29720,2.7462,0.0365,0.0691,0.000050,"[0.19,0.41,1.10]","[0.46,0.40,0.24]"
29730,2.5105,0.0355,0.0723,0.000050,"[0.19,0.41,1.11]","[0.47,0.40,0.24]"
29740,2.6402,0.0342,0.0814,0.000050,"[0.19,0.41,1.07]","[0.46,0.40,0.25]"
29750,3.0111,0.0340,0.0797,0.000050,"[0.19,0.41,1.07]","[0.46,0.39,0.25]"
29760,2.7521,0.0342,0.0734,0.000050,"[0.18,0.41,1.05]","[0.46,0.40,0.24]"
29770,2.9186,0.0350,0.0714,0.000050,"[0.19,0.41,1.06]","[0.45,0.41,0.24]"
29780,2.7267,0.0383,0.0703,0.000050,"[0.19,0.41,1.07]","[0.47,0.41,0.25]"
29790,2.5971,0.0386,0.0716,0.000050,"[0.20,0.40,1.07]","[0.47,0.41,0.25]"
29800,2.8741,0.0365,0.0704,0.000050,"[0.18,0.41,1.07]","[0.45,0.41,0.25]"
29810,2.5171,0.0359,0.0677,0.000050,"[0.20,0.40,1.06]","[0.46,0.41,0.25]"
29820,2.6550,0.0348,0.0714,0.000050,"[0.20,0.39,1.06]","[0.47,0.40,0.25]"
29830,2.7704,0.0345,0.0692,0.000050,"[0.19,0.40,1.06]","[0.47,0.40,0.24]"
29840,2.8835,0.0336,0.0719,0.000050,"[0.19,0.41,1.07]","[0.46,0.42,0.24]"
29850,2.9597,0.0331,0.0757,0.000050,"[0.19,0.41,1.06]","[0.47,0.41,0.25]"
29860,2.8396,0.0340,0.0695,0.000050,"[0.19,0.41,1.08]","[0.47,0.41,0.24]"
29870,2.7355,0.0337,0.0714,0.000050,"[0.19,0.41,1.07]","[0.47,0.41,0.24]"
29880,2.7446,0.0330,0.0729,0.000050,"[0.18,0.40,1.07]","[0.46,0.40,0.24]"
29890,2.9054,0.0339,0.0694,0.000050,"[0.19,0.40,1.07]","[0.45,0.40,0.24]"
29900,2.7015,0.0337,0.0707,0.000050,"[0.19,0.41,1.07]","[0.46,0.40,0.24]"
29910,2.8537,0.0331,0.0725,0.000050,"[0.18,0.41,1.06]","[0.45,0.41,0.24]"
29920,2.7287,0.0325,0.0764,0.000050,"[0.19,0.40,1.06]","[0.47,0.40,0.24]"
29930,2.7356,0.0320,0.0772,0.000050,"[0.20,0.40,1.07]","[0.46,0.40,0.24]"
29940,2.9176,0.0320,0.0773,0.000050,"[0.19,0.41,1.07]","[0.46,0.40,0.24]"
29950,2.6080,0.0315,0.0786,0.000050,"[0.20,0.40,1.06]","[0.46,0.41,0.25]"
29960,2.7951,0.0312,0.0821,0.000050,"[0.18,0.41,1.06]","[0.46,0.39,0.25]"
29970,2.5668,0.0316,0.0778,0.000050,"[0.20,0.40,1.06]","[0.46,0.41,0.24]"
29980,2.6970,0.0324,0.0744,0.000050,"[0.19,0.41,1.06]","[0.45,0.41,0.24]"
29990,2.8568,0.0322,0.0749,0.000050,"[0.18,0.41,1.07]","[0.46,0.40,0.24]"
30000,2.9558,0.0328,0.0725,0.000050,"[0.19,0.41,1.06]","[0.46,0.41,0.24]"
30010,2.7845,0.0360,0.0649,0.000050,"[0.18,0.41,1.09]","[0.45,0.40,0.24]"
30020,2.7808,0.0371,0.0586,0.000050,"[0.20,0.40,1.09]","[0.46,0.41,0.24]"
30030,2.7091,0.0386,0.0541,0.000050,"[0.19,0.40,1.08]","[0.47,0.40,0.24]"
30040,2.7117,0.0390,0.0527,0.000050,"[0.18,0.40,1.08]","[0.46,0.40,0.24]"
30050,2.9617,0.0401,0.0494,0.000050,"[0.18,0.41,1.10]","[0.45,0.39,0.24]"
30060,2.7149,0.0410,0.0473,0.000050,"[0.20,0.40,1.10]","[0.47,0.40,0.24]"
30070,2.8420,0.0399,0.0501,0.000050,"[0.19,0.40,1.08]","[0.46,0.41,0.24]"
30080,2.7936,0.0406,0.0476,0.000050,"[0.19,0.41,1.10]","[0.46,0.41,0.24]"
30090,2.7988,0.0400,0.0488,0.000050,"[0.19,0.41,1.10]","[0.46,0.41,0.24]"
30100,2.8274,0.0413,0.0463,0.000050,"[0.18,0.41,1.10]","[0.45,0.41,0.24]"
30110,2.8985,0.0417,0.0446,0.000050,"[0.19,0.41,1.10]","[0.47,0.41,0.24]"
30120,2.6822,0.0475,0.0397,0.000050,"[0.18,0.40,1.12]","[0.45,0.40,0.25]"
30130,2.9935,0.0491,0.0361,0.000050,"[0.18,0.41,1.15]","[0.46,0.42,0.25]"
30140,2.7391,0.0465,0.0394,0.000050,"[0.19,0.40,1.15]","[0.46,0.40,0.25]"
30150,2.6921,0.0447,0.0405,0.000050,"[0.18,0.41,1.15]","[0.45,0.39,0.25]"
30160,2.6147,0.0441,0.0417,0.000050,"[0.19,0.41,1.14]","[0.45,0.40,0.25]"
30170,2.7880,0.0428,0.0432,0.000050,"[0.19,0.41,1.13]","[0.46,0.40,0.25]"
30180,3.0857,0.0428,0.0422,0.000050,"[0.18,0.41,1.14]","[0.46,0.41,0.24]"
30190,2.7720,0.0428,0.0421,0.000050,"[0.19,0.41,1.14]","[0.46,0.41,0.24]"
30200,2.6427,0.0421,0.0430,0.000050,"[0.19,0.40,1.15]","[0.47,0.41,0.24]"
30210,2.6771,0.0414,0.0454,0.000050,"[0.18,0.41,1.14]","[0.46,0.41,0.24]"
30220,2.5388,0.0421,0.0434,0.000050,"[0.19,0.40,1.13]","[0.45,0.40,0.24]"
30230,2.7259,0.0409,0.0451,0.000050,"[0.19,0.40,1.14]","[0.46,0.40,0.24]"
30240,2.8773,0.0415,0.0437,0.000050,"[0.19,0.41,1.15]","[0.45,0.40,0.24]"
30250,2.6718,0.0416,0.0442,0.000050,"[0.18,0.41,1.15]","[0.45,0.40,0.24]"
30260,2.5279,0.0412,0.0446,0.000050,"[0.20,0.40,1.13]","[0.47,0.42,0.24]"
30270,2.7398,0.0409,0.0442,0.000050,"[0.18,0.41,1.13]","[0.46,0.39,0.24]"
30280,2.7826,0.0402,0.0460,0.000050,"[0.18,0.41,1.14]","[0.46,0.41,0.24]"
30290,2.8016,0.0408,0.0440,0.000050,"[0.19,0.41,1.13]","[0.46,0.41,0.24]"
30300,2.7572,0.0407,0.0446,0.000050,"[0.18,0.41,1.14]","[0.46,0.40,0.24]"
30310,2.6561,0.0408,0.0443,0.000050,"[0.19,0.41,1.13]","[0.47,0.40,0.24]"
30320,2.7394,0.0402,0.0459,0.000050,"[0.19,0.41,1.14]","[0.46,0.41,0.24]"
30330,2.8315,0.0405,0.0452,0.000050,"[0.19,0.41,1.13]","[0.47,0.41,0.24]"
30340,3.0051,0.0408,0.0442,0.000050,"[0.18,0.41,1.11]","[0.45,0.41,0.24]"
30350,2.8282,0.0402,0.0463,0.000050,"[0.19,0.41,1.12]","[0.45,0.41,0.24]"
30360,2.8179,0.0405,0.0448,0.000050,"[0.19,0.41,1.14]","[0.46,0.40,0.24]"
30370,2.6999,0.0406,0.0443,0.000050,"[0.20,0.40,1.13]","[0.47,0.39,0.24]"
30380,2.7445,0.0401,0.0461,0.000050,"[0.19,0.40,1.12]","[0.46,0.39,0.24]"
30390,2.7253,0.0406,0.0444,0.000050,"[0.18,0.41,1.13]","[0.45,0.41,0.24]"
30400,2.5976,0.0400,0.0451,0.000050,"[0.18,0.41,1.12]","[0.45,0.40,0.24]"
30410,2.7151,0.0408,0.0439,0.000050,"[0.19,0.41,1.12]","[0.47,0.40,0.24]"
30420,2.4402,0.0407,0.0441,0.000050,"[0.20,0.40,1.11]","[0.46,0.39,0.24]"
30430,3.0076,0.0407,0.0446,0.000050,"[0.18,0.42,1.14]","[0.46,0.39,0.25]"
30440,2.7210,0.0408,0.0436,0.000050,"[0.19,0.41,1.13]","[0.47,0.41,0.24]"
30450,2.5551,0.0409,0.0428,0.000050,"[0.19,0.40,1.12]","[0.46,0.41,0.24]"
30460,2.8653,0.0408,0.0431,0.000050,"[0.19,0.41,1.13]","[0.46,0.41,0.24]"
30470,2.7969,0.0413,0.0427,0.000050,"[0.19,0.41,1.13]","[0.47,0.40,0.24]"
30480,2.7065,0.0416,0.0420,0.000050,"[0.19,0.40,1.15]","[0.47,0.41,0.24]"
30490,2.8483,0.0410,0.0426,0.000050,"[0.18,0.41,1.14]","[0.46,0.40,0.24]"
30500,2.8602,0.0402,0.0452,0.000050,"[0.19,0.41,1.15]","[0.47,0.41,0.24]"
30510,2.7383,0.0408,0.0431,0.000050,"[0.18,0.41,1.13]","[0.46,0.39,0.24]"
30520,2.7659,0.0402,0.0442,0.000050,"[0.20,0.40,1.13]","[0.47,0.40,0.24]"
30530,2.5966,0.0396,0.0462,0.000050,"[0.19,0.41,1.12]","[0.46,0.41,0.24]"
30540,2.6542,0.0407,0.0439,0.000050,"[0.19,0.41,1.15]","[0.46,0.40,0.24]"
30550,2.8373,0.0413,0.0427,0.000050,"[0.18,0.41,1.17]","[0.46,0.39,0.24]"
30560,2.7454,0.0407,0.0450,0.000050,"[0.19,0.41,1.15]","[0.47,0.41,0.24]"
30570,2.8360,0.0411,0.0419,0.000050,"[0.18,0.41,1.15]","[0.47,0.40,0.24]"
30580,2.6729,0.0406,0.0435,0.000050,"[0.20,0.40,1.15]","[0.46,0.41,0.24]"
30590,2.9923,0.0413,0.0424,0.000050,"[0.18,0.42,1.17]","[0.46,0.40,0.24]"
30600,2.8343,0.0413,0.0422,0.000050,"[0.19,0.41,1.16]","[0.47,0.39,0.24]"
30610,2.7845,0.0402,0.0440,0.000050,"[0.18,0.41,1.15]","[0.46,0.39,0.24]"
30620,2.7146,0.0396,0.0454,0.000050,"[0.19,0.41,1.15]","[0.47,0.41,0.24]"
30630,3.0512,0.0394,0.0457,0.000050,"[0.18,0.42,1.14]","[0.45,0.41,0.24]"
30640,2.6477,0.0395,0.0451,0.000050,"[0.19,0.40,1.14]","[0.48,0.41,0.24]"
30650,2.9642,0.0400,0.0445,0.000050,"[0.19,0.41,1.14]","[0.45,0.40,0.24]"
30660,2.7145,0.0408,0.0436,0.000050,"[0.19,0.41,1.16]","[0.47,0.39,0.24]"
30670,2.7187,0.0399,0.0447,0.000050,"[0.18,0.41,1.16]","[0.46,0.39,0.24]"
30680,2.5963,0.0396,0.0443,0.000050,"[0.20,0.41,1.15]","[0.46,0.39,0.24]"
30690,2.8208,0.0401,0.0428,0.000050,"[0.19,0.41,1.15]","[0.47,0.40,0.24]"
30700,2.8107,0.0387,0.0460,0.000050,"[0.19,0.41,1.15]","[0.47,0.40,0.24]"
30710,2.7409,0.0396,0.0438,0.000050,"[0.19,0.41,1.14]","[0.46,0.40,0.24]"
30720,2.5445,0.0399,0.0433,0.000050,"[0.20,0.40,1.14]","[0.47,0.41,0.24]"
30730,2.8209,0.0402,0.0423,0.000050,"[0.20,0.41,1.15]","[0.46,0.40,0.24]"
30740,2.8371,0.0391,0.0448,0.000050,"[0.18,0.41,1.14]","[0.45,0.39,0.24]"
30750,2.8435,0.0392,0.0446,0.000050,"[0.19,0.41,1.16]","[0.46,0.41,0.24]"
30760,2.6266,0.0392,0.0445,0.000050,"[0.19,0.40,1.15]","[0.46,0.39,0.24]"
30770,2.5479,0.0390,0.0453,0.000050,"[0.19,0.40,1.14]","[0.46,0.40,0.24]"
30780,2.8110,0.0386,0.0455,0.000050,"[0.19,0.41,1.16]","[0.46,0.39,0.24]"
30790,2.7606,0.0384,0.0457,0.000050,"[0.19,0.41,1.16]","[0.46,0.40,0.24]"
30800,2.8966,0.0390,0.0437,0.000050,"[0.19,0.41,1.15]","[0.46,0.40,0.24]"
30810,2.6758,0.0394,0.0430,0.000050,"[0.19,0.41,1.15]","[0.46,0.40,0.24]"
30820,2.8084,0.0388,0.0448,0.000050,"[0.19,0.41,1.14]","[0.46,0.42,0.24]"
30830,2.7198,0.0409,0.0404,0.000050,"[0.18,0.41,1.16]","[0.46,0.40,0.24]"
30840,2.7768,0.0450,0.0368,0.000050,"[0.19,0.41,1.17]","[0.46,0.41,0.25]"
30850,2.8699,0.0437,0.0399,0.000050,"[0.18,0.41,1.16]","[0.45,0.40,0.25]"
30860,2.6709,0.0441,0.0365,0.000050,"[0.20,0.41,1.16]","[0.46,0.40,0.25]"
30870,2.8262,0.0486,0.0329,0.000050,"[0.18,0.41,1.18]","[0.46,0.39,0.25]"
30880,2.7567,0.0488,0.0339,0.000050,"[0.19,0.40,1.21]","[0.45,0.40,0.25]"
30890,2.8766,0.0469,0.0329,0.000050,"[0.18,0.41,1.20]","[0.45,0.39,0.25]"
30900,2.7556,0.0453,0.0336,0.000050,"[0.20,0.40,1.19]","[0.47,0.41,0.25]"
30910,2.8358,0.0442,0.0348,0.000050,"[0.19,0.41,1.19]","[0.46,0.40,0.25]"
30920,2.6676,0.0433,0.0357,0.000050,"[0.18,0.41,1.19]","[0.45,0.39,0.25]"
30930,2.5608,0.0423,0.0362,0.000050,"[0.19,0.41,1.19]","[0.47,0.39,0.25]"
30940,2.8118,0.0417,0.0371,0.000050,"[0.19,0.41,1.19]","[0.46,0.40,0.25]"
30950,2.7077,0.0401,0.0408,0.000050,"[0.19,0.41,1.18]","[0.46,0.39,0.25]"
30960,2.7622,0.0417,0.0375,0.000050,"[0.19,0.40,1.18]","[0.47,0.40,0.24]"
30970,2.7278,0.0408,0.0382,0.000050,"[0.19,0.41,1.17]","[0.45,0.40,0.25]"
30980,2.9252,0.0399,0.0401,0.000050,"[0.19,0.42,1.18]","[0.47,0.42,0.25]"
30990,2.7991,0.0392,0.0422,0.000050,"[0.19,0.41,1.17]","[0.46,0.40,0.25]"
31000,2.5691,0.0397,0.0410,0.000050,"[0.20,0.40,1.16]","[0.47,0.40,0.24]"
31010,2.7514,0.0394,0.0408,0.000050,"[0.19,0.41,1.18]","[0.46,0.40,0.25]"
31020,2.8290,0.0393,0.0414,0.000050,"[0.19,0.42,1.18]","[0.46,0.39,0.24]"
31030,2.8086,0.0395,0.0406,0.000050,"[0.19,0.41,1.16]","[0.46,0.41,0.24]"
31040,2.7269,0.0395,0.0406,0.000050,"[0.19,0.41,1.16]","[0.46,0.40,0.24]"
31050,2.5460,0.0390,0.0430,0.000050,"[0.19,0.40,1.15]","[0.46,0.40,0.24]"
31060,2.6480,0.0393,0.0413,0.000050,"[0.19,0.41,1.17]","[0.47,0.41,0.24]"
31070,2.6781,0.0393,0.0412,0.000050,"[0.19,0.41,1.16]","[0.45,0.40,0.24]"
31080,2.8750,0.0394,0.0410,0.000050,"[0.18,0.42,1.16]","[0.46,0.39,0.24]"
31090,2.5489,0.0390,0.0414,0.000050,"[0.20,0.41,1.15]","[0.47,0.40,0.24]"
31100,2.8057,0.0380,0.0438,0.000050,"[0.19,0.41,1.15]","[0.45,0.40,0.24]"
31110,2.7685,0.0388,0.0419,0.000050,"[0.18,0.41,1.15]","[0.45,0.40,0.24]"
31120,2.5981,0.0389,0.0412,0.000050,"[0.20,0.40,1.15]","[0.47,0.41,0.24]"
31130,2.5701,0.0393,0.0404,0.000050,"[0.19,0.41,1.15]","[0.46,0.40,0.24]"
31140,2.5535,0.0384,0.0425,0.000050,"[0.19,0.40,1.15]","[0.47,0.40,0.24]"
31150,2.6395,0.0384,0.0424,0.000050,"[0.19,0.40,1.15]","[0.46,0.40,0.24]"
31160,2.6317,0.0386,0.0420,0.000050,"[0.18,0.42,1.16]","[0.47,0.41,0.24]"
31170,2.6501,0.0386,0.0417,0.000050,"[0.19,0.41,1.15]","[0.46,0.40,0.24]"
31180,2.7125,0.0393,0.0401,0.000050,"[0.20,0.40,1.15]","[0.46,0.41,0.24]"
31190,2.8849,0.0386,0.0422,0.000050,"[0.18,0.41,1.15]","[0.46,0.40,0.24]"
31200,2.5644,0.0386,0.0426,0.000050,"[0.19,0.41,1.16]","[0.47,0.40,0.24]"
31210,2.7963,0.0394,0.0407,0.000050,"[0.19,0.41,1.15]","[0.46,0.39,0.24]"
31220,2.7344,0.0395,0.0401,0.000050,"[0.19,0.41,1.15]","[0.46,0.41,0.24]"
31230,2.5786,0.0389,0.0423,0.000050,"[0.19,0.40,1.14]","[0.47,0.40,0.24]"
31240,2.7683,0.0391,0.0418,0.000050,"[0.19,0.41,1.15]","[0.46,0.40,0.24]"
31250,2.8139,0.0395,0.0409,0.000050,"[0.19,0.42,1.15]","[0.46,0.40,0.24]"
31260,2.6874,0.0393,0.0416,0.000050,"[0.19,0.42,1.15]","[0.47,0.40,0.24]"
31270,2.6634,0.0399,0.0414,0.000050,"[0.19,0.41,1.15]","[0.45,0.41,0.24]"
31280,2.6215,0.0399,0.0412,0.000050,"[0.18,0.42,1.15]","[0.46,0.39,0.24]"
31290,2.7672,0.0395,0.0415,0.000050,"[0.18,0.42,1.16]","[0.47,0.38,0.24]"
31300,2.5878,0.0402,0.0418,0.000050,"[0.19,0.41,1.16]","[0.47,0.41,0.24]"
31310,2.7320,0.0398,0.0418,0.000050,"[0.19,0.41,1.16]","[0.46,0.40,0.24]"
31320,2.7601,0.0399,0.0411,0.000050,"[0.19,0.41,1.15]","[0.45,0.40,0.24]"
31330,2.7330,0.0393,0.0419,0.000050,"[0.19,0.41,1.15]","[0.46,0.41,0.24]"
31340,2.6573,0.0388,0.0426,0.000050,"[0.19,0.41,1.15]","[0.46,0.41,0.24]"
31350,2.8536,0.0399,0.0404,0.000050,"[0.18,0.42,1.16]","[0.46,0.39,0.24]"
31360,2.6445,0.0394,0.0411,0.000050,"[0.19,0.41,1.15]","[0.46,0.40,0.24]"
31370,2.6486,0.0393,0.0407,0.000050,"[0.19,0.41,1.15]","[0.46,0.38,0.24]"
31380,2.7664,0.0382,0.0423,0.000050,"[0.20,0.41,1.15]","[0.45,0.40,0.24]"
31390,2.7758,0.0390,0.0417,0.000050,"[0.19,0.41,1.15]","[0.47,0.40,0.24]"
31400,2.7404,0.0387,0.0410,0.000050,"[0.19,0.41,1.16]","[0.47,0.39,0.24]"
31410,2.7170,0.0383,0.0419,0.000050,"[0.19,0.40,1.15]","[0.46,0.40,0.24]"
31420,2.6981,0.0380,0.0425,0.000050,"[0.19,0.41,1.15]","[0.46,0.40,0.24]"
31430,2.7639,0.0380,0.0425,0.000050,"[0.20,0.40,1.15]","[0.47,0.40,0.24]"
31440,2.7895,0.0379,0.0421,0.000050,"[0.19,0.41,1.15]","[0.45,0.39,0.24]"
31450,2.8784,0.0381,0.0422,0.000050,"[0.19,0.41,1.16]","[0.47,0.39,0.24]"
31460,2.8374,0.0381,0.0415,0.000050,"[0.18,0.42,1.16]","[0.46,0.40,0.24]"
31470,2.7387,0.0377,0.0422,0.000050,"[0.18,0.41,1.15]","[0.45,0.39,0.24]"
31480,2.7724,0.0379,0.0416,0.000050,"[0.19,0.41,1.15]","[0.46,0.40,0.24]"
31490,2.7192,0.0377,0.0415,0.000050,"[0.19,0.41,1.16]","[0.46,0.40,0.24]"
31500,2.7272,0.0376,0.0419,0.000050,"[0.19,0.41,1.15]","[0.46,0.39,0.24]"
31510,2.7926,0.0381,0.0411,0.000050,"[0.20,0.41,1.17]","[0.47,0.40,0.24]"
31520,2.6762,0.0376,0.0414,0.000050,"[0.20,0.40,1.15]","[0.47,0.41,0.24]"
31530,2.8471,0.0370,0.0428,0.000050,"[0.19,0.41,1.16]","[0.44,0.40,0.24]"
31540,2.5986,0.0374,0.0423,0.000050,"[0.20,0.41,1.16]","[0.47,0.41,0.24]"
31550,2.7786,0.0372,0.0423,0.000050,"[0.19,0.41,1.15]","[0.46,0.42,0.24]"
31560,2.5915,0.0375,0.0416,0.000050,"[0.20,0.40,1.15]","[0.45,0.39,0.24]"
31570,2.8051,0.0377,0.0410,0.000050,"[0.19,0.41,1.16]","[0.47,0.41,0.24]"
31580,2.6722,0.0370,0.0423,0.000050,"[0.19,0.41,1.16]","[0.46,0.40,0.24]"
31590,2.7758,0.0369,0.0430,0.000050,"[0.19,0.41,1.16]","[0.47,0.39,0.24]"
31600,2.5242,0.0371,0.0426,0.000050,"[0.19,0.41,1.15]","[0.45,0.39,0.24]"
31610,2.5546,0.0379,0.0406,0.000050,"[0.20,0.40,1.15]","[0.46,0.41,0.24]"
31620,2.7858,0.0372,0.0424,0.000050,"[0.20,0.41,1.15]","[0.46,0.42,0.24]"
31630,2.7975,0.0371,0.0418,0.000050,"[0.19,0.41,1.16]","[0.47,0.39,0.24]"
31640,2.7919,0.0372,0.0418,0.000050,"[0.19,0.41,1.15]","[0.47,0.40,0.24]"
31650,2.5336,0.0372,0.0418,0.000050,"[0.19,0.41,1.14]","[0.46,0.40,0.24]"
31660,2.7477,0.0371,0.0420,0.000050,"[0.18,0.41,1.15]","[0.46,0.39,0.24]"
31670,2.6622,0.0370,0.0422,0.000050,"[0.20,0.41,1.15]","[0.46,0.41,0.24]"
31680,2.8725,0.0373,0.0415,0.000050,"[0.19,0.41,1.16]","[0.46,0.39,0.24]"
31690,2.7831,0.0366,0.0429,0.000050,"[0.19,0.41,1.15]","[0.47,0.40,0.24]"
31700,3.0406,0.0383,0.0391,0.000050,"[0.18,0.41,1.17]","[0.45,0.40,0.24]"
31710,2.7310,0.0392,0.0377,0.000050,"[0.20,0.41,1.16]","[0.46,0.40,0.24]"
31720,2.7837,0.0391,0.0384,0.000050,"[0.18,0.41,1.17]","[0.45,0.39,0.25]"
31730,2.8728,0.0390,0.0378,0.000050,"[0.19,0.41,1.19]","[0.46,0.40,0.24]"
31740,2.8426,0.0378,0.0397,0.000050,"[0.19,0.41,1.20]","[0.45,0.40,0.25]"
31750,3.0321,0.0378,0.0393,0.000050,"[0.19,0.43,1.19]","[0.47,0.40,0.24]"
31760,2.7958,0.0379,0.0390,0.000050,"[0.18,0.41,1.19]","[0.45,0.40,0.24]"
31770,2.5906,0.0375,0.0398,0.000050,"[0.19,0.41,1.19]","[0.46,0.41,0.24]"
31780,2.9471,0.0368,0.0414,0.000050,"[0.20,0.41,1.18]","[0.47,0.40,0.24]"
31790,2.8308,0.0370,0.0410,0.000050,"[0.18,0.41,1.18]","[0.45,0.39,0.24]"
31800,2.9024,0.0364,0.0421,0.000050,"[0.18,0.41,1.18]","[0.45,0.41,0.24]"
31810,2.7958,0.0369,0.0409,0.000050,"[0.19,0.42,1.18]","[0.46,0.41,0.24]"
31820,2.8630,0.0371,0.0404,0.000050,"[0.19,0.42,1.19]","[0.47,0.40,0.24]"
31830,2.6419,0.0366,0.0420,0.000050,"[0.19,0.41,1.19]","[0.46,0.41,0.24]"
31840,2.5807,0.0367,0.0417,0.000050,"[0.20,0.40,1.19]","[0.48,0.41,0.24]"
31850,2.7300,0.0362,0.0427,0.000050,"[0.19,0.41,1.19]","[0.47,0.41,0.24]"
31860,2.6764,0.0373,0.0401,0.000050,"[0.19,0.41,1.19]","[0.47,0.40,0.24]"
31870,2.8462,0.0369,0.0410,0.000050,"[0.19,0.42,1.20]","[0.46,0.39,0.24]"
31880,2.6270,0.0370,0.0408,0.000050,"[0.19,0.42,1.19]","[0.47,0.40,0.24]"
31890,2.4836,0.0362,0.0423,0.000050,"[0.20,0.41,1.18]","[0.47,0.40,0.24]"
31900,2.7432,0.0365,0.0418,0.000050,"[0.20,0.41,1.18]","[0.45,0.40,0.24]"
31910,2.7225,0.0368,0.0409,0.000050,"[0.19,0.41,1.19]","[0.48,0.39,0.24]"
31920,2.6432,0.0369,0.0405,0.000050,"[0.20,0.40,1.18]","[0.47,0.41,0.24]"
31930,2.6146,0.0372,0.0396,0.000050,"[0.19,0.41,1.18]","[0.48,0.40,0.24]"
31940,2.7206,0.0367,0.0409,0.000050,"[0.19,0.41,1.17]","[0.47,0.39,0.24]"
31950,2.7294,0.0365,0.0411,0.000050,"[0.19,0.42,1.19]","[0.46,0.40,0.24]"
31960,2.7745,0.0368,0.0406,0.000050,"[0.18,0.42,1.20]","[0.46,0.40,0.24]"
31970,2.7934,0.0363,0.0416,0.000050,"[0.19,0.41,1.19]","[0.46,0.40,0.25]"
31980,2.6195,0.0390,0.0374,0.000050,"[0.20,0.41,1.20]","[0.47,0.41,0.25]"
31990,2.6361,0.0410,0.0367,0.000050,"[0.19,0.41,1.21]","[0.46,0.41,0.25]"
32000,2.6236,0.0393,0.0377,0.000050,"[0.20,0.41,1.21]","[0.46,0.40,0.25]"

32410,2.6248,0.0373,0.0021,0.000050,"[0.19,0.42,1.24]","[0.46,0.40,0.24]"
32420,2.7112,0.0434,0.0018,0.000050,"[0.20,0.41,1.25]","[0.47,0.41,0.24]"
32430,2.7140,0.0510,0.0015,0.000050,"[0.18,0.42,1.26]","[0.44,0.40,0.24]"
32440,2.7329,0.0574,0.0014,0.000050,"[0.19,0.41,1.27]","[0.46,0.40,0.24]"
32450,2.7752,0.0611,0.0012,0.000050,"[0.18,0.41,1.29]","[0.45,0.40,0.24]"
32460,2.8411,0.0602,0.0011,0.000050,"[0.18,0.42,1.29]","[0.46,0.40,0.25]"
32470,2.6110,0.0658,0.0010,0.000050,"[0.19,0.41,1.29]","[0.45,0.41,0.24]"
32480,2.6089,0.0686,0.0009,0.000050,"[0.20,0.41,1.30]","[0.46,0.41,0.24]"
32490,2.7201,0.0707,0.0009,0.000050,"[0.20,0.41,1.30]","[0.47,0.41,0.24]"
32500,2.9730,0.0751,0.0008,0.000050,"[0.18,0.41,1.31]","[0.45,0.39,0.24]"
32510,2.5494,0.0767,0.0008,0.000050,"[0.19,0.41,1.31]","[0.46,0.41,0.24]"
32520,2.8699,0.0753,0.0007,0.000050,"[0.18,0.41,1.30]","[0.45,0.41,0.25]"
32530,2.5568,0.0840,0.0007,0.000050,"[0.19,0.41,1.32]","[0.46,0.40,0.24]"
32540,2.8065,0.0812,0.0007,0.000050,"[0.18,0.42,1.33]","[0.46,0.39,0.24]"
32550,2.9383,0.0857,0.0006,0.000050,"[0.19,0.41,1.32]","[0.46,0.40,0.24]"
32560,2.8022,0.0857,0.0006,0.000050,"[0.19,0.42,1.33]","[0.46,0.39,0.24]"
32570,2.4734,0.0869,0.0006,0.000050,"[0.19,0.40,1.32]","[0.47,0.41,0.24]"
32580,2.6542,0.0902,0.0005,0.000050,"[0.19,0.42,1.34]","[0.46,0.40,0.24]"
32590,2.7868,0.0924,0.0005,0.000050,"[0.19,0.42,1.33]","[0.45,0.40,0.24]"
32600,2.8943,0.0924,0.0005,0.000050,"[0.19,0.42,1.33]","[0.46,0.41,0.24]"
32610,2.8245,0.0954,0.0005,0.000050,"[0.19,0.42,1.34]","[0.46,0.40,0.24]"
32620,2.5533,0.0951,0.0005,0.000050,"[0.19,0.41,1.33]","[0.44,0.39,0.24]"
32630,2.6880,0.0918,0.0005,0.000050,"[0.19,0.41,1.33]","[0.46,0.40,0.24]"
32640,2.8301,0.0984,0.0004,0.000050,"[0.19,0.42,1.34]","[0.45,0.41,0.24]"
32650,2.7342,0.1000,0.0004,0.000050,"[0.20,0.41,1.33]","[0.46,0.40,0.24]"
32660,2.8543,0.0940,0.0004,0.000050,"[0.18,0.42,1.34]","[0.46,0.40,0.24]"
32670,2.8987,0.0997,0.0004,0.000050,"[0.19,0.41,1.34]","[0.44,0.39,0.24]"
32680,2.7316,0.0998,0.0004,0.000050,"[0.20,0.40,1.34]","[0.45,0.41,0.24]"
32690,2.7257,0.1005,0.0004,0.000050,"[0.20,0.41,1.34]","[0.46,0.40,0.24]"
32700,2.7630,0.1019,0.0004,0.000050,"[0.18,0.42,1.35]","[0.45,0.40,0.24]"
32710,3.0218,0.1007,0.0003,0.000050,"[0.19,0.42,1.36]","[0.46,0.41,0.24]"
32720,2.6629,0.1021,0.0003,0.000050,"[0.19,0.41,1.36]","[0.46,0.40,0.24]"
32730,2.7745,0.1027,0.0003,0.000050,"[0.19,0.42,1.35]","[0.46,0.40,0.24]"
32740,2.7573,0.1051,0.0003,0.000050,"[0.19,0.42,1.36]","[0.46,0.41,0.24]"
32750,2.4845,0.1042,0.0003,0.000050,"[0.20,0.41,1.35]","[0.47,0.40,0.24]"
32760,2.7007,0.1062,0.0003,0.000050,"[0.19,0.41,1.37]","[0.46,0.39,0.24]"
32770,2.7293,0.1096,0.0003,0.000050,"[0.19,0.42,1.37]","[0.45,0.40,0.24]"
32780,2.8594,0.1047,0.0003,0.000050,"[0.20,0.41,1.36]","[0.46,0.41,0.24]"
32790,2.5340,0.1080,0.0003,0.000050,"[0.20,0.41,1.36]","[0.46,0.40,0.24]"
32800,2.8129,0.1117,0.0003,0.000050,"[0.19,0.42,1.37]","[0.46,0.39,0.24]"
32810,2.6558,0.1089,0.0003,0.000050,"[0.19,0.41,1.37]","[0.47,0.40,0.24]"
32820,2.9024,0.1095,0.0003,0.000050,"[0.18,0.42,1.37]","[0.46,0.40,0.24]"
32830,2.8082,0.1117,0.0003,0.000050,"[0.19,0.41,1.37]","[0.46,0.41,0.24]"
32840,2.7252,0.1133,0.0003,0.000050,"[0.20,0.41,1.36]","[0.46,0.40,0.24]"
32850,3.0221,0.1098,0.0003,0.000050,"[0.19,0.42,1.36]","[0.46,0.39,0.24]"
32860,2.6279,0.1130,0.0003,0.000050,"[0.20,0.41,1.37]","[0.48,0.41,0.24]"
32870,2.6900,0.1150,0.0003,0.000050,"[0.20,0.41,1.37]","[0.46,0.41,0.24]"
32880,2.5992,0.1150,0.0002,0.000050,"[0.19,0.42,1.37]","[0.45,0.40,0.24]"
32890,2.8379,0.1168,0.0002,0.000050,"[0.19,0.42,1.37]","[0.45,0.40,0.24]"
32900,2.6232,0.1160,0.0002,0.000050,"[0.20,0.40,1.37]","[0.47,0.41,0.24]"
32910,2.6971,0.1129,0.0002,0.000050,"[0.19,0.41,1.36]","[0.44,0.39,0.25]"
32920,2.5868,0.1175,0.0002,0.000050,"[0.20,0.41,1.37]","[0.47,0.40,0.24]"
32930,2.8813,0.1208,0.0002,0.000050,"[0.19,0.42,1.37]","[0.46,0.40,0.24]"
32940,2.7193,0.1206,0.0002,0.000050,"[0.19,0.41,1.37]","[0.45,0.41,0.24]"
32950,2.4428,0.1186,0.0002,0.000050,"[0.19,0.42,1.36]","[0.45,0.41,0.24]"
32960,2.7338,0.1200,0.0002,0.000050,"[0.19,0.42,1.36]","[0.46,0.41,0.24]"
32970,2.7319,0.1197,0.0002,0.000050,"[0.19,0.42,1.36]","[0.46,0.40,0.24]"
32980,2.6230,0.1208,0.0002,0.000050,"[0.19,0.41,1.37]","[0.46,0.39,0.24]"
32990,2.8137,0.1222,0.0002,0.000050,"[0.19,0.42,1.38]","[0.46,0.40,0.24]"
33000,2.5783,0.1216,0.0002,0.000050,"[0.18,0.41,1.37]","[0.45,0.39,0.24]"
33010,2.7162,0.1209,0.0002,0.000050,"[0.19,0.41,1.38]","[0.45,0.39,0.24]"
33020,2.7115,0.1211,0.0002,0.000050,"[0.19,0.41,1.37]","[0.46,0.41,0.24]"
33030,2.5935,0.1276,0.0002,0.000050,"[0.19,0.42,1.38]","[0.47,0.40,0.24]"
33040,2.6011,0.1262,0.0002,0.000050,"[0.19,0.41,1.37]","[0.46,0.40,0.24]"
33050,2.5965,0.1251,0.0002,0.000050,"[0.19,0.41,1.37]","[0.46,0.40,0.24]"
33060,2.9153,0.1263,0.0002,0.000050,"[0.18,0.42,1.37]","[0.46,0.41,0.24]"
33070,2.5418,0.1270,0.0002,0.000050,"[0.20,0.42,1.37]","[0.47,0.41,0.24]"
33080,2.6674,0.1296,0.0002,0.000050,"[0.19,0.42,1.37]","[0.45,0.40,0.24]"
33090,2.6806,0.1275,0.0002,0.000050,"[0.19,0.42,1.37]","[0.46,0.41,0.24]"
33100,2.7977,0.1282,0.0002,0.000050,"[0.19,0.42,1.37]","[0.46,0.41,0.24]"
33110,2.7382,0.1300,0.0002,0.000050,"[0.19,0.41,1.37]","[0.46,0.40,0.24]"
33120,2.8670,0.1286,0.0002,0.000050,"[0.19,0.42,1.38]","[0.45,0.41,0.24]"
33130,2.8810,0.1291,0.0002,0.000050,"[0.19,0.42,1.38]","[0.46,0.41,0.24]"
33140,2.7097,0.1295,0.0002,0.000050,"[0.19,0.42,1.38]","[0.47,0.41,0.24]"
33150,2.6298,0.1325,0.0002,0.000050,"[0.20,0.41,1.38]","[0.47,0.42,0.24]"
33160,2.9893,0.1273,0.0002,0.000050,"[0.18,0.42,1.38]","[0.46,0.41,0.24]"
33170,2.7481,0.1303,0.0002,0.000050,"[0.20,0.42,1.38]","[0.47,0.41,0.24]"
33180,2.7413,0.1348,0.0002,0.000050,"[0.19,0.42,1.38]","[0.46,0.40,0.24]"
33190,2.6841,0.1344,0.0002,0.000050,"[0.19,0.41,1.38]","[0.46,0.40,0.24]"
33200,2.7310,0.1337,0.0002,0.000050,"[0.19,0.41,1.38]","[0.46,0.40,0.24]"
33210,2.6828,0.1349,0.0002,0.000050,"[0.18,0.42,1.38]","[0.47,0.39,0.24]"
33220,2.5740,0.1353,0.0002,0.000050,"[0.19,0.41,1.37]","[0.46,0.40,0.24]"
33230,2.6541,0.1357,0.0002,0.000050,"[0.20,0.42,1.38]","[0.47,0.41,0.24]"
33240,2.8934,0.1323,0.0002,0.000050,"[0.20,0.42,1.37]","[0.47,0.41,0.24]"
33250,2.7096,0.1338,0.0002,0.000050,"[0.19,0.42,1.37]","[0.46,0.42,0.24]"
33260,2.6910,0.1358,0.0001,0.000050,"[0.20,0.41,1.37]","[0.47,0.42,0.24]"
33270,2.7769,0.1376,0.0001,0.000050,"[0.19,0.42,1.38]","[0.46,0.40,0.24]"
33280,2.7776,0.1409,0.0001,0.000050,"[0.20,0.41,1.38]","[0.46,0.40,0.24]"
33290,2.7114,0.1433,0.0001,0.000050,"[0.19,0.42,1.37]","[0.46,0.42,0.24]"
33300,2.7874,0.1437,0.0001,0.000050,"[0.19,0.42,1.37]","[0.46,0.41,0.24]"
33310,2.7926,0.1361,0.0001,0.000050,"[0.20,0.40,1.37]","[0.46,0.39,0.24]"
33320,2.7753,0.1405,0.0001,0.000050,"[0.19,0.42,1.38]","[0.46,0.40,0.24]"
33330,2.5366,0.1390,0.0001,0.000050,"[0.20,0.41,1.37]","[0.46,0.41,0.24]"
33340,2.7294,0.1382,0.0001,0.000050,"[0.20,0.41,1.37]","[0.47,0.40,0.24]"
33350,2.4036,0.1405,0.0001,0.000050,"[0.20,0.41,1.38]","[0.45,0.41,0.24]"
33360,2.7651,0.1436,0.0001,0.000050,"[0.19,0.42,1.38]","[0.46,0.40,0.24]"
33370,2.8850,0.1441,0.0001,0.000050,"[0.19,0.42,1.39]","[0.45,0.41,0.24]"
33380,2.6559,0.1400,0.0001,0.000050,"[0.19,0.41,1.37]","[0.46,0.41,0.24]"
33390,2.8213,0.1455,0.0001,0.000050,"[0.19,0.41,1.38]","[0.46,0.42,0.24]"
33400,2.8199,0.1457,0.0001,0.000050,"[0.19,0.41,1.38]","[0.46,0.39,0.24]"
33410,2.5294,0.1447,0.0001,0.000050,"[0.19,0.41,1.38]","[0.46,0.40,0.24]"
33420,2.7108,0.1442,0.0001,0.000050,"[0.20,0.40,1.37]","[0.47,0.42,0.24]"
33430,2.6559,0.1433,0.0001,0.000050,"[0.19,0.42,1.38]","[0.47,0.40,0.24]"
33440,2.9136,0.1455,0.0001,0.000050,"[0.19,0.42,1.39]","[0.46,0.40,0.24]"
33450,2.7337,0.1472,0.0001,0.000050,"[0.20,0.41,1.38]","[0.47,0.40,0.24]"
33460,2.6966,0.1474,0.0001,0.000050,"[0.19,0.42,1.39]","[0.45,0.40,0.24]"
33470,2.8648,0.1471,0.0001,0.000050,"[0.20,0.42,1.39]","[0.47,0.40,0.24]"
33480,2.8178,0.1466,0.0001,0.000050,"[0.19,0.41,1.38]","[0.45,0.40,0.24]"
33490,2.7127,0.1480,0.0001,0.000050,"[0.19,0.41,1.38]","[0.45,0.40,0.24]"
33500,2.7113,0.1490,0.0001,0.000050,"[0.20,0.40,1.38]","[0.47,0.41,0.24]"
33510,2.6787,0.1491,0.0001,0.000050,"[0.20,0.41,1.38]","[0.46,0.41,0.24]"
33520,2.6993,0.1508,0.0001,0.000050,"[0.19,0.42,1.39]","[0.45,0.40,0.24]"
33530,2.5956,0.1537,0.0001,0.000050,"[0.19,0.41,1.38]","[0.46,0.41,0.24]"
33540,2.9095,0.1568,0.0001,0.000050,"[0.18,0.42,1.40]","[0.46,0.42,0.24]"
33550,2.6928,0.1561,0.0001,0.000050,"[0.19,0.42,1.38]","[0.45,0.41,0.24]"
33560,2.6969,0.1558,0.0001,0.000050,"[0.20,0.41,1.38]","[0.47,0.40,0.24]"
33570,2.8505,0.1555,0.0001,0.000050,"[0.19,0.42,1.39]","[0.45,0.40,0.24]"
33580,2.7892,0.1538,0.0001,0.000050,"[0.19,0.42,1.38]","[0.46,0.41,0.24]"
33590,2.7223,0.1558,0.0001,0.000050,"[0.19,0.42,1.38]","[0.46,0.41,0.24]"
33600,2.8600,0.1607,0.0001,0.000050,"[0.20,0.41,1.39]","[0.47,0.41,0.24]"
33610,2.5829,0.1582,0.0001,0.000050,"[0.18,0.41,1.38]","[0.45,0.40,0.24]"
33620,2.7857,0.1573,0.0001,0.000050,"[0.19,0.41,1.39]","[0.45,0.40,0.24]"
33630,2.7389,0.1543,0.0001,0.000050,"[0.19,0.42,1.39]","[0.45,0.39,0.24]"
33640,2.7006,0.1558,0.0001,0.000050,"[0.19,0.41,1.38]","[0.46,0.42,0.24]"
33650,2.7485,0.1569,0.0001,0.000050,"[0.19,0.41,1.38]","[0.47,0.41,0.24]"
33660,2.8238,0.1597,0.0001,0.000050,"[0.20,0.41,1.37]","[0.47,0.41,0.24]"
33670,2.7856,0.1599,0.0001,0.000050,"[0.20,0.41,1.38]","[0.47,0.39,0.24]"
33680,2.8439,0.1646,0.0001,0.000050,"[0.20,0.42,1.38]","[0.47,0.40,0.24]"
33690,2.8483,0.1658,0.0001,0.000050,"[0.20,0.42,1.38]","[0.47,0.41,0.24]"
33700,2.7488,0.1622,0.0001,0.000050,"[0.20,0.41,1.38]","[0.47,0.41,0.24]"
33710,2.6124,0.1611,0.0001,0.000050,"[0.19,0.41,1.37]","[0.46,0.41,0.24]"
33720,2.6046,0.1603,0.0001,0.000050,"[0.19,0.42,1.38]","[0.46,0.39,0.24]"
33730,2.6380,0.1644,0.0001,0.000050,"[0.20,0.41,1.38]","[0.46,0.40,0.24]"
33740,2.8048,0.1682,0.0001,0.000050,"[0.19,0.42,1.38]","[0.46,0.40,0.24]"
33750,2.7696,0.1679,0.0001,0.000050,"[0.20,0.42,1.39]","[0.46,0.41,0.24]"
33760,2.9252,0.1673,0.0001,0.000050,"[0.18,0.43,1.39]","[0.46,0.39,0.24]"
33770,2.9136,0.1689,0.0001,0.000050,"[0.19,0.42,1.39]","[0.45,0.40,0.24]"
33780,2.7522,0.1673,0.0001,0.000050,"[0.19,0.42,1.39]","[0.45,0.40,0.24]"
33790,2.6143,0.1654,0.0001,0.000050,"[0.19,0.42,1.39]","[0.45,0.39,0.24]"
33800,2.2533,0.1635,0.0001,0.000050,"[0.21,0.40,1.38]","[0.48,0.41,0.24]"
33810,2.6791,0.1633,0.0001,0.000050,"[0.20,0.42,1.38]","[0.46,0.40,0.24]"
33820,2.7262,0.1675,0.0001,0.000050,"[0.19,0.42,1.39]","[0.47,0.41,0.24]"
33830,2.8251,0.1657,0.0001,0.000050,"[0.19,0.42,1.38]","[0.46,0.41,0.24]"
33840,2.7229,0.1647,0.0001,0.000050,"[0.19,0.41,1.38]","[0.46,0.41,0.24]"
33850,2.7057,0.1651,0.0001,0.000050,"[0.20,0.41,1.39]","[0.47,0.41,0.24]"
33860,2.5608,0.1655,0.0001,0.000050,"[0.19,0.42,1.39]","[0.46,0.42,0.24]"
33870,2.6324,0.1684,0.0001,0.000050,"[0.19,0.41,1.38]","[0.45,0.41,0.24]"
33880,2.8071,0.1682,0.0001,0.000050,"[0.20,0.42,1.38]","[0.46,0.41,0.24]"
33890,2.6339,0.1656,0.0001,0.000050,"[0.19,0.41,1.38]","[0.45,0.38,0.24]"
33900,2.7230,0.1657,0.0001,0.000050,"[0.19,0.41,1.39]","[0.46,0.40,0.24]"
33910,2.6360,0.1671,0.0001,0.000050,"[0.20,0.41,1.39]","[0.47,0.41,0.24]"
33920,2.7129,0.1685,0.0001,0.000050,"[0.20,0.41,1.39]","[0.47,0.40,0.24]"
33930,2.6834,0.1719,0.0001,0.000050,"[0.19,0.41,1.39]","[0.46,0.40,0.24]"
33940,2.9239,0.1696,0.0001,0.000050,"[0.18,0.42,1.39]","[0.46,0.39,0.24]"
33950,2.7937,0.1680,0.0001,0.000050,"[0.19,0.41,1.38]","[0.46,0.42,0.24]"
33960,2.6381,0.1697,0.0001,0.000050,"[0.20,0.41,1.39]","[0.46,0.41,0.24]"
33970,3.0157,0.1692,0.0001,0.000050,"[0.19,0.42,1.39]","[0.46,0.39,0.24]"
33980,2.7387,0.1723,0.0001,0.000050,"[0.19,0.41,1.39]","[0.46,0.41,0.24]"
33990,2.8210,0.1720,0.0001,0.000050,"[0.19,0.42,1.39]","[0.46,0.39,0.24]"
34000,2.6974,0.1736,0.0001,0.000050,"[0.18,0.42,1.39]","[0.45,0.40,0.24]"
34010,2.9128,0.1723,0.0001,0.000050,"[0.19,0.42,1.39]","[0.45,0.41,0.24]"
34020,2.6910,0.1714,0.0001,0.000050,"[0.19,0.42,1.38]","[0.46,0.40,0.24]"
34030,2.8494,0.1730,0.0001,0.000050,"[0.19,0.42,1.39]","[0.46,0.40,0.24]"
34040,2.7648,0.1776,0.0001,0.000050,"[0.20,0.41,1.38]","[0.47,0.41,0.24]"
34050,2.7649,0.1743,0.0001,0.000050,"[0.19,0.41,1.39]","[0.46,0.40,0.24]"
34060,2.6640,0.1707,0.0001,0.000050,"[0.20,0.42,1.38]","[0.46,0.41,0.24]"
34070,2.9769,0.1749,0.0001,0.000050,"[0.18,0.42,1.39]","[0.44,0.41,0.24]"
34080,2.5370,0.1726,0.0001,0.000050,"[0.18,0.42,1.39]","[0.45,0.39,0.24]"
34090,2.9717,0.1718,0.0001,0.000050,"[0.19,0.43,1.39]","[0.46,0.40,0.24]"
34100,2.9993,0.1746,0.0001,0.000050,"[0.19,0.42,1.39]","[0.45,0.40,0.24]"
34110,2.8410,0.1769,0.0001,0.000050,"[0.19,0.42,1.39]","[0.46,0.41,0.24]"
34120,2.6370,0.1794,0.0001,0.000050,"[0.19,0.42,1.39]","[0.47,0.39,0.24]"
34130,2.8682,0.1789,0.0001,0.000050,"[0.19,0.42,1.39]","[0.46,0.40,0.24]"
34140,2.6582,0.1755,0.0001,0.000050,"[0.19,0.42,1.38]","[0.46,0.40,0.24]"
34150,2.9073,0.1770,0.0001,0.000050,"[0.18,0.43,1.39]","[0.46,0.39,0.24]"
34160,2.5091,0.1772,0.0001,0.000050,"[0.20,0.40,1.38]","[0.45,0.41,0.24]"
34170,2.7871,0.1781,0.0001,0.000050,"[0.18,0.42,1.39]","[0.46,0.40,0.24]"
34180,2.9285,0.1776,0.0001,0.000050,"[0.18,0.43,1.39]","[0.46,0.41,0.24]"
34190,2.9391,0.1768,0.0001,0.000050,"[0.19,0.42,1.39]","[0.45,0.39,0.24]"
34200,2.6611,0.1760,0.0001,0.000050,"[0.20,0.42,1.39]","[0.47,0.41,0.24]"
34210,2.6959,0.1784,0.0001,0.000050,"[0.20,0.42,1.39]","[0.45,0.40,0.24]"
34220,3.1780,0.1792,0.0001,0.000050,"[0.19,0.43,1.39]","[0.46,0.40,0.24]"
34230,2.7201,0.1747,0.0001,0.000050,"[0.20,0.42,1.39]","[0.47,0.40,0.24]"
34240,2.8751,0.1784,0.0001,0.000050,"[0.19,0.42,1.39]","[0.44,0.41,0.24]"
34250,2.6602,0.1801,0.0001,0.000050,"[0.20,0.40,1.38]","[0.47,0.39,0.24]"
34260,2.7947,0.1801,0.0001,0.000050,"[0.19,0.42,1.39]","[0.47,0.40,0.24]"
34270,2.6705,0.1789,0.0001,0.000050,"[0.19,0.41,1.39]","[0.46,0.41,0.24]"
34280,2.8150,0.1780,0.0001,0.000050,"[0.19,0.41,1.39]","[0.45,0.40,0.24]"
34290,2.8791,0.1796,0.0001,0.000050,"[0.19,0.42,1.39]","[0.45,0.40,0.24]"
34300,2.8237,0.1807,0.0001,0.000050,"[0.20,0.41,1.39]","[0.46,0.41,0.24]"
34310,2.5838,0.1837,0.0001,0.000050,"[0.19,0.42,1.39]","[0.46,0.41,0.24]"
34320,2.6977,0.1845,0.0001,0.000050,"[0.20,0.41,1.39]","[0.46,0.41,0.24]"
34330,2.5893,0.1832,0.0001,0.000050,"[0.19,0.42,1.39]","[0.46,0.39,0.24]"
34340,2.7433,0.1830,0.0001,0.000050,"[0.19,0.42,1.39]","[0.46,0.40,0.24]"
34350,2.8758,0.1837,0.0001,0.000050,"[0.19,0.42,1.39]","[0.46,0.41,0.24]"
34360,2.6932,0.1838,0.0001,0.000050,"[0.19,0.41,1.38]","[0.45,0.40,0.24]"
34370,2.6896,0.1865,0.0001,0.000050,"[0.20,0.41,1.39]","[0.47,0.41,0.24]"
34380,2.7619,0.1839,0.0001,0.000050,"[0.19,0.42,1.39]","[0.45,0.40,0.24]"
34390,2.7718,0.1832,0.0001,0.000050,"[0.19,0.42,1.40]","[0.47,0.41,0.24]"
34400,2.7063,0.1827,0.0001,0.000050,"[0.20,0.41,1.39]","[0.46,0.40,0.24]"
34410,2.6717,0.1812,0.0001,0.000050,"[0.20,0.41,1.39]","[0.46,0.40,0.24]"
34420,2.7277,0.1845,0.0001,0.000050,"[0.20,0.42,1.39]","[0.45,0.40,0.24]"
34430,2.5755,0.1886,0.0001,0.000050,"[0.20,0.41,1.39]","[0.47,0.40,0.24]"
34440,2.7118,0.1882,0.0001,0.000050,"[0.18,0.42,1.39]","[0.45,0.39,0.24]"
34450,2.6090,0.1864,0.0001,0.000050,"[0.18,0.42,1.38]","[0.46,0.40,0.24]"
34460,2.7415,0.1899,0.0001,0.000050,"[0.20,0.41,1.38]","[0.47,0.41,0.24]"
34470,2.5809,0.1866,0.0001,0.000050,"[0.20,0.42,1.38]","[0.47,0.41,0.24]"
34480,2.9878,0.1879,0.0001,0.000050,"[0.20,0.42,1.39]","[0.47,0.41,0.24]"
34490,2.6110,0.1882,0.0001,0.000050,"[0.19,0.42,1.39]","[0.46,0.41,0.24]"
34500,2.8166,0.1855,0.0001,0.000050,"[0.19,0.42,1.39]","[0.46,0.40,0.24]"
34510,2.7916,0.1858,0.0001,0.000050,"[0.19,0.42,1.39]","[0.47,0.40,0.24]"
34520,2.6800,0.1868,0.0001,0.000050,"[0.19,0.41,1.39]","[0.46,0.39,0.24]"
34530,2.8014,0.1907,0.0001,0.000050,"[0.19,0.42,1.39]","[0.46,0.40,0.24]"
34540,2.7832,0.1862,0.0001,0.000050,"[0.18,0.42,1.39]","[0.46,0.40,0.24]"
34550,2.7844,0.1849,0.0001,0.000050,"[0.19,0.42,1.39]","[0.47,0.39,0.24]"
34560,2.7646,0.1878,0.0001,0.000050,"[0.19,0.43,1.39]","[0.46,0.42,0.24]"
34570,2.5438,0.1875,0.0001,0.000050,"[0.19,0.42,1.39]","[0.46,0.39,0.24]"
34580,2.6206,0.1945,0.0001,0.000050,"[0.20,0.41,1.38]","[0.46,0.42,0.24]"
34590,2.7925,0.1928,0.0001,0.000050,"[0.19,0.42,1.38]","[0.46,0.41,0.24]"
34600,2.6903,0.1885,0.0001,0.000050,"[0.19,0.42,1.38]","[0.45,0.40,0.24]"
34610,2.7101,0.1881,0.0001,0.000050,"[0.19,0.42,1.39]","[0.45,0.40,0.24]"
34620,2.8227,0.1931,0.0001,0.000050,"[0.19,0.42,1.39]","[0.46,0.41,0.24]"
34630,2.6323,0.1925,0.0001,0.000050,"[0.19,0.42,1.39]","[0.45,0.40,0.24]"
34640,2.9439,0.1906,0.0001,0.000050,"[0.19,0.42,1.38]","[0.45,0.40,0.24]"
34650,2.7789,0.1947,0.0001,0.000050,"[0.19,0.43,1.39]","[0.45,0.41,0.24]"
34660,3.0191,0.1965,0.0001,0.000050,"[0.19,0.43,1.40]","[0.45,0.41,0.24]"
34670,2.6520,0.1966,0.0001,0.000050,"[0.20,0.41,1.39]","[0.47,0.41,0.24]"
34680,2.8206,0.1976,0.0001,0.000050,"[0.19,0.43,1.39]","[0.45,0.40,0.24]"
34690,2.7893,0.1941,0.0001,0.000050,"[0.19,0.42,1.38]","[0.47,0.41,0.24]"
34700,2.8239,0.1914,0.0001,0.000050,"[0.19,0.41,1.38]","[0.46,0.40,0.24]"
34710,2.6707,0.1955,0.0001,0.000050,"[0.19,0.42,1.39]","[0.46,0.40,0.24]"
34720,2.8334,0.1938,0.0001,0.000050,"[0.18,0.42,1.39]","[0.47,0.39,0.24]"
34730,2.7184,0.1927,0.0001,0.000050,"[0.20,0.42,1.39]","[0.45,0.39,0.24]"
34740,2.8943,0.1927,0.0001,0.000050,"[0.18,0.42,1.39]","[0.45,0.38,0.24]"
34750,2.7955,0.1922,0.0001,0.000050,"[0.19,0.42,1.39]","[0.46,0.40,0.24]"
34760,2.8094,0.1929,0.0001,0.000050,"[0.20,0.42,1.39]","[0.46,0.38,0.24]"
34770,2.6292,0.1939,0.0001,0.000050,"[0.19,0.42,1.39]","[0.46,0.40,0.24]"
34780,2.7716,0.1973,0.0001,0.000050,"[0.20,0.41,1.38]","[0.46,0.40,0.24]"
34790,2.9678,0.1981,0.0001,0.000050,"[0.19,0.42,1.39]","[0.46,0.41,0.24]"
34800,2.6511,0.1966,0.0001,0.000050,"[0.19,0.42,1.38]","[0.47,0.40,0.24]"
34810,2.7912,0.1971,0.0001,0.000050,"[0.19,0.42,1.39]","[0.46,0.39,0.24]"
34820,2.7102,0.1935,0.0001,0.000050,"[0.20,0.42,1.38]","[0.46,0.41,0.24]"
34830,2.4923,0.1946,0.0001,0.000050,"[0.21,0.41,1.38]","[0.48,0.42,0.24]"
34840,2.4886,0.1918,0.0001,0.000050,"[0.20,0.41,1.38]","[0.47,0.42,0.24]"
34850,2.7802,0.1958,0.0001,0.000050,"[0.20,0.42,1.38]","[0.45,0.40,0.24]"
34860,2.7106,0.1983,0.0001,0.000050,"[0.19,0.42,1.39]","[0.47,0.41,0.24]"
34870,2.7107,0.1969,0.0001,0.000050,"[0.20,0.42,1.39]","[0.47,0.40,0.24]"
34880,2.8995,0.1955,0.0001,0.000050,"[0.20,0.42,1.39]","[0.46,0.40,0.24]"
34890,2.4377,0.1961,0.0001,0.000050,"[0.20,0.41,1.39]","[0.47,0.41,0.24]"
34900,2.6203,0.1960,0.0001,0.000050,"[0.19,0.42,1.38]","[0.46,0.39,0.24]"
34910,2.9852,0.2010,0.0001,0.000050,"[0.19,0.43,1.38]","[0.46,0.40,0.24]"
34920,2.5241,0.1993,0.0001,0.000050,"[0.20,0.41,1.38]","[0.46,0.39,0.24]"
34930,2.7300,0.2008,0.0001,0.000050,"[0.19,0.43,1.39]","[0.46,0.40,0.24]"
34940,2.7771,0.1974,0.0001,0.000050,"[0.19,0.42,1.39]","[0.45,0.41,0.24]"
34950,2.9039,0.1945,0.0001,0.000050,"[0.20,0.42,1.39]","[0.45,0.40,0.24]"
34960,2.7800,0.1955,0.0001,0.000050,"[0.19,0.42,1.38]","[0.46,0.39,0.24]"
34970,2.7234,0.1998,0.0001,0.000050,"[0.19,0.41,1.38]","[0.45,0.38,0.24]"
34980,2.7022,0.1989,0.0001,0.000050,"[0.19,0.41,1.39]","[0.46,0.40,0.24]"
34990,2.7089,0.1971,0.0000,0.000050,"[0.19,0.42,1.39]","[0.47,0.40,0.24]"
35000,2.8782,0.1952,0.0000,0.000050,"[0.19,0.43,1.39]","[0.46,0.40,0.24]"
35010,2.7899,0.1969,0.0000,0.000050,"[0.19,0.42,1.38]","[0.46,0.39,0.24]"
35020,2.7443,0.1975,0.0000,0.000050,"[0.19,0.42,1.39]","[0.46,0.41,0.24]"
35030,2.7258,0.1991,0.0000,0.000050,"[0.19,0.42,1.39]","[0.47,0.42,0.24]"
35040,2.6247,0.2008,0.0000,0.000050,"[0.20,0.41,1.39]","[0.47,0.41,0.24]"
35050,2.6498,0.2037,0.0000,0.000050,"[0.19,0.43,1.39]","[0.45,0.40,0.24]"
35060,2.6571,0.2079,0.0000,0.000050,"[0.20,0.42,1.39]","[0.46,0.40,0.24]"
35070,2.7221,0.2041,0.0000,0.000050,"[0.19,0.42,1.39]","[0.45,0.40,0.24]"
35080,2.7758,0.2067,0.0000,0.000050,"[0.20,0.42,1.39]","[0.46,0.41,0.24]"
35090,2.7187,0.2034,0.0000,0.000050,"[0.18,0.42,1.39]","[0.46,0.39,0.24]"
35100,2.6061,0.2015,0.0000,0.000050,"[0.20,0.42,1.39]","[0.46,0.41,0.24]"
35110,2.5863,0.2029,0.0000,0.000050,"[0.21,0.41,1.39]","[0.46,0.40,0.24]"
35120,2.6626,0.2020,0.0000,0.000050,"[0.20,0.41,1.39]","[0.47,0.42,0.24]"
35130,2.4725,0.2033,0.0000,0.000050,"[0.20,0.42,1.39]","[0.46,0.40,0.24]"
35140,2.5422,0.2025,0.0000,0.000050,"[0.21,0.41,1.39]","[0.46,0.42,0.24]"
35150,2.8460,0.2018,0.0000,0.000050,"[0.19,0.42,1.39]","[0.46,0.39,0.24]"
35160,2.7791,0.2043,0.0000,0.000050,"[0.20,0.42,1.39]","[0.46,0.41,0.24]"
35170,2.7646,0.2036,0.0000,0.000050,"[0.19,0.42,1.39]","[0.46,0.40,0.24]"
35180,2.5993,0.2069,0.0000,0.000050,"[0.20,0.41,1.39]","[0.46,0.41,0.24]"
35190,2.7439,0.2050,0.0000,0.000050,"[0.20,0.40,1.39]","[0.46,0.40,0.24]"
35200,2.4435,0.2033,0.0000,0.000050,"[0.20,0.41,1.39]","[0.46,0.40,0.24]"
35210,2.7231,0.2026,0.0000,0.000050,"[0.19,0.42,1.39]","[0.45,0.39,0.24]"
35220,2.9822,0.2057,0.0000,0.000050,"[0.19,0.43,1.39]","[0.45,0.40,0.24]"
35230,2.8570,0.2053,0.0000,0.000050,"[0.19,0.42,1.39]","[0.46,0.40,0.24]"
35240,2.6711,0.2026,0.0000,0.000050,"[0.20,0.42,1.39]","[0.47,0.40,0.24]"
35250,2.4444,0.2056,0.0000,0.000050,"[0.19,0.41,1.39]","[0.46,0.41,0.24]"
35260,2.8802,0.2101,0.0000,0.000050,"[0.19,0.42,1.40]","[0.44,0.42,0.24]"
35270,2.6964,0.2069,0.0000,0.000050,"[0.19,0.42,1.39]","[0.46,0.40,0.24]"
35280,2.9104,0.2114,0.0000,0.000050,"[0.19,0.43,1.39]","[0.45,0.40,0.24]"
35290,2.8826,0.2132,0.0000,0.000050,"[0.19,0.42,1.40]","[0.46,0.42,0.24]"
35300,2.7634,0.2091,0.0000,0.000050,"[0.20,0.42,1.39]","[0.46,0.40,0.24]"
35310,2.5319,0.2070,0.0000,0.000050,"[0.19,0.42,1.39]","[0.46,0.40,0.24]"
35320,2.4784,0.2070,0.0000,0.000050,"[0.20,0.42,1.39]","[0.46,0.39,0.24]"
35330,2.7040,0.2051,0.0000,0.000050,"[0.20,0.41,1.38]","[0.46,0.39,0.24]"
35340,2.7069,0.2098,0.0000,0.000050,"[0.19,0.42,1.39]","[0.44,0.39,0.24]"
35350,2.7220,0.2109,0.0000,0.000050,"[0.20,0.42,1.39]","[0.46,0.40,0.24]"
35360,2.7757,0.2081,0.0000,0.000050,"[0.19,0.42,1.39]","[0.46,0.41,0.24]"
35370,2.7658,0.2115,0.0000,0.000050,"[0.19,0.42,1.39]","[0.45,0.40,0.24]"
35380,2.5374,0.2097,0.0000,0.000050,"[0.20,0.42,1.39]","[0.46,0.41,0.24]"
35390,2.8057,0.2102,0.0000,0.000050,"[0.19,0.43,1.40]","[0.45,0.40,0.24]"
35400,2.7757,0.2098,0.0000,0.000050,"[0.19,0.43,1.40]","[0.46,0.42,0.24]"
35410,2.6011,0.2059,0.0000,0.000050,"[0.20,0.42,1.39]","[0.46,0.39,0.24]"
35420,2.7947,0.2062,0.0000,0.000050,"[0.20,0.42,1.39]","[0.46,0.40,0.24]"
35430,2.6173,0.2019,0.0000,0.000050,"[0.20,0.42,1.39]","[0.46,0.41,0.24]"
35440,2.8233,0.2056,0.0000,0.000050,"[0.20,0.42,1.39]","[0.47,0.41,0.24]"
35450,2.8310,0.2104,0.0000,0.000050,"[0.19,0.42,1.39]","[0.46,0.40,0.24]"
35460,2.6275,0.2094,0.0000,0.000050,"[0.20,0.42,1.39]","[0.46,0.41,0.24]"
35470,2.8275,0.2102,0.0000,0.000050,"[0.19,0.42,1.39]","[0.45,0.40,0.24]"
35480,2.7032,0.2104,0.0000,0.000050,"[0.20,0.42,1.39]","[0.46,0.41,0.24]"
35490,2.4078,0.2092,0.0000,0.000050,"[0.21,0.41,1.38]","[0.47,0.40,0.24]"
35500,2.7966,0.2127,0.0000,0.000050,"[0.19,0.43,1.39]","[0.45,0.40,0.24]"
35510,2.8165,0.2123,0.0000,0.000050,"[0.20,0.42,1.39]","[0.46,0.41,0.24]"
35520,2.6120,0.2082,0.0000,0.000050,"[0.19,0.42,1.38]","[0.45,0.39,0.24]"
35530,2.7391,0.2100,0.0000,0.000050,"[0.20,0.42,1.39]","[0.46,0.40,0.24]"
35540,2.7067,0.2079,0.0000,0.000050,"[0.19,0.42,1.39]","[0.46,0.40,0.24]"
35550,2.6412,0.2087,0.0000,0.000050,"[0.19,0.43,1.40]","[0.45,0.40,0.24]"
35560,2.7214,0.2092,0.0000,0.000050,"[0.19,0.42,1.39]","[0.45,0.40,0.24]"
35570,2.8981,0.2118,0.0000,0.000050,"[0.19,0.42,1.40]","[0.45,0.40,0.24]"
35580,2.5872,0.2103,0.0000,0.000050,"[0.20,0.42,1.39]","[0.46,0.41,0.24]"
35590,2.5664,0.2104,0.0000,0.000050,"[0.20,0.42,1.39]","[0.46,0.41,0.24]"
35600,2.7215,0.2157,0.0000,0.000050,"[0.20,0.42,1.40]","[0.45,0.41,0.24]"
35610,2.5555,0.2126,0.0000,0.000050,"[0.20,0.42,1.38]","[0.46,0.40,0.24]"
35620,2.6738,0.2091,0.0000,0.000050,"[0.19,0.43,1.39]","[0.45,0.40,0.24]"
35630,2.7884,0.2131,0.0000,0.000050,"[0.18,0.42,1.39]","[0.45,0.40,0.24]"
35640,2.6457,0.2145,0.0000,0.000050,"[0.19,0.42,1.37]","[0.46,0.40,0.24]"
35650,2.7870,0.2138,0.0000,0.000050,"[0.19,0.42,1.38]","[0.46,0.41,0.24]"
35660,2.6884,0.2137,0.0000,0.000050,"[0.19,0.43,1.39]","[0.45,0.39,0.24]"
35670,2.5432,0.2140,0.0000,0.000050,"[0.19,0.42,1.39]","[0.46,0.39,0.24]"
35680,2.7840,0.2152,0.0000,0.000050,"[0.19,0.42,1.38]","[0.44,0.39,0.24]"
35690,2.5187,0.2131,0.0000,0.000050,"[0.20,0.41,1.38]","[0.46,0.41,0.24]"
35700,2.7868,0.2152,0.0000,0.000050,"[0.20,0.43,1.39]","[0.46,0.41,0.24]"
35710,2.4377,0.2109,0.0000,0.000050,"[0.20,0.41,1.37]","[0.45,0.40,0.24]"
35720,2.8944,0.2117,0.0000,0.000050,"[0.20,0.42,1.39]","[0.46,0.41,0.24]"
35730,2.6253,0.2142,0.0000,0.000050,"[0.20,0.42,1.39]","[0.46,0.41,0.24]"
35740,2.7344,0.2161,0.0000,0.000050,"[0.19,0.42,1.39]","[0.45,0.40,0.24]"
35750,2.7304,0.2196,0.0000,0.000050,"[0.18,0.43,1.39]","[0.45,0.41,0.24]"
35760,2.5958,0.2198,0.0000,0.000050,"[0.19,0.42,1.38]","[0.45,0.39,0.24]"
35770,2.6605,0.2172,0.0000,0.000050,"[0.20,0.41,1.38]","[0.46,0.41,0.24]"
35780,2.6314,0.2178,0.0000,0.000050,"[0.19,0.41,1.38]","[0.45,0.40,0.24]"
35790,2.8325,0.2208,0.0000,0.000050,"[0.19,0.42,1.39]","[0.46,0.40,0.24]"
35800,2.8022,0.2206,0.0000,0.000050,"[0.19,0.42,1.39]","[0.45,0.41,0.24]"
35810,2.6334,0.2222,0.0000,0.000050,"[0.20,0.41,1.38]","[0.47,0.40,0.24]"
35820,2.7915,0.2201,0.0000,0.000050,"[0.19,0.42,1.39]","[0.45,0.39,0.24]"
35830,2.7447,0.2176,0.0000,0.000050,"[0.19,0.42,1.39]","[0.46,0.41,0.24]"
35840,2.9087,0.2187,0.0000,0.000050,"[0.19,0.42,1.39]","[0.46,0.40,0.24]"
35850,2.6696,0.2185,0.0000,0.000050,"[0.19,0.42,1.39]","[0.45,0.40,0.24]"
35860,2.7681,0.2176,0.0000,0.000050,"[0.18,0.43,1.39]","[0.46,0.39,0.24]"
35870,2.6720,0.2204,0.0000,0.000050,"[0.19,0.43,1.39]","[0.46,0.41,0.24]"
35880,3.0574,0.2246,0.0000,0.000050,"[0.19,0.43,1.40]","[0.46,0.41,0.24]"
35890,2.7301,0.2229,0.0000,0.000050,"[0.20,0.42,1.39]","[0.46,0.41,0.24]"
35900,2.6813,0.2221,0.0000,0.000050,"[0.19,0.43,1.39]","[0.46,0.42,0.24]"
35910,2.7280,0.2195,0.0000,0.000050,"[0.20,0.42,1.40]","[0.47,0.41,0.24]"
35920,2.7493,0.2200,0.0000,0.000050,"[0.20,0.42,1.39]","[0.45,0.40,0.24]"
35930,2.8087,0.2183,0.0000,0.000050,"[0.19,0.43,1.39]","[0.44,0.40,0.24]"
35940,2.7461,0.2203,0.0000,0.000050,"[0.20,0.42,1.39]","[0.46,0.39,0.24]"
35950,2.5515,0.2206,0.0000,0.000050,"[0.20,0.42,1.39]","[0.47,0.40,0.24]"
35960,2.7582,0.2192,0.0000,0.000050,"[0.20,0.42,1.39]","[0.45,0.41,0.24]"
35970,2.7554,0.2243,0.0000,0.000050,"[0.20,0.42,1.39]","[0.46,0.41,0.24]"
35980,2.9038,0.2207,0.0000,0.000050,"[0.20,0.42,1.38]","[0.45,0.41,0.24]"
35990,2.8795,0.2205,0.0000,0.000050,"[0.19,0.42,1.38]","[0.46,0.40,0.24]"
36000,2.7769,0.2248,0.0000,0.000050,"[0.20,0.42,1.38]","[0.45,0.42,0.24]"
36010,2.7358,0.2235,0.0000,0.000050,"[0.20,0.42,1.39]","[0.46,0.41,0.24]"
36020,2.6345,0.2228,0.0000,0.000050,"[0.19,0.42,1.38]","[0.46,0.40,0.24]"
36030,2.8537,0.2267,0.0000,0.000050,"[0.20,0.42,1.38]","[0.46,0.41,0.24]"
36040,2.8086,0.2287,0.0000,0.000050,"[0.19,0.43,1.38]","[0.47,0.40,0.24]"
36050,2.6860,0.2289,0.0000,0.000050,"[0.20,0.42,1.38]","[0.45,0.41,0.24]"
36060,2.6425,0.2285,0.0000,0.000050,"[0.20,0.41,1.38]","[0.47,0.40,0.24]"
36070,2.8098,0.2307,0.0000,0.000050,"[0.18,0.42,1.38]","[0.46,0.40,0.24]"
36080,2.8038,0.2304,0.0000,0.000050,"[0.19,0.43,1.38]","[0.46,0.40,0.24]"
36090,2.8853,0.2225,0.0000,0.000050,"[0.19,0.42,1.39]","[0.46,0.40,0.24]"
36100,2.4983,0.2146,0.0000,0.000050,"[0.20,0.41,1.38]","[0.46,0.40,0.24]"
36110,2.8962,0.2165,0.0000,0.000050,"[0.19,0.43,1.38]","[0.45,0.40,0.24]"
36120,2.8585,0.2216,0.0000,0.000050,"[0.19,0.43,1.39]","[0.46,0.39,0.24]"
36130,2.6228,0.2223,0.0000,0.000050,"[0.20,0.42,1.39]","[0.46,0.40,0.24]"
36140,2.7001,0.2284,0.0000,0.000050,"[0.20,0.42,1.39]","[0.46,0.39,0.24]"
36150,2.8204,0.2272,0.0000,0.000050,"[0.18,0.43,1.39]","[0.45,0.40,0.24]"
36160,2.4136,0.2286,0.0000,0.000050,"[0.20,0.42,1.38]","[0.46,0.42,0.24]"
36170,2.6556,0.2311,0.0000,0.000050,"[0.19,0.42,1.39]","[0.46,0.41,0.24]"
36180,2.7088,0.2309,0.0000,0.000050,"[0.20,0.42,1.38]","[0.46,0.40,0.24]"
36190,2.4985,0.2269,0.0000,0.000050,"[0.20,0.42,1.38]","[0.46,0.40,0.24]"
36200,2.6184,0.2222,0.0000,0.000050,"[0.19,0.42,1.39]","[0.46,0.41,0.24]"
36210,2.6859,0.2223,0.0000,0.000050,"[0.19,0.43,1.39]","[0.45,0.39,0.24]"
36220,2.9855,0.2299,0.0000,0.000050,"[0.17,0.43,1.39]","[0.44,0.40,0.24]"
36230,2.5560,0.2269,0.0000,0.000050,"[0.20,0.42,1.38]","[0.45,0.41,0.24]"
36240,2.7703,0.2298,0.0000,0.000050,"[0.19,0.42,1.38]","[0.46,0.41,0.24]"
36250,2.9772,0.2298,0.0000,0.000050,"[0.19,0.43,1.39]","[0.45,0.39,0.24]"
36260,2.3626,0.2253,0.0000,0.000050,"[0.20,0.41,1.39]","[0.47,0.40,0.24]"
36270,2.6305,0.2230,0.0000,0.000050,"[0.20,0.42,1.39]","[0.47,0.42,0.24]"
36280,2.6608,0.2218,0.0000,0.000050,"[0.20,0.42,1.39]","[0.47,0.40,0.24]"
36290,2.8173,0.2254,0.0000,0.000050,"[0.20,0.42,1.39]","[0.46,0.41,0.24]"
36300,2.8190,0.2268,0.0000,0.000050,"[0.20,0.42,1.39]","[0.46,0.42,0.24]"
36310,2.4881,0.2245,0.0000,0.000050,"[0.19,0.41,1.39]","[0.46,0.39,0.24]"
36320,2.8774,0.2325,0.0000,0.000050,"[0.18,0.42,1.39]","[0.46,0.39,0.24]"
36330,2.7065,0.2340,0.0000,0.000050,"[0.20,0.41,1.38]","[0.46,0.41,0.24]"
36340,2.8423,0.2293,0.0000,0.000050,"[0.19,0.42,1.39]","[0.45,0.41,0.24]"
36350,2.4644,0.2225,0.0000,0.000050,"[0.20,0.41,1.39]","[0.46,0.41,0.24]"
36360,2.6109,0.2208,0.0000,0.000050,"[0.20,0.42,1.39]","[0.46,0.40,0.24]"
36370,2.5086,0.2281,0.0000,0.000050,"[0.19,0.42,1.39]","[0.45,0.40,0.24]"
36380,2.5618,0.2331,0.0000,0.000050,"[0.20,0.42,1.39]","[0.47,0.42,0.24]"
36390,2.7683,0.2351,0.0000,0.000050,"[0.19,0.43,1.38]","[0.45,0.40,0.24]"
36400,2.6792,0.2307,0.0000,0.000050,"[0.19,0.43,1.39]","[0.47,0.42,0.24]"
36410,2.6086,0.2288,0.0000,0.000050,"[0.20,0.42,1.38]","[0.46,0.40,0.24]"
36420,2.7435,0.2274,0.0000,0.000050,"[0.19,0.43,1.39]","[0.46,0.41,0.24]"
36430,2.6031,0.2267,0.0000,0.000050,"[0.20,0.42,1.39]","[0.45,0.40,0.24]"
36440,2.8940,0.2263,0.0000,0.000050,"[0.19,0.43,1.40]","[0.45,0.40,0.24]"
36450,2.5856,0.2287,0.0000,0.000050,"[0.20,0.42,1.39]","[0.46,0.40,0.24]"
36460,2.7235,0.2332,0.0000,0.000050,"[0.20,0.42,1.39]","[0.46,0.42,0.24]"
36470,2.7224,0.2325,0.0000,0.000050,"[0.20,0.42,1.39]","[0.45,0.41,0.24]"
36480,2.9755,0.2345,0.0000,0.000050,"[0.18,0.43,1.39]","[0.45,0.39,0.24]"
36490,2.6843,0.2295,0.0000,0.000050,"[0.19,0.43,1.39]","[0.45,0.40,0.24]"
36500,2.6568,0.2318,0.0000,0.000050,"[0.19,0.42,1.39]","[0.45,0.41,0.24]"
36510,2.7155,0.2335,0.0000,0.000050,"[0.19,0.42,1.39]","[0.47,0.41,0.24]"
36520,2.8001,0.2345,0.0000,0.000050,"[0.19,0.43,1.39]","[0.46,0.40,0.24]"
36530,2.6158,0.2348,0.0000,0.000050,"[0.19,0.43,1.39]","[0.46,0.40,0.24]"
36540,2.5916,0.2294,0.0000,0.000050,"[0.20,0.42,1.39]","[0.46,0.41,0.24]"
36550,2.7425,0.2318,0.0000,0.000050,"[0.19,0.42,1.38]","[0.46,0.40,0.24]"
36560,2.6673,0.2337,0.0000,0.000050,"[0.19,0.42,1.38]","[0.45,0.39,0.24]"
36570,2.7034,0.2323,0.0000,0.000050,"[0.19,0.43,1.39]","[0.46,0.39,0.24]"
36580,2.9850,0.2303,0.0000,0.000050,"[0.19,0.43,1.39]","[0.45,0.41,0.24]"
36590,2.7274,0.2310,0.0000,0.000050,"[0.19,0.43,1.38]","[0.45,0.40,0.24]"
36600,2.4868,0.2355,0.0000,0.000050,"[0.19,0.41,1.38]","[0.46,0.42,0.24]"
36610,2.6254,0.2385,0.0000,0.000050,"[0.19,0.43,1.38]","[0.46,0.41,0.24]"
36620,2.5984,0.2317,0.0000,0.000050,"[0.20,0.42,1.39]","[0.46,0.40,0.24]"
36630,2.4933,0.2279,0.0000,0.000050,"[0.20,0.42,1.39]","[0.46,0.41,0.24]"
36640,2.7251,0.2364,0.0000,0.000050,"[0.20,0.42,1.38]","[0.46,0.40,0.24]"
36650,2.8478,0.2411,0.0000,0.000050,"[0.20,0.42,1.38]","[0.45,0.40,0.24]"
36660,2.8231,0.2388,0.0000,0.000050,"[0.20,0.43,1.39]","[0.46,0.42,0.24]"
36670,2.5441,0.2340,0.0000,0.000050,"[0.19,0.42,1.39]","[0.46,0.41,0.24]"
36680,2.7158,0.2379,0.0000,0.000050,"[0.20,0.42,1.39]","[0.46,0.42,0.24]"
36690,2.6502,0.2324,0.0000,0.000050,"[0.19,0.42,1.39]","[0.46,0.40,0.24]"
36700,2.7573,0.2282,0.0000,0.000050,"[0.19,0.43,1.39]","[0.45,0.42,0.24]"
36710,2.7473,0.2320,0.0000,0.000050,"[0.20,0.42,1.39]","[0.46,0.41,0.24]"
36720,2.8287,0.2337,0.0000,0.000050,"[0.18,0.43,1.39]","[0.45,0.39,0.24]"
36730,2.7856,0.2332,0.0000,0.000050,"[0.19,0.43,1.39]","[0.46,0.41,0.24]"
36740,2.5581,0.2350,0.0000,0.000050,"[0.20,0.42,1.39]","[0.46,0.41,0.24]"
36750,2.7893,0.2348,0.0000,0.000050,"[0.20,0.42,1.39]","[0.46,0.40,0.24]"
36760,2.7886,0.2357,0.0000,0.000050,"[0.19,0.42,1.39]","[0.45,0.39,0.24]"
36770,2.7408,0.2331,0.0000,0.000050,"[0.19,0.42,1.39]","[0.46,0.39,0.24]"
36780,2.6685,0.2331,0.0000,0.000050,"[0.19,0.42,1.39]","[0.45,0.39,0.24]"
36790,2.7186,0.2378,0.0000,0.000050,"[0.19,0.42,1.39]","[0.47,0.40,0.24]"
36800,2.9309,0.2382,0.0000,0.000050,"[0.20,0.42,1.39]","[0.46,0.40,0.24]"
36810,2.3663,0.2364,0.0000,0.000050,"[0.20,0.41,1.37]","[0.46,0.40,0.24]"
36820,2.8092,0.2364,0.0000,0.000050,"[0.20,0.43,1.38]","[0.46,0.40,0.24]"
36830,2.7090,0.2351,0.0000,0.000050,"[0.20,0.42,1.38]","[0.47,0.39,0.24]"
36840,2.6292,0.2338,0.0000,0.000050,"[0.19,0.43,1.39]","[0.46,0.40,0.24]"
36850,2.5245,0.2378,0.0000,0.000050,"[0.18,0.43,1.39]","[0.45,0.40,0.24]"
36860,2.6742,0.2424,0.0000,0.000050,"[0.19,0.43,1.39]","[0.46,0.40,0.24]"
36870,2.7198,0.2433,0.0000,0.000050,"[0.19,0.43,1.39]","[0.46,0.40,0.24]"
36880,2.4603,0.2410,0.0000,0.000050,"[0.20,0.42,1.39]","[0.47,0.42,0.24]"
36890,2.6445,0.2440,0.0000,0.000050,"[0.20,0.43,1.38]","[0.46,0.40,0.24]"
36900,2.9212,0.2481,0.0000,0.000050,"[0.18,0.43,1.39]","[0.44,0.39,0.24]"
36910,2.5367,0.2425,0.0000,0.000050,"[0.20,0.43,1.39]","[0.45,0.40,0.24]"
36920,2.8457,0.2494,0.0000,0.000050,"[0.20,0.43,1.39]","[0.44,0.40,0.24]"
36930,2.6883,0.2513,0.0000,0.000050,"[0.19,0.43,1.39]","[0.46,0.40,0.24]"
36940,2.7219,0.2447,0.0000,0.000050,"[0.19,0.43,1.38]","[0.46,0.41,0.24]"
36950,2.5713,0.2434,0.0000,0.000050,"[0.20,0.42,1.39]","[0.46,0.40,0.24]"
36960,2.8857,0.2487,0.0000,0.000050,"[0.19,0.43,1.39]","[0.45,0.40,0.24]"
36970,2.7010,0.2394,0.0000,0.000050,"[0.19,0.42,1.39]","[0.46,0.41,0.24]"
36980,2.8965,0.2415,0.0000,0.000050,"[0.19,0.43,1.40]","[0.45,0.42,0.24]"
36990,2.6577,0.2407,0.0000,0.000050,"[0.19,0.42,1.39]","[0.46,0.39,0.24]"
37000,2.8257,0.2424,0.0000,0.000050,"[0.19,0.43,1.39]","[0.45,0.40,0.24]"
37010,2.7071,0.2430,0.0000,0.000050,"[0.19,0.42,1.39]","[0.44,0.41,0.24]"
37020,2.6204,0.2357,0.0000,0.000050,"[0.20,0.42,1.39]","[0.46,0.41,0.24]"
37030,3.0343,0.2349,0.0000,0.000050,"[0.19,0.43,1.39]","[0.45,0.41,0.24]"
37040,2.5205,0.2347,0.0000,0.000050,"[0.20,0.42,1.38]","[0.46,0.40,0.24]"
37050,3.0055,0.2382,0.0000,0.000050,"[0.19,0.43,1.39]","[0.46,0.41,0.24]"
37060,2.5533,0.2410,0.0000,0.000050,"[0.18,0.42,1.38]","[0.44,0.39,0.24]"
37070,2.5989,0.2401,0.0000,0.000050,"[0.20,0.41,1.38]","[0.46,0.39,0.24]"
37080,2.9039,0.2448,0.0000,0.000050,"[0.19,0.44,1.39]","[0.46,0.40,0.24]"
37090,2.8008,0.2454,0.0000,0.000050,"[0.18,0.43,1.39]","[0.44,0.41,0.24]"
37100,2.8781,0.2487,0.0000,0.000050,"[0.19,0.43,1.39]","[0.45,0.39,0.24]"
37110,2.7325,0.2490,0.0000,0.000050,"[0.20,0.42,1.38]","[0.46,0.40,0.24]"
37120,2.7273,0.2525,0.0000,0.000050,"[0.19,0.43,1.39]","[0.46,0.40,0.24]"
37130,2.5689,0.2470,0.0000,0.000050,"[0.19,0.42,1.38]","[0.46,0.39,0.24]"
37140,2.7175,0.2442,0.0000,0.000050,"[0.19,0.43,1.38]","[0.45,0.39,0.24]"
37150,2.7113,0.2422,0.0000,0.000050,"[0.19,0.42,1.38]","[0.45,0.40,0.24]"
37160,2.6100,0.2473,0.0000,0.000050,"[0.19,0.42,1.39]","[0.45,0.41,0.24]"
37170,2.4126,0.2483,0.0000,0.000050,"[0.20,0.42,1.38]","[0.46,0.40,0.24]"
37180,2.5946,0.2449,0.0000,0.000050,"[0.19,0.43,1.39]","[0.46,0.39,0.24]"
37190,2.6011,0.2392,0.0000,0.000050,"[0.20,0.41,1.39]","[0.45,0.40,0.24]"
37200,2.5140,0.2369,0.0000,0.000050,"[0.19,0.43,1.39]","[0.45,0.41,0.24]"
37210,2.5161,0.2400,0.0000,0.000050,"[0.20,0.42,1.38]","[0.46,0.41,0.24]"
37220,2.7911,0.2435,0.0000,0.000050,"[0.20,0.42,1.38]","[0.45,0.41,0.24]"
37230,2.5886,0.2455,0.0000,0.000050,"[0.20,0.43,1.39]","[0.45,0.40,0.24]"
37240,2.5775,0.2501,0.0000,0.000050,"[0.20,0.42,1.39]","[0.46,0.42,0.24]"
37250,2.4933,0.2450,0.0000,0.000050,"[0.19,0.43,1.39]","[0.45,0.40,0.24]"
37260,2.5767,0.2465,0.0000,0.000050,"[0.20,0.43,1.39]","[0.45,0.40,0.24]"
37270,2.8245,0.2512,0.0000,0.000050,"[0.19,0.44,1.39]","[0.45,0.40,0.24]"
37280,2.8792,0.2537,0.0000,0.000050,"[0.20,0.43,1.38]","[0.46,0.40,0.24]"
37290,2.6193,0.2469,0.0000,0.000050,"[0.20,0.42,1.39]","[0.46,0.41,0.24]"
37300,2.8129,0.2406,0.0000,0.000050,"[0.19,0.43,1.39]","[0.47,0.41,0.24]"
37310,2.9140,0.2425,0.0000,0.000050,"[0.20,0.43,1.39]","[0.46,0.42,0.24]"
37320,2.8605,0.2495,0.0000,0.000050,"[0.20,0.42,1.39]","[0.45,0.40,0.24]"
37330,2.6628,0.2514,0.0000,0.000050,"[0.19,0.43,1.38]","[0.45,0.41,0.24]"
37340,2.7220,0.2513,0.0000,0.000050,"[0.18,0.43,1.38]","[0.44,0.40,0.24]"
37350,2.7789,0.2479,0.0000,0.000050,"[0.20,0.42,1.39]","[0.46,0.41,0.24]"
37360,2.7240,0.2496,0.0000,0.000050,"[0.19,0.43,1.38]","[0.45,0.40,0.24]"
37370,2.7405,0.2437,0.0000,0.000050,"[0.19,0.43,1.39]","[0.45,0.41,0.24]"
37380,2.8335,0.2450,0.0000,0.000050,"[0.20,0.42,1.39]","[0.46,0.42,0.24]"
37390,2.6343,0.2466,0.0000,0.000050,"[0.19,0.43,1.39]","[0.45,0.40,0.24]"
37400,2.7466,0.2441,0.0000,0.000050,"[0.19,0.43,1.39]","[0.45,0.41,0.24]"
37410,2.6221,0.2468,0.0000,0.000050,"[0.19,0.42,1.39]","[0.45,0.42,0.24]"
37420,2.6717,0.2469,0.0000,0.000050,"[0.19,0.42,1.38]","[0.46,0.40,0.24]"
37430,2.5792,0.2484,0.0000,0.000050,"[0.20,0.42,1.39]","[0.46,0.42,0.24]"
37440,2.7207,0.2542,0.0000,0.000050,"[0.19,0.43,1.39]","[0.46,0.41,0.24]"
37450,2.4582,0.2489,0.0000,0.000050,"[0.20,0.42,1.38]","[0.46,0.40,0.24]"
37460,2.8632,0.2492,0.0000,0.000050,"[0.20,0.42,1.39]","[0.46,0.41,0.24]"
37470,2.5920,0.2481,0.0000,0.000050,"[0.20,0.43,1.39]","[0.46,0.41,0.24]"
37480,2.6257,0.2481,0.0000,0.000050,"[0.20,0.42,1.38]","[0.47,0.40,0.24]"
37490,2.5684,0.2504,0.0000,0.000050,"[0.19,0.43,1.39]","[0.45,0.39,0.24]"
37500,2.6460,0.2483,0.0000,0.000050,"[0.20,0.42,1.38]","[0.46,0.42,0.24]"
37510,2.9664,0.2448,0.0000,0.000050,"[0.19,0.43,1.39]","[0.46,0.41,0.24]"
37520,2.8549,0.2481,0.0000,0.000050,"[0.20,0.43,1.38]","[0.45,0.40,0.24]"
37530,2.6140,0.2467,0.0000,0.000050,"[0.19,0.43,1.39]","[0.46,0.40,0.24]"
37540,2.6084,0.2541,0.0000,0.000050,"[0.19,0.41,1.39]","[0.44,0.40,0.24]"
37550,2.5043,0.2490,0.0000,0.000050,"[0.20,0.42,1.39]","[0.46,0.41,0.24]"
37560,2.7043,0.2555,0.0000,0.000050,"[0.19,0.43,1.39]","[0.45,0.41,0.24]"
37570,2.6635,0.2610,0.0000,0.000050,"[0.19,0.43,1.38]","[0.45,0.40,0.24]"
37580,2.7673,0.2573,0.0000,0.000050,"[0.20,0.42,1.38]","[0.47,0.40,0.24]"
37590,2.8489,0.2551,0.0000,0.000050,"[0.19,0.43,1.39]","[0.44,0.41,0.24]"
37600,2.5675,0.2501,0.0000,0.000050,"[0.20,0.42,1.39]","[0.46,0.42,0.24]"
37610,2.7400,0.2498,0.0000,0.000050,"[0.18,0.43,1.39]","[0.45,0.40,0.24]"
37620,2.7821,0.2499,0.0000,0.000050,"[0.19,0.43,1.39]","[0.46,0.40,0.24]"
37630,2.6797,0.2512,0.0000,0.000050,"[0.19,0.43,1.39]","[0.45,0.41,0.24]"
37640,2.6769,0.2534,0.0000,0.000050,"[0.20,0.42,1.38]","[0.47,0.42,0.24]"
37650,2.8674,0.2464,0.0000,0.000050,"[0.19,0.42,1.39]","[0.45,0.40,0.24]"
37660,2.6960,0.2488,0.0000,0.000050,"[0.20,0.42,1.39]","[0.47,0.42,0.24]"
37670,2.9135,0.2542,0.0000,0.000050,"[0.19,0.43,1.38]","[0.44,0.40,0.24]"
37680,2.8845,0.2459,0.0000,0.000050,"[0.19,0.43,1.39]","[0.45,0.41,0.24]"
37690,2.8014,0.2438,0.0000,0.000050,"[0.20,0.43,1.39]","[0.45,0.42,0.24]"
37700,2.7449,0.2505,0.0000,0.000050,"[0.20,0.42,1.38]","[0.46,0.42,0.24]"
37710,2.5194,0.2515,0.0000,0.000050,"[0.20,0.42,1.39]","[0.46,0.42,0.24]"
37720,2.4859,0.2497,0.0000,0.000050,"[0.19,0.43,1.39]","[0.45,0.39,0.24]"
37730,2.5670,0.2468,0.0000,0.000050,"[0.20,0.43,1.38]","[0.46,0.40,0.24]"
37740,2.6287,0.2496,0.0000,0.000050,"[0.20,0.42,1.39]","[0.44,0.41,0.24]"
37750,2.6405,0.2470,0.0000,0.000050,"[0.21,0.42,1.39]","[0.47,0.42,0.24]"
37760,2.8456,0.2474,0.0000,0.000050,"[0.19,0.43,1.39]","[0.46,0.40,0.24]"
37770,2.8634,0.2500,0.0000,0.000050,"[0.19,0.43,1.39]","[0.45,0.40,0.24]"
37780,2.5191,0.2467,0.0000,0.000050,"[0.20,0.41,1.38]","[0.48,0.41,0.24]"
37790,2.7758,0.2495,0.0000,0.000050,"[0.19,0.43,1.39]","[0.45,0.41,0.24]"
37800,2.8352,0.2432,0.0000,0.000050,"[0.19,0.42,1.38]","[0.46,0.41,0.24]"
37810,2.7565,0.2434,0.0000,0.000050,"[0.20,0.42,1.38]","[0.46,0.40,0.24]"
37820,2.6875,0.2529,0.0000,0.000050,"[0.18,0.43,1.39]","[0.45,0.40,0.24]"
37830,2.5628,0.2568,0.0000,0.000050,"[0.19,0.42,1.38]","[0.45,0.40,0.24]"
37840,2.6842,0.2458,0.0000,0.000050,"[0.20,0.42,1.39]","[0.46,0.40,0.24]"
37850,2.7105,0.2460,0.0000,0.000050,"[0.19,0.43,1.38]","[0.45,0.40,0.24]"
37860,2.7406,0.2498,0.0000,0.000050,"[0.19,0.42,1.38]","[0.45,0.40,0.24]"
37870,2.8981,0.2506,0.0000,0.000050,"[0.19,0.43,1.39]","[0.45,0.40,0.24]"
37880,2.8406,0.2549,0.0000,0.000050,"[0.20,0.43,1.39]","[0.46,0.42,0.24]"
37890,2.5988,0.2498,0.0000,0.000050,"[0.20,0.42,1.38]","[0.47,0.41,0.24]"
37900,2.5365,0.2501,0.0000,0.000050,"[0.20,0.42,1.38]","[0.46,0.42,0.24]"
37910,2.8157,0.2520,0.0000,0.000050,"[0.19,0.43,1.39]","[0.44,0.40,0.24]"
37920,2.7892,0.2515,0.0000,0.000050,"[0.19,0.42,1.39]","[0.46,0.40,0.24]"
37930,2.9440,0.2543,0.0000,0.000050,"[0.20,0.43,1.39]","[0.45,0.42,0.24]"
37940,2.7461,0.2478,0.0000,0.000050,"[0.19,0.43,1.38]","[0.45,0.41,0.24]"
37950,2.7436,0.2513,0.0000,0.000050,"[0.19,0.43,1.39]","[0.45,0.41,0.24]"
37960,2.6854,0.2586,0.0000,0.000050,"[0.21,0.42,1.38]","[0.47,0.43,0.24]"
37970,2.7981,0.2582,0.0000,0.000050,"[0.20,0.43,1.39]","[0.44,0.41,0.24]"
37980,2.5597,0.2511,0.0000,0.000050,"[0.20,0.42,1.39]","[0.46,0.41,0.24]"
37990,2.7558,0.2493,0.0000,0.000050,"[0.20,0.43,1.39]","[0.46,0.42,0.24]"
38000,2.7886,0.2523,0.0000,0.000050,"[0.19,0.43,1.39]","[0.46,0.41,0.24]"
38010,2.6972,0.2591,0.0000,0.000050,"[0.19,0.43,1.38]","[0.45,0.41,0.24]"
38020,2.8343,0.2613,0.0000,0.000050,"[0.19,0.43,1.38]","[0.46,0.40,0.24]"
38030,2.4870,0.2578,0.0000,0.000050,"[0.20,0.43,1.38]","[0.45,0.41,0.24]"
38040,2.7900,0.2647,0.0000,0.000050,"[0.19,0.43,1.38]","[0.46,0.41,0.24]"
38050,2.9774,0.2621,0.0000,0.000050,"[0.19,0.43,1.38]","[0.46,0.41,0.24]"
38060,2.7819,0.2620,0.0000,0.000050,"[0.19,0.43,1.39]","[0.45,0.40,0.24]"
38070,2.8718,0.2600,0.0000,0.000050,"[0.19,0.43,1.38]","[0.46,0.40,0.24]"
38080,2.4042,0.2524,0.0000,0.000050,"[0.20,0.43,1.38]","[0.45,0.40,0.24]"
38090,2.8998,0.2521,0.0000,0.000050,"[0.19,0.43,1.38]","[0.47,0.40,0.24]"
38100,2.5596,0.2551,0.0000,0.000050,"[0.20,0.42,1.38]","[0.47,0.40,0.24]"
38110,2.7683,0.2582,0.0000,0.000050,"[0.21,0.41,1.38]","[0.45,0.40,0.24]"
38120,2.8586,0.2588,0.0000,0.000050,"[0.19,0.43,1.38]","[0.46,0.41,0.24]"
38130,2.8013,0.2614,0.0000,0.000050,"[0.19,0.43,1.38]","[0.45,0.40,0.24]"
38140,2.7475,0.2536,0.0000,0.000050,"[0.19,0.43,1.38]","[0.44,0.40,0.24]"
38150,2.7881,0.2569,0.0000,0.000050,"[0.19,0.43,1.38]","[0.46,0.41,0.24]"
38160,2.8122,0.2618,0.0000,0.000050,"[0.19,0.43,1.38]","[0.45,0.41,0.24]"
38170,2.8210,0.2596,0.0000,0.000050,"[0.19,0.43,1.39]","[0.45,0.40,0.24]"
38180,2.5259,0.2568,0.0000,0.000050,"[0.20,0.42,1.38]","[0.45,0.42,0.24]"
38190,2.7912,0.2598,0.0000,0.000050,"[0.19,0.43,1.38]","[0.46,0.42,0.24]"
38200,2.6568,0.2549,0.0000,0.000050,"[0.19,0.43,1.39]","[0.45,0.41,0.24]"
38210,2.3785,0.2532,0.0000,0.000050,"[0.21,0.41,1.38]","[0.47,0.41,0.24]"
38220,2.6934,0.2498,0.0000,0.000050,"[0.20,0.42,1.38]","[0.46,0.42,0.24]"
38230,2.6369,0.2562,0.0000,0.000050,"[0.20,0.42,1.38]","[0.46,0.40,0.24]"
38240,2.7512,0.2585,0.0000,0.000050,"[0.19,0.43,1.38]","[0.46,0.40,0.24]"
38250,2.5797,0.2585,0.0000,0.000050,"[0.21,0.42,1.38]","[0.46,0.42,0.24]"
38260,2.7705,0.2565,0.0000,0.000050,"[0.20,0.42,1.38]","[0.45,0.42,0.24]"
38270,2.8167,0.2569,0.0000,0.000050,"[0.19,0.43,1.38]","[0.45,0.42,0.24]"
38280,2.8098,0.2625,0.0000,0.000050,"[0.19,0.43,1.38]","[0.46,0.41,0.24]"
38290,2.7541,0.2652,0.0000,0.000050,"[0.19,0.43,1.37]","[0.47,0.42,0.24]"
38300,2.7817,0.2734,0.0000,0.000050,"[0.18,0.43,1.38]","[0.47,0.39,0.24]"
38310,2.7784,0.2679,0.0000,0.000050,"[0.19,0.43,1.37]","[0.46,0.42,0.24]"
38320,2.8385,0.2654,0.0000,0.000050,"[0.20,0.43,1.38]","[0.45,0.40,0.24]"
38330,2.7905,0.2629,0.0000,0.000050,"[0.19,0.43,1.38]","[0.45,0.40,0.24]"
38340,2.5708,0.2641,0.0000,0.000050,"[0.20,0.43,1.38]","[0.46,0.41,0.24]"
38350,2.6419,0.2581,0.0000,0.000050,"[0.19,0.43,1.39]","[0.44,0.41,0.24]"
38360,2.8838,0.2609,0.0000,0.000050,"[0.20,0.43,1.38]","[0.45,0.40,0.24]"
38370,3.1078,0.2702,0.0000,0.000050,"[0.19,0.44,1.38]","[0.45,0.42,0.24]"
38380,2.7637,0.2658,0.0000,0.000050,"[0.20,0.43,1.38]","[0.47,0.42,0.24]"
38390,2.5883,0.2653,0.0000,0.000050,"[0.19,0.42,1.38]","[0.45,0.41,0.24]"
38400,2.7402,0.2634,0.0000,0.000050,"[0.20,0.43,1.38]","[0.47,0.41,0.24]"
38410,2.6086,0.2618,0.0000,0.000050,"[0.19,0.43,1.38]","[0.47,0.41,0.24]"
38420,2.4633,0.2612,0.0000,0.000050,"[0.20,0.42,1.38]","[0.47,0.42,0.24]"
38430,2.8969,0.2677,0.0000,0.000050,"[0.19,0.43,1.38]","[0.45,0.42,0.24]"
38440,2.7284,0.2722,0.0000,0.000050,"[0.20,0.43,1.37]","[0.46,0.40,0.24]"
38450,2.7929,0.2683,0.0000,0.000050,"[0.18,0.43,1.38]","[0.45,0.41,0.24]"
38460,2.7890,0.2630,0.0000,0.000050,"[0.20,0.42,1.38]","[0.45,0.41,0.24]"
38470,2.6187,0.2519,0.0000,0.000050,"[0.20,0.42,1.38]","[0.46,0.40,0.24]"
38480,2.7691,0.2582,0.0000,0.000050,"[0.19,0.43,1.38]","[0.45,0.40,0.24]"
38490,2.6714,0.2611,0.0000,0.000050,"[0.19,0.42,1.38]","[0.46,0.40,0.24]"
38500,2.7349,0.2550,0.0000,0.000050,"[0.20,0.43,1.38]","[0.45,0.40,0.24]"
38510,2.7691,0.2544,0.0000,0.000050,"[0.20,0.42,1.38]","[0.45,0.41,0.24]"
38520,2.6120,0.2528,0.0000,0.000050,"[0.20,0.43,1.39]","[0.46,0.41,0.24]"
38530,2.7917,0.2601,0.0000,0.000050,"[0.20,0.42,1.39]","[0.47,0.41,0.24]"
38540,2.8187,0.2657,0.0000,0.000050,"[0.19,0.43,1.38]","[0.45,0.41,0.24]"
38550,2.6936,0.2577,0.0000,0.000050,"[0.20,0.42,1.38]","[0.45,0.41,0.24]"
38560,2.5816,0.2543,0.0000,0.000050,"[0.20,0.42,1.39]","[0.47,0.42,0.24]"
38570,2.7328,0.2570,0.0000,0.000050,"[0.20,0.42,1.39]","[0.46,0.42,0.24]"
38580,2.7797,0.2614,0.0000,0.000050,"[0.20,0.42,1.38]","[0.46,0.41,0.24]"
38590,2.8344,0.2626,0.0000,0.000050,"[0.20,0.42,1.38]","[0.46,0.42,0.24]"
38600,2.8401,0.2610,0.0000,0.000050,"[0.19,0.43,1.39]","[0.45,0.41,0.24]"
38610,2.6377,0.2543,0.0000,0.000050,"[0.20,0.42,1.39]","[0.47,0.40,0.24]"
38620,2.7175,0.2584,0.0000,0.000050,"[0.19,0.43,1.39]","[0.45,0.40,0.24]"
38630,2.4967,0.2627,0.0000,0.000050,"[0.20,0.42,1.39]","[0.47,0.41,0.24]"
38640,2.6649,0.2614,0.0000,0.000050,"[0.20,0.42,1.38]","[0.47,0.42,0.24]"
38650,2.6916,0.2644,0.0000,0.000050,"[0.19,0.43,1.38]","[0.45,0.39,0.24]"
38660,2.5367,0.2598,0.0000,0.000050,"[0.19,0.42,1.38]","[0.46,0.40,0.24]"
38670,2.6702,0.2594,0.0000,0.000050,"[0.20,0.42,1.38]","[0.46,0.41,0.24]"
38680,2.5238,0.2595,0.0000,0.000050,"[0.20,0.43,1.39]","[0.46,0.40,0.24]"
38690,2.7675,0.2652,0.0000,0.000050,"[0.20,0.42,1.38]","[0.46,0.41,0.24]"
38700,2.7317,0.2602,0.0000,0.000050,"[0.20,0.43,1.38]","[0.46,0.39,0.24]"
38710,2.8653,0.2653,0.0000,0.000050,"[0.19,0.44,1.38]","[0.46,0.40,0.24]"
38720,2.7852,0.2683,0.0000,0.000050,"[0.19,0.43,1.38]","[0.46,0.40,0.24]"
38730,2.5722,0.2648,0.0000,0.000050,"[0.19,0.43,1.38]","[0.45,0.40,0.24]"
38740,2.5933,0.2589,0.0000,0.000050,"[0.19,0.43,1.38]","[0.45,0.39,0.24]"
38750,2.5523,0.2539,0.0000,0.000050,"[0.20,0.42,1.38]","[0.46,0.41,0.24]"
38760,2.6513,0.2531,0.0000,0.000050,"[0.20,0.41,1.38]","[0.45,0.41,0.24]"
38770,2.8081,0.2562,0.0000,0.000050,"[0.19,0.43,1.38]","[0.46,0.40,0.24]"
38780,2.5580,0.2576,0.0000,0.000050,"[0.21,0.42,1.38]","[0.47,0.41,0.24]"
38790,2.7128,0.2618,0.0000,0.000050,"[0.19,0.43,1.38]","[0.46,0.39,0.24]"
38800,2.8618,0.2658,0.0000,0.000050,"[0.19,0.44,1.38]","[0.46,0.41,0.24]"
38810,2.3861,0.2603,0.0000,0.000050,"[0.20,0.43,1.38]","[0.47,0.41,0.24]"
38820,2.7304,0.2622,0.0000,0.000050,"[0.20,0.43,1.38]","[0.46,0.42,0.24]"
38830,2.7801,0.2665,0.0000,0.000050,"[0.20,0.43,1.38]","[0.46,0.41,0.24]"
38840,2.8483,0.2738,0.0000,0.000050,"[0.20,0.43,1.37]","[0.46,0.40,0.24]"
38850,2.7773,0.2667,0.0000,0.000050,"[0.20,0.43,1.38]","[0.45,0.41,0.24]"
38860,2.5327,0.2559,0.0000,0.000050,"[0.20,0.42,1.38]","[0.46,0.41,0.24]"
38870,2.7353,0.2586,0.0000,0.000050,"[0.19,0.43,1.39]","[0.47,0.42,0.24]"
38880,2.6908,0.2591,0.0000,0.000050,"[0.19,0.43,1.39]","[0.46,0.40,0.24]"
38890,2.6060,0.2643,0.0000,0.000050,"[0.19,0.43,1.39]","[0.46,0.40,0.24]"
38900,2.5605,0.2637,0.0000,0.000050,"[0.19,0.42,1.38]","[0.46,0.40,0.24]"
38910,2.5823,0.2644,0.0000,0.000050,"[0.20,0.42,1.38]","[0.45,0.40,0.24]"
38920,2.7432,0.2659,0.0000,0.000050,"[0.19,0.43,1.39]","[0.45,0.40,0.24]"
38930,2.7345,0.2632,0.0000,0.000050,"[0.19,0.43,1.39]","[0.46,0.39,0.24]"
38940,2.7279,0.2669,0.0000,0.000050,"[0.19,0.43,1.39]","[0.45,0.41,0.24]"
38950,2.7787,0.2737,0.0000,0.000050,"[0.19,0.43,1.38]","[0.46,0.41,0.24]"
38960,2.7249,0.2668,0.0000,0.000050,"[0.20,0.42,1.38]","[0.46,0.42,0.24]"
38970,2.8276,0.2675,0.0000,0.000050,"[0.20,0.43,1.38]","[0.46,0.41,0.24]"
38980,2.6569,0.2713,0.0000,0.000050,"[0.20,0.43,1.38]","[0.47,0.41,0.24]"
38990,2.8017,0.2682,0.0000,0.000050,"[0.19,0.43,1.38]","[0.45,0.41,0.24]"
39000,2.7472,0.2601,0.0000,0.000050,"[0.20,0.42,1.38]","[0.46,0.41,0.24]"
39010,2.3520,0.2637,0.0000,0.000050,"[0.20,0.42,1.38]","[0.45,0.41,0.24]"
39020,2.7590,0.2701,0.0000,0.000050,"[0.20,0.42,1.38]","[0.46,0.41,0.24]"
39030,2.7260,0.2662,0.0000,0.000050,"[0.20,0.43,1.38]","[0.46,0.41,0.24]"
39040,2.5630,0.2713,0.0000,0.000050,"[0.20,0.43,1.38]","[0.47,0.41,0.24]"
39050,2.8817,0.2735,0.0000,0.000050,"[0.19,0.43,1.38]","[0.45,0.40,0.24]"
39060,2.5307,0.2774,0.0000,0.000050,"[0.20,0.43,1.38]","[0.45,0.41,0.24]"
39070,2.5256,0.2745,0.0000,0.000050,"[0.20,0.43,1.38]","[0.45,0.39,0.24]"
39080,2.6777,0.2679,0.0000,0.000050,"[0.20,0.43,1.38]","[0.46,0.41,0.24]"
39090,2.9156,0.2686,0.0000,0.000050,"[0.19,0.43,1.38]","[0.44,0.40,0.24]"
39100,2.7978,0.2677,0.0000,0.000050,"[0.19,0.44,1.38]","[0.46,0.41,0.24]"
39110,2.9343,0.2710,0.0000,0.000050,"[0.20,0.43,1.38]","[0.46,0.41,0.24]"
39120,2.5296,0.2718,0.0000,0.000050,"[0.20,0.42,1.38]","[0.46,0.42,0.24]"
39130,2.8054,0.2731,0.0000,0.000050,"[0.20,0.42,1.38]","[0.46,0.42,0.24]"
39140,2.6967,0.2790,0.0000,0.000050,"[0.19,0.43,1.38]","[0.45,0.42,0.24]"
39150,2.7675,0.2796,0.0000,0.000050,"[0.19,0.43,1.38]","[0.45,0.41,0.24]"
39160,2.7252,0.2689,0.0000,0.000050,"[0.20,0.42,1.38]","[0.46,0.42,0.24]"
39170,2.6616,0.2650,0.0000,0.000050,"[0.20,0.42,1.38]","[0.46,0.41,0.24]"
39180,2.4194,0.2596,0.0000,0.000050,"[0.20,0.42,1.38]","[0.46,0.41,0.24]"
39190,2.5788,0.2683,0.0000,0.000050,"[0.20,0.42,1.38]","[0.47,0.41,0.24]"
39200,2.7099,0.2781,0.0000,0.000050,"[0.20,0.42,1.38]","[0.46,0.41,0.24]"
39210,2.8444,0.2768,0.0000,0.000050,"[0.20,0.42,1.38]","[0.45,0.40,0.24]"
39220,2.6894,0.2670,0.0000,0.000050,"[0.18,0.44,1.38]","[0.45,0.41,0.24]"
39230,2.8972,0.2657,0.0000,0.000050,"[0.20,0.43,1.38]","[0.45,0.41,0.24]"
39240,2.8781,0.2680,0.0000,0.000050,"[0.19,0.43,1.38]","[0.45,0.41,0.24]"
39250,2.8158,0.2678,0.0000,0.000050,"[0.19,0.44,1.38]","[0.46,0.41,0.24]"
39260,2.5541,0.2711,0.0000,0.000050,"[0.19,0.42,1.38]","[0.46,0.40,0.24]"
39270,2.9146,0.2784,0.0000,0.000050,"[0.19,0.44,1.38]","[0.45,0.40,0.24]"
39280,2.7383,0.2711,0.0000,0.000050,"[0.19,0.43,1.39]","[0.45,0.41,0.24]"
39290,2.5098,0.2654,0.0000,0.000050,"[0.20,0.42,1.38]","[0.46,0.42,0.24]"
39300,2.3693,0.2706,0.0000,0.000050,"[0.20,0.42,1.38]","[0.46,0.40,0.24]"
39310,2.7370,0.2758,0.0000,0.000050,"[0.19,0.43,1.38]","[0.46,0.42,0.24]"
39320,2.6719,0.2765,0.0000,0.000050,"[0.19,0.43,1.38]","[0.45,0.40,0.24]"
39330,2.6908,0.2757,0.0000,0.000050,"[0.19,0.43,1.38]","[0.46,0.40,0.24]"
39340,2.7676,0.2779,0.0000,0.000050,"[0.19,0.43,1.38]","[0.45,0.40,0.24]"
39350,2.8517,0.2673,0.0000,0.000050,"[0.19,0.44,1.38]","[0.45,0.40,0.24]"
39360,2.5064,0.2728,0.0000,0.000050,"[0.20,0.42,1.38]","[0.47,0.41,0.24]"
39370,2.7303,0.2761,0.0000,0.000050,"[0.21,0.43,1.38]","[0.46,0.42,0.24]"
39380,2.8541,0.2763,0.0000,0.000050,"[0.20,0.43,1.38]","[0.46,0.42,0.24]"
39390,2.8526,0.2795,0.0000,0.000050,"[0.20,0.43,1.38]","[0.46,0.41,0.24]"
39400,2.7639,0.2749,0.0000,0.000050,"[0.21,0.42,1.37]","[0.46,0.41,0.24]"
39410,2.7383,0.2683,0.0000,0.000050,"[0.19,0.43,1.38]","[0.45,0.41,0.24]"
39420,2.7339,0.2707,0.0000,0.000050,"[0.20,0.42,1.38]","[0.45,0.40,0.24]"
39430,2.6298,0.2720,0.0000,0.000050,"[0.19,0.43,1.39]","[0.46,0.40,0.24]"
39440,2.7715,0.2750,0.0000,0.000050,"[0.20,0.43,1.39]","[0.46,0.40,0.24]"
39450,2.6675,0.2719,0.0000,0.000050,"[0.20,0.43,1.39]","[0.45,0.42,0.24]"
39460,2.3889,0.2718,0.0000,0.000050,"[0.20,0.42,1.38]","[0.45,0.40,0.24]"
39470,2.7133,0.2736,0.0000,0.000050,"[0.20,0.43,1.38]","[0.47,0.41,0.24]"
39480,2.6321,0.2715,0.0000,0.000050,"[0.19,0.42,1.38]","[0.46,0.41,0.24]"
39490,2.7598,0.2812,0.0000,0.000050,"[0.20,0.43,1.38]","[0.46,0.40,0.24]"
39500,2.4172,0.2806,0.0000,0.000050,"[0.20,0.43,1.38]","[0.45,0.40,0.24]"
39510,2.5871,0.2778,0.0000,0.000050,"[0.20,0.42,1.38]","[0.46,0.42,0.24]"
39520,2.5560,0.2737,0.0000,0.000050,"[0.20,0.42,1.38]","[0.47,0.42,0.24]"
39530,2.9456,0.2694,0.0000,0.000050,"[0.20,0.43,1.38]","[0.46,0.40,0.24]"
39540,2.6060,0.2645,0.0000,0.000050,"[0.21,0.43,1.38]","[0.46,0.41,0.24]"
39550,2.6246,0.2662,0.0000,0.000050,"[0.19,0.43,1.38]","[0.46,0.40,0.24]"
39560,2.4587,0.2629,0.0000,0.000050,"[0.21,0.41,1.38]","[0.45,0.41,0.24]"
39570,2.7022,0.2661,0.0000,0.000050,"[0.19,0.44,1.38]","[0.46,0.41,0.24]"
39580,2.5413,0.2702,0.0000,0.000050,"[0.20,0.43,1.38]","[0.46,0.41,0.24]"
39590,2.6962,0.2768,0.0000,0.000050,"[0.20,0.43,1.38]","[0.45,0.40,0.24]"
39600,2.4912,0.2852,0.0000,0.000050,"[0.21,0.42,1.37]","[0.47,0.42,0.24]"
39610,2.4695,0.2806,0.0000,0.000050,"[0.20,0.43,1.38]","[0.46,0.42,0.24]"
39620,2.7974,0.2727,0.0000,0.000050,"[0.20,0.44,1.38]","[0.45,0.41,0.24]"
39630,2.6399,0.2710,0.0000,0.000050,"[0.20,0.43,1.38]","[0.47,0.41,0.24]"
39640,2.7127,0.2742,0.0000,0.000050,"[0.19,0.43,1.38]","[0.45,0.39,0.24]"
39650,2.8381,0.2752,0.0000,0.000050,"[0.19,0.44,1.38]","[0.45,0.40,0.24]"
39660,2.7967,0.2708,0.0000,0.000050,"[0.19,0.43,1.38]","[0.45,0.40,0.24]"
39670,2.5751,0.2713,0.0000,0.000050,"[0.20,0.43,1.38]","[0.45,0.41,0.24]"
39680,2.7084,0.2798,0.0000,0.000050,"[0.19,0.43,1.38]","[0.46,0.39,0.24]"
39690,2.8151,0.2837,0.0000,0.000050,"[0.21,0.42,1.38]","[0.47,0.41,0.24]"
39700,2.7764,0.2790,0.0000,0.000050,"[0.21,0.43,1.38]","[0.47,0.40,0.24]"
39710,2.6871,0.2762,0.0000,0.000050,"[0.19,0.43,1.38]","[0.46,0.41,0.24]"
39720,2.5365,0.2739,0.0000,0.000050,"[0.20,0.42,1.38]","[0.47,0.41,0.24]"
39730,2.6694,0.2749,0.0000,0.000050,"[0.19,0.44,1.38]","[0.45,0.41,0.24]"
39740,2.9550,0.2767,0.0000,0.000050,"[0.19,0.43,1.38]","[0.45,0.43,0.24]"
39750,2.4333,0.2679,0.0000,0.000050,"[0.19,0.43,1.38]","[0.46,0.41,0.24]"
39760,2.7909,0.2728,0.0000,0.000050,"[0.19,0.43,1.38]","[0.46,0.40,0.24]"
39770,2.5323,0.2765,0.0000,0.000050,"[0.20,0.43,1.38]","[0.47,0.42,0.24]"
39780,2.7394,0.2796,0.0000,0.000050,"[0.20,0.42,1.38]","[0.46,0.41,0.24]"
39790,2.8327,0.2789,0.0000,0.000050,"[0.20,0.44,1.38]","[0.46,0.41,0.24]"
39800,2.5013,0.2858,0.0000,0.000050,"[0.20,0.42,1.37]","[0.46,0.41,0.24]"
39810,2.7353,0.2843,0.0000,0.000050,"[0.19,0.44,1.38]","[0.45,0.40,0.24]"
39820,2.7332,0.2716,0.0000,0.000050,"[0.20,0.43,1.38]","[0.46,0.41,0.24]"
39830,2.7035,0.2743,0.0000,0.000050,"[0.20,0.43,1.38]","[0.45,0.41,0.24]"
39840,2.7083,0.2821,0.0000,0.000050,"[0.19,0.44,1.38]","[0.44,0.40,0.24]"
39850,2.8996,0.2841,0.0000,0.000050,"[0.19,0.43,1.38]","[0.44,0.41,0.24]"
39860,2.9729,0.2784,0.0000,0.000050,"[0.19,0.44,1.39]","[0.45,0.41,0.24]"
39870,2.5288,0.2729,0.0000,0.000050,"[0.20,0.43,1.38]","[0.46,0.40,0.24]"
39880,2.5879,0.2732,0.0000,0.000050,"[0.19,0.43,1.39]","[0.45,0.40,0.24]"
39890,2.7925,0.2766,0.0000,0.000050,"[0.19,0.43,1.38]","[0.46,0.41,0.24]"
39900,2.8964,0.2812,0.0000,0.000050,"[0.19,0.43,1.38]","[0.45,0.40,0.24]"
39910,2.9738,0.2860,0.0000,0.000050,"[0.19,0.44,1.38]","[0.45,0.39,0.24]"
39920,2.8843,0.2780,0.0000,0.000050,"[0.19,0.44,1.39]","[0.45,0.43,0.24]"
39930,2.9546,0.2761,0.0000,0.000050,"[0.19,0.44,1.39]","[0.45,0.40,0.24]"
39940,2.7364,0.2769,0.0000,0.000050,"[0.20,0.43,1.38]","[0.46,0.41,0.24]"
39950,2.5450,0.2803,0.0000,0.000050,"[0.19,0.43,1.38]","[0.46,0.41,0.24]"
39960,2.6445,0.2798,0.0000,0.000050,"[0.19,0.43,1.38]","[0.44,0.40,0.24]"
39970,2.6551,0.2823,0.0000,0.000050,"[0.20,0.43,1.38]","[0.46,0.41,0.24]"
39980,2.8118,0.2844,0.0000,0.000050,"[0.19,0.43,1.38]","[0.46,0.41,0.24]"
39990,2.8557,0.2829,0.0000,0.000050,"[0.19,0.43,1.38]","[0.45,0.40,0.24]"
40000,2.6375,0.2819,0.0000,0.000050,"[0.19,0.43,1.38]","[0.44,0.41,0.24]"
40010,2.6925,0.2801,0.0000,0.000050,"[0.20,0.43,1.38]","[0.46,0.41,0.24]"
40020,2.7509,0.2812,0.0000,0.000050,"[0.19,0.44,1.38]","[0.46,0.40,0.24]"
40030,2.6479,0.2825,0.0000,0.000050,"[0.20,0.43,1.38]","[0.45,0.41,0.24]"
40040,2.6140,0.2754,0.0000,0.000050,"[0.20,0.43,1.38]","[0.45,0.41,0.24]"
40050,2.6603,0.2781,0.0000,0.000050,"[0.20,0.43,1.38]","[0.47,0.40,0.24]"
40060,2.8711,0.2802,0.0000,0.000050,"[0.19,0.44,1.39]","[0.44,0.39,0.24]"
40070,2.6955,0.2813,0.0000,0.000050,"[0.19,0.43,1.39]","[0.46,0.41,0.24]"
40080,2.6234,0.2809,0.0000,0.000050,"[0.20,0.42,1.39]","[0.45,0.41,0.24]"
40090,2.7906,0.2773,0.0000,0.000050,"[0.19,0.43,1.39]","[0.46,0.40,0.24]"
40100,2.9227,0.2816,0.0000,0.000050,"[0.19,0.44,1.39]","[0.46,0.40,0.24]"
40110,2.7899,0.2827,0.0000,0.000050,"[0.20,0.43,1.39]","[0.45,0.41,0.24]"
40120,2.8417,0.2838,0.0000,0.000050,"[0.19,0.44,1.38]","[0.43,0.40,0.24]"
40130,2.7335,0.2808,0.0000,0.000050,"[0.19,0.43,1.38]","[0.45,0.40,0.24]"
40140,2.9307,0.2788,0.0000,0.000050,"[0.18,0.44,1.38]","[0.44,0.39,0.24]"
40150,2.9312,0.2860,0.0000,0.000050,"[0.20,0.44,1.38]","[0.45,0.41,0.24]"
40160,2.6260,0.2815,0.0000,0.000050,"[0.20,0.43,1.38]","[0.46,0.39,0.24]"
40170,2.6921,0.2787,0.0000,0.000050,"[0.19,0.44,1.38]","[0.45,0.39,0.24]"
40180,2.5981,0.2765,0.0000,0.000050,"[0.20,0.43,1.38]","[0.46,0.40,0.24]"
40190,2.8768,0.2740,0.0000,0.000050,"[0.20,0.44,1.39]","[0.45,0.41,0.24]"
40200,2.7581,0.2787,0.0000,0.000050,"[0.20,0.44,1.38]","[0.45,0.40,0.24]"
40210,2.7579,0.2851,0.0000,0.000050,"[0.20,0.44,1.38]","[0.46,0.41,0.24]"
40220,2.6485,0.2814,0.0000,0.000050,"[0.20,0.43,1.38]","[0.45,0.39,0.24]"
40230,2.6129,0.2819,0.0000,0.000050,"[0.19,0.43,1.38]","[0.45,0.40,0.24]"
40240,2.9080,0.2874,0.0000,0.000050,"[0.19,0.43,1.39]","[0.45,0.40,0.24]"
40250,2.8344,0.2801,0.0000,0.000050,"[0.20,0.43,1.38]","[0.44,0.40,0.24]"
40260,2.5051,0.2805,0.0000,0.000050,"[0.20,0.42,1.38]","[0.46,0.40,0.24]"
40270,2.5734,0.2819,0.0000,0.000050,"[0.20,0.42,1.38]","[0.46,0.41,0.24]"
40280,2.8572,0.2821,0.0000,0.000050,"[0.19,0.44,1.38]","[0.44,0.41,0.24]"
40290,2.9318,0.2805,0.0000,0.000050,"[0.18,0.44,1.38]","[0.44,0.40,0.24]"
40300,2.6851,0.2817,0.0000,0.000050,"[0.19,0.44,1.38]","[0.45,0.41,0.24]"
40310,2.6307,0.2833,0.0000,0.000050,"[0.19,0.43,1.38]","[0.45,0.40,0.24]"
40320,2.8138,0.2819,0.0000,0.000050,"[0.20,0.42,1.38]","[0.47,0.41,0.24]"
40330,2.6540,0.2764,0.0000,0.000050,"[0.21,0.42,1.38]","[0.46,0.41,0.24]"
40340,2.7771,0.2781,0.0000,0.000050,"[0.19,0.43,1.38]","[0.46,0.41,0.24]"
40350,2.6689,0.2815,0.0000,0.000050,"[0.20,0.43,1.38]","[0.47,0.40,0.24]"
40360,2.6995,0.2800,0.0000,0.000050,"[0.19,0.43,1.38]","[0.45,0.41,0.24]"
40370,2.5773,0.2750,0.0000,0.000050,"[0.19,0.43,1.38]","[0.46,0.42,0.24]"
40380,2.7397,0.2759,0.0000,0.000050,"[0.20,0.43,1.38]","[0.46,0.41,0.24]"
40390,2.6981,0.2808,0.0000,0.000050,"[0.21,0.43,1.38]","[0.47,0.41,0.24]"
40400,2.7528,0.2851,0.0000,0.000050,"[0.20,0.44,1.38]","[0.44,0.41,0.24]"
40410,3.0743,0.2860,0.0000,0.000050,"[0.19,0.44,1.38]","[0.45,0.41,0.24]"
40420,2.6334,0.2811,0.0000,0.000050,"[0.19,0.43,1.38]","[0.45,0.40,0.24]"
40430,2.6815,0.2811,0.0000,0.000050,"[0.20,0.43,1.38]","[0.46,0.42,0.24]"
40440,2.6997,0.2797,0.0000,0.000050,"[0.21,0.43,1.38]","[0.46,0.43,0.24]"
40450,2.4845,0.2765,0.0000,0.000050,"[0.20,0.42,1.38]","[0.46,0.41,0.24]"
40460,2.7179,0.2794,0.0000,0.000050,"[0.20,0.43,1.38]","[0.45,0.41,0.24]"
40470,2.6945,0.2827,0.0000,0.000050,"[0.19,0.43,1.38]","[0.47,0.41,0.24]"
40480,2.5264,0.2832,0.0000,0.000050,"[0.20,0.43,1.38]","[0.47,0.42,0.24]"
40490,2.8548,0.2788,0.0000,0.000050,"[0.19,0.44,1.38]","[0.44,0.42,0.24]"
40500,2.7479,0.2802,0.0000,0.000050,"[0.20,0.43,1.38]","[0.46,0.41,0.24]"
40510,2.7654,0.2914,0.0000,0.000050,"[0.20,0.43,1.37]","[0.47,0.41,0.24]"
40520,2.6384,0.2917,0.0000,0.000050,"[0.21,0.43,1.37]","[0.47,0.41,0.24]"
40530,2.8850,0.2814,0.0000,0.000050,"[0.19,0.44,1.38]","[0.45,0.41,0.24]"
40540,2.5793,0.2855,0.0000,0.000050,"[0.21,0.42,1.37]","[0.46,0.41,0.24]"
40550,2.6604,0.2866,0.0000,0.000050,"[0.20,0.43,1.38]","[0.45,0.41,0.24]"
40560,2.6681,0.2735,0.0000,0.000050,"[0.20,0.43,1.38]","[0.45,0.42,0.24]"
40570,2.5804,0.2769,0.0000,0.000050,"[0.19,0.43,1.38]","[0.45,0.40,0.24]"
40580,2.7601,0.2796,0.0000,0.000050,"[0.19,0.44,1.38]","[0.45,0.40,0.24]"
40590,2.4593,0.2777,0.0000,0.000050,"[0.20,0.43,1.38]","[0.46,0.40,0.24]"
40600,2.3561,0.2820,0.0000,0.000050,"[0.20,0.42,1.38]","[0.47,0.41,0.24]"
40610,2.7204,0.2838,0.0000,0.000050,"[0.20,0.43,1.38]","[0.46,0.41,0.24]"
40620,2.4215,0.2809,0.0000,0.000050,"[0.20,0.43,1.38]","[0.46,0.42,0.24]"
40630,2.8077,0.2832,0.0000,0.000050,"[0.20,0.44,1.38]","[0.45,0.41,0.24]"
40640,2.7808,0.2872,0.0000,0.000050,"[0.19,0.44,1.38]","[0.44,0.41,0.24]"
40650,2.6337,0.2850,0.0000,0.000050,"[0.20,0.43,1.38]","[0.46,0.41,0.24]"
40660,2.7090,0.2867,0.0000,0.000050,"[0.21,0.42,1.38]","[0.46,0.41,0.24]"
40670,2.5182,0.2842,0.0000,0.000050,"[0.19,0.42,1.38]","[0.46,0.41,0.24]"
40680,2.8132,0.2759,0.0000,0.000050,"[0.19,0.43,1.38]","[0.45,0.41,0.24]"
40690,2.5073,0.2720,0.0000,0.000050,"[0.21,0.42,1.38]","[0.45,0.41,0.24]"
40700,2.8552,0.2841,0.0000,0.000050,"[0.19,0.44,1.38]","[0.44,0.40,0.24]"
40710,2.7648,0.2917,0.0000,0.000050,"[0.19,0.44,1.38]","[0.45,0.39,0.24]"
40720,2.7662,0.2875,0.0000,0.000050,"[0.20,0.43,1.38]","[0.46,0.41,0.24]"
40730,2.5884,0.2775,0.0000,0.000050,"[0.20,0.44,1.38]","[0.46,0.42,0.24]"
40740,2.7316,0.2838,0.0000,0.000050,"[0.19,0.44,1.38]","[0.45,0.41,0.24]"
40750,2.7253,0.2888,0.0000,0.000050,"[0.20,0.43,1.38]","[0.46,0.41,0.24]"
40760,2.8032,0.3003,0.0000,0.000050,"[0.19,0.44,1.38]","[0.45,0.40,0.24]"
40770,2.4497,0.3040,0.0000,0.000050,"[0.20,0.42,1.37]","[0.46,0.42,0.24]"
40780,2.6838,0.2930,0.0000,0.000050,"[0.20,0.43,1.38]","[0.45,0.40,0.24]"
40790,2.7131,0.2899,0.0000,0.000050,"[0.20,0.43,1.38]","[0.46,0.41,0.24]"
40800,2.6612,0.2967,0.0000,0.000050,"[0.20,0.43,1.38]","[0.45,0.40,0.24]"
40810,2.9187,0.2934,0.0000,0.000050,"[0.19,0.44,1.38]","[0.43,0.38,0.24]"
40820,2.5270,0.2830,0.0000,0.000050,"[0.19,0.43,1.38]","[0.45,0.39,0.24]"
40830,2.8234,0.2818,0.0000,0.000050,"[0.20,0.43,1.38]","[0.45,0.40,0.24]"
40840,2.6499,0.2845,0.0000,0.000050,"[0.20,0.43,1.38]","[0.46,0.40,0.24]"
40850,2.8108,0.2917,0.0000,0.000050,"[0.21,0.43,1.38]","[0.46,0.41,0.24]"
40860,2.5831,0.2851,0.0000,0.000050,"[0.19,0.43,1.38]","[0.45,0.40,0.24]"
40870,2.6055,0.2825,0.0000,0.000050,"[0.20,0.43,1.38]","[0.45,0.40,0.24]"
40880,2.5348,0.2824,0.0000,0.000050,"[0.20,0.42,1.38]","[0.46,0.41,0.24]"
40890,2.9299,0.2877,0.0000,0.000050,"[0.19,0.43,1.39]","[0.46,0.41,0.24]"
40900,2.7146,0.2916,0.0000,0.000050,"[0.20,0.44,1.38]","[0.46,0.41,0.24]"
40910,2.7578,0.2932,0.0000,0.000050,"[0.19,0.44,1.38]","[0.45,0.41,0.24]"
40920,2.9364,0.2908,0.0000,0.000050,"[0.19,0.44,1.39]","[0.45,0.41,0.24]"
40930,2.8453,0.2976,0.0000,0.000050,"[0.19,0.43,1.38]","[0.45,0.41,0.24]"
40940,2.8075,0.2857,0.0000,0.000050,"[0.19,0.43,1.38]","[0.44,0.39,0.24]"
40950,2.7289,0.2888,0.0000,0.000050,"[0.20,0.43,1.38]","[0.46,0.41,0.24]"
40960,2.8535,0.2941,0.0000,0.000050,"[0.19,0.44,1.39]","[0.44,0.41,0.24]"
40970,2.7138,0.2886,0.0000,0.000050,"[0.21,0.43,1.39]","[0.46,0.43,0.24]"
40980,2.5738,0.2850,0.0000,0.000050,"[0.20,0.43,1.39]","[0.45,0.42,0.24]"
40990,2.6965,0.2805,0.0000,0.000050,"[0.20,0.43,1.38]","[0.46,0.40,0.24]"
41000,2.7807,0.2800,0.0000,0.000050,"[0.20,0.44,1.39]","[0.45,0.41,0.24]"
41610,2.5065,0.3062,0.0000,0.000209,"[0.20,0.42,1.37]","[0.47,0.42,0.24]"
41620,2.7943,0.2785,0.0000,0.000209,"[0.20,0.43,1.39]","[0.45,0.39,0.24]"
41630,2.7910,0.2900,0.0000,0.000209,"[0.19,0.43,1.39]","[0.45,0.40,0.24]"
41640,2.6927,0.2931,0.0000,0.000209,"[0.20,0.43,1.38]","[0.46,0.41,0.24]"
41650,2.6964,0.2574,0.0000,0.000209,"[0.20,0.43,1.39]","[0.46,0.40,0.24]"
41660,2.6943,0.2878,0.0000,0.000208,"[0.19,0.43,1.37]","[0.45,0.41,0.24]"
41670,2.7271,0.2836,0.0000,0.000208,"[0.20,0.42,1.37]","[0.46,0.41,0.24]"
41680,2.8208,0.2815,0.0000,0.000208,"[0.19,0.43,1.36]","[0.44,0.39,0.24]"
41690,2.6630,0.2906,0.0000,0.000208,"[0.20,0.43,1.36]","[0.46,0.40,0.24]"
41700,2.6892,0.3662,0.0000,0.000208,"[0.20,0.43,1.38]","[0.46,0.41,0.24]"
41710,2.4685,0.4299,0.0001,0.000208,"[0.20,0.42,1.39]","[0.46,0.42,0.24]"
41720,2.8196,0.3634,0.0001,0.000208,"[0.19,0.44,1.42]","[0.46,0.40,0.24]"
41730,2.8094,0.3420,0.0000,0.000208,"[0.19,0.42,1.40]","[0.46,0.40,0.24]"
41740,2.6611,0.3290,0.0000,0.000208,"[0.19,0.43,1.39]","[0.46,0.39,0.24]"
41750,2.9875,0.3198,0.0000,0.000208,"[0.19,0.43,1.38]","[0.44,0.41,0.24]"
41760,2.7301,0.3271,0.0000,0.000208,"[0.19,0.44,1.37]","[0.45,0.42,0.24]"
41770,3.0293,0.3249,0.0000,0.000208,"[0.19,0.43,1.38]","[0.45,0.42,0.24]"
41780,2.8270,0.3380,0.0000,0.000208,"[0.19,0.43,1.39]","[0.44,0.40,0.24]"
41790,2.9370,0.3272,0.0000,0.000208,"[0.19,0.44,1.39]","[0.45,0.39,0.24]"
41800,2.9433,0.3101,0.0000,0.000208,"[0.19,0.44,1.38]","[0.45,0.41,0.24]"
41810,2.7449,0.3104,0.0000,0.000208,"[0.19,0.43,1.38]","[0.45,0.40,0.24]"
41820,2.6875,0.3222,0.0000,0.000208,"[0.19,0.44,1.38]","[0.45,0.40,0.24]"
41830,3.1025,0.3217,0.0000,0.000208,"[0.19,0.44,1.38]","[0.46,0.41,0.24]"
41840,2.6078,0.3212,0.0000,0.000208,"[0.18,0.43,1.39]","[0.44,0.41,0.24]"
41850,2.9284,0.3224,0.0000,0.000208,"[0.19,0.43,1.39]","[0.45,0.39,0.24]"
41860,2.8811,0.3174,0.0000,0.000208,"[0.19,0.44,1.39]","[0.44,0.41,0.24]"
41870,2.6395,0.3174,0.0000,0.000208,"[0.19,0.41,1.38]","[0.45,0.40,0.24]"
41880,2.7966,0.3073,0.0000,0.000208,"[0.21,0.42,1.38]","[0.47,0.42,0.24]"
41890,2.7653,0.3138,0.0000,0.000208,"[0.18,0.45,1.38]","[0.45,0.40,0.24]"
41900,2.7125,0.3103,0.0000,0.000208,"[0.19,0.44,1.38]","[0.46,0.40,0.24]"
41910,3.0002,0.3235,0.0000,0.000208,"[0.19,0.44,1.39]","[0.46,0.41,0.24]"
41920,2.8585,0.3120,0.0000,0.000208,"[0.20,0.43,1.38]","[0.46,0.41,0.24]"
41930,2.7042,0.3109,0.0000,0.000207,"[0.19,0.44,1.38]","[0.45,0.42,0.24]"
41940,2.8466,0.3150,0.0000,0.000207,"[0.19,0.43,1.38]","[0.46,0.41,0.24]"
41950,2.8491,0.3217,0.0000,0.000207,"[0.18,0.44,1.39]","[0.44,0.41,0.24]"
41960,2.6859,0.3202,0.0000,0.000207,"[0.20,0.44,1.38]","[0.46,0.40,0.24]"
41970,2.7740,0.3265,0.0000,0.000207,"[0.18,0.44,1.38]","[0.46,0.39,0.24]"
41980,2.8697,0.3158,0.0000,0.000207,"[0.19,0.44,1.39]","[0.45,0.40,0.24]"
41990,2.7382,0.3290,0.0000,0.000207,"[0.20,0.43,1.39]","[0.47,0.41,0.24]"
42000,2.4466,0.3231,0.0000,0.000207,"[0.21,0.42,1.38]","[0.47,0.41,0.24]"
42010,2.5171,0.3194,0.0000,0.000207,"[0.21,0.42,1.38]","[0.47,0.41,0.24]"
42020,2.8200,0.3371,0.0000,0.000207,"[0.20,0.43,1.38]","[0.46,0.42,0.24]"
42030,2.9058,0.3279,0.0000,0.000207,"[0.18,0.44,1.39]","[0.45,0.39,0.24]"
42040,2.8605,0.3220,0.0000,0.000207,"[0.19,0.44,1.38]","[0.46,0.39,0.24]"
42050,2.9327,0.3242,0.0000,0.000207,"[0.19,0.44,1.38]","[0.46,0.42,0.24]"
42060,3.0692,0.3217,0.0000,0.000207,"[0.18,0.45,1.38]","[0.44,0.40,0.24]"
42070,2.4889,0.3282,0.0000,0.000207,"[0.20,0.43,1.38]","[0.46,0.41,0.24]"
42080,2.8877,0.3063,0.0000,0.000207,"[0.19,0.44,1.38]","[0.46,0.40,0.24]"
42090,2.5638,0.2996,0.0000,0.000207,"[0.20,0.42,1.37]","[0.46,0.41,0.24]"
42100,2.6842,0.3131,0.0000,0.000207,"[0.19,0.44,1.38]","[0.46,0.41,0.24]"
42110,2.6695,0.3210,0.0000,0.000207,"[0.20,0.42,1.39]","[0.46,0.41,0.24]"
42120,2.8122,0.3182,0.0000,0.000207,"[0.19,0.44,1.38]","[0.45,0.41,0.24]"
42130,2.7519,0.3187,0.0000,0.000207,"[0.19,0.43,1.38]","[0.46,0.41,0.24]"
42140,3.0263,0.3271,0.0000,0.000207,"[0.19,0.44,1.38]","[0.44,0.40,0.24]"
42150,2.9630,0.3315,0.0000,0.000207,"[0.19,0.44,1.38]","[0.46,0.41,0.24]"
42160,2.6832,0.3289,0.0000,0.000207,"[0.19,0.43,1.38]","[0.46,0.41,0.24]"
42170,2.7900,0.3285,0.0000,0.000207,"[0.19,0.44,1.38]","[0.48,0.41,0.24]"
42180,2.8962,0.3215,0.0000,0.000207,"[0.20,0.43,1.37]","[0.45,0.39,0.24]"
42190,2.5732,0.3448,0.0000,0.000206,"[0.19,0.43,1.38]","[0.44,0.40,0.24]"
42200,2.7251,0.3205,0.0000,0.000206,"[0.18,0.44,1.38]","[0.44,0.39,0.24]"
42210,2.7905,0.3187,0.0000,0.000206,"[0.19,0.44,1.38]","[0.46,0.41,0.24]"
42220,2.8623,0.3216,0.0000,0.000206,"[0.19,0.45,1.38]","[0.45,0.39,0.24]"
42230,2.7079,0.3239,0.0000,0.000206,"[0.20,0.43,1.38]","[0.46,0.40,0.24]"
42240,2.6463,0.3285,0.0000,0.000206,"[0.20,0.44,1.38]","[0.46,0.41,0.24]"
42250,2.6632,0.3255,0.0000,0.000206,"[0.19,0.44,1.39]","[0.45,0.39,0.24]"
42260,2.8229,0.3239,0.0000,0.000206,"[0.20,0.44,1.39]","[0.45,0.42,0.24]"
42270,2.9018,0.3199,0.0000,0.000206,"[0.18,0.44,1.39]","[0.44,0.40,0.24]"
42280,2.5432,0.3221,0.0000,0.000206,"[0.21,0.43,1.39]","[0.46,0.41,0.24]"
42290,2.6886,0.3251,0.0000,0.000206,"[0.20,0.44,1.38]","[0.45,0.41,0.24]"
42300,2.6129,0.3206,0.0000,0.000206,"[0.20,0.43,1.39]","[0.46,0.40,0.24]"
42310,2.8356,0.3161,0.0000,0.000206,"[0.19,0.45,1.38]","[0.45,0.40,0.24]"
42320,2.5477,0.3186,0.0000,0.000206,"[0.20,0.44,1.39]","[0.46,0.38,0.24]"
42330,2.8537,0.3218,0.0000,0.000206,"[0.19,0.44,1.39]","[0.44,0.41,0.24]"
42340,2.9591,0.3232,0.0000,0.000206,"[0.18,0.45,1.38]","[0.44,0.39,0.24]"
42350,2.7485,0.3228,0.0000,0.000206,"[0.19,0.45,1.39]","[0.45,0.39,0.24]"
42360,2.7387,0.3263,0.0000,0.000206,"[0.19,0.45,1.38]","[0.45,0.38,0.24]"
42370,2.6103,0.3195,0.0000,0.000206,"[0.20,0.44,1.39]","[0.46,0.42,0.24]"
42380,2.6178,0.3164,0.0000,0.000206,"[0.20,0.43,1.38]","[0.45,0.42,0.24]"
42390,2.8141,0.3007,0.0000,0.000206,"[0.19,0.46,1.38]","[0.44,0.40,0.24]"
42400,2.8797,0.3172,0.0000,0.000206,"[0.19,0.45,1.39]","[0.44,0.41,0.24]"
42410,2.6846,0.3160,0.0000,0.000206,"[0.20,0.44,1.39]","[0.45,0.41,0.24]"
42420,2.6391,0.3071,0.0000,0.000206,"[0.20,0.44,1.39]","[0.45,0.42,0.24]"
42430,2.8837,0.3144,0.0000,0.000206,"[0.20,0.44,1.38]","[0.45,0.39,0.24]"
42440,2.6434,0.3142,0.0000,0.000206,"[0.19,0.44,1.39]","[0.46,0.41,0.24]"
42450,2.6468,0.3164,0.0000,0.000205,"[0.21,0.43,1.39]","[0.46,0.41,0.24]"
42460,2.7306,0.3191,0.0000,0.000205,"[0.20,0.44,1.38]","[0.45,0.41,0.24]"
42470,2.7683,0.3135,0.0000,0.000205,"[0.20,0.44,1.39]","[0.45,0.42,0.24]"
42480,2.7991,0.3136,0.0000,0.000205,"[0.20,0.44,1.38]","[0.44,0.40,0.24]"
42490,2.9340,0.3112,0.0000,0.000205,"[0.20,0.45,1.39]","[0.46,0.41,0.24]"
42500,2.7800,0.3127,0.0000,0.000205,"[0.20,0.43,1.38]","[0.46,0.41,0.24]"
42510,2.9256,0.3186,0.0000,0.000205,"[0.19,0.45,1.38]","[0.44,0.41,0.24]"
42520,2.8770,0.3208,0.0000,0.000205,"[0.19,0.44,1.38]","[0.44,0.42,0.24]"
42530,2.7765,0.3159,0.0000,0.000205,"[0.20,0.44,1.38]","[0.47,0.43,0.24]"
42540,2.7133,0.3017,0.0000,0.000205,"[0.19,0.45,1.39]","[0.45,0.40,0.24]"
42550,3.0164,0.3099,0.0000,0.000205,"[0.20,0.45,1.38]","[0.45,0.42,0.24]"
42560,2.7380,0.3146,0.0000,0.000205,"[0.20,0.44,1.39]","[0.46,0.39,0.24]"
42570,2.8643,0.3175,0.0000,0.000205,"[0.19,0.45,1.39]","[0.45,0.41,0.24]"
42580,2.6698,0.3226,0.0000,0.000205,"[0.21,0.45,1.38]","[0.47,0.41,0.24]"
42590,2.5636,0.3325,0.0000,0.000205,"[0.20,0.44,1.39]","[0.45,0.42,0.24]"
42600,2.8356,0.3203,0.0000,0.000205,"[0.20,0.45,1.38]","[0.46,0.41,0.24]"
42610,2.7243,0.3183,0.0000,0.000205,"[0.20,0.46,1.38]","[0.46,0.41,0.24]"
42620,2.8361,0.3160,0.0000,0.000205,"[0.20,0.45,1.38]","[0.46,0.41,0.24]"
42630,2.9297,0.3097,0.0000,0.000205,"[0.19,0.45,1.38]","[0.44,0.41,0.24]"
42640,2.6360,0.3120,0.0000,0.000205,"[0.19,0.45,1.39]","[0.45,0.39,0.24]"
42650,2.7997,0.3071,0.0000,0.000205,"[0.19,0.45,1.39]","[0.45,0.41,0.24]"
42660,2.6347,0.3165,0.0000,0.000205,"[0.20,0.44,1.39]","[0.45,0.40,0.24]"
42670,2.8487,0.3156,0.0000,0.000205,"[0.20,0.45,1.38]","[0.47,0.40,0.24]"
42680,2.7601,0.3133,0.0000,0.000205,"[0.20,0.44,1.38]","[0.45,0.41,0.24]"
42690,3.0041,0.3225,0.0000,0.000205,"[0.19,0.45,1.39]","[0.45,0.41,0.24]"
42700,2.6017,0.3170,0.0000,0.000205,"[0.20,0.45,1.38]","[0.45,0.41,0.24]"
42710,2.6297,0.3100,0.0000,0.000204,"[0.19,0.45,1.39]","[0.44,0.40,0.24]"
42720,2.7574,0.3122,0.0000,0.000204,"[0.19,0.44,1.39]","[0.45,0.42,0.24]"
42730,2.6920,0.3143,0.0000,0.000204,"[0.20,0.44,1.38]","[0.46,0.40,0.24]"
42740,2.4083,0.3152,0.0000,0.000204,"[0.21,0.44,1.38]","[0.45,0.41,0.24]"
42750,2.8207,0.2987,0.0000,0.000204,"[0.20,0.45,1.39]","[0.45,0.41,0.24]"
42760,2.6204,0.3050,0.0000,0.000204,"[0.19,0.45,1.39]","[0.45,0.40,0.24]"
42770,2.7198,0.3091,0.0000,0.000204,"[0.21,0.44,1.39]","[0.47,0.41,0.24]"
42780,2.6368,0.3128,0.0000,0.000204,"[0.20,0.44,1.39]","[0.47,0.41,0.24]"
42790,2.9555,0.3234,0.0000,0.000204,"[0.19,0.46,1.39]","[0.45,0.39,0.24]"
42800,2.6658,0.3097,0.0000,0.000204,"[0.21,0.46,1.39]","[0.46,0.41,0.24]"
42810,2.8862,0.3158,0.0000,0.000204,"[0.20,0.45,1.40]","[0.47,0.41,0.24]"
42820,2.8404,0.3163,0.0000,0.000204,"[0.20,0.45,1.39]","[0.45,0.40,0.24]"
42830,2.7577,0.3103,0.0000,0.000204,"[0.21,0.44,1.39]","[0.47,0.41,0.24]"
42840,2.8962,0.3113,0.0000,0.000204,"[0.19,0.45,1.39]","[0.44,0.39,0.24]"
42850,2.8056,0.3167,0.0000,0.000204,"[0.20,0.44,1.39]","[0.45,0.41,0.24]"
42860,3.1889,0.3270,0.0000,0.000204,"[0.18,0.45,1.40]","[0.44,0.40,0.24]"
42870,2.8675,0.3153,0.0000,0.000204,"[0.19,0.45,1.39]","[0.46,0.40,0.24]"
42880,2.6657,0.3161,0.0000,0.000204,"[0.20,0.45,1.39]","[0.45,0.41,0.24]"
42890,2.7381,0.3216,0.0000,0.000204,"[0.20,0.45,1.39]","[0.46,0.41,0.24]"
42900,2.5892,0.3091,0.0000,0.000204,"[0.22,0.44,1.39]","[0.47,0.40,0.24]"
42910,2.6592,0.3179,0.0000,0.000204,"[0.20,0.44,1.38]","[0.45,0.40,0.24]"
42920,2.6957,0.3221,0.0000,0.000204,"[0.20,0.44,1.38]","[0.44,0.40,0.24]"
42930,2.9207,0.3200,0.0000,0.000204,"[0.20,0.45,1.39]","[0.46,0.41,0.24]"
42940,2.8285,0.3213,0.0000,0.000204,"[0.20,0.45,1.38]","[0.46,0.40,0.24]"
42950,2.5125,0.3244,0.0000,0.000204,"[0.21,0.45,1.38]","[0.47,0.41,0.24]"
42960,2.8528,0.3351,0.0000,0.000204,"[0.21,0.44,1.39]","[0.46,0.41,0.24]"
42970,2.8277,0.3350,0.0000,0.000203,"[0.19,0.46,1.38]","[0.46,0.40,0.24]"
42980,2.7529,0.3237,0.0000,0.000203,"[0.19,0.46,1.39]","[0.44,0.42,0.24]"
42990,2.7804,0.3166,0.0000,0.000203,"[0.20,0.46,1.40]","[0.46,0.41,0.24]"
43000,2.6452,0.3138,0.0000,0.000203,"[0.21,0.45,1.39]","[0.46,0.41,0.24]"
43010,2.7874,0.3222,0.0000,0.000203,"[0.20,0.45,1.39]","[0.46,0.42,0.24]"
43020,2.7349,0.3228,0.0000,0.000203,"[0.18,0.47,1.39]","[0.45,0.40,0.24]"
43030,3.0041,0.3211,0.0000,0.000203,"[0.19,0.46,1.40]","[0.44,0.40,0.24]"
43040,2.9197,0.3204,0.0000,0.000203,"[0.19,0.46,1.39]","[0.46,0.40,0.24]"
43050,2.7407,0.3185,0.0000,0.000203,"[0.21,0.45,1.39]","[0.45,0.42,0.24]"
43060,2.8923,0.3259,0.0000,0.000203,"[0.19,0.46,1.40]","[0.45,0.41,0.24]"
43070,2.7243,0.3168,0.0000,0.000203,"[0.20,0.45,1.39]","[0.46,0.42,0.24]"
43080,2.5895,0.3193,0.0000,0.000203,"[0.21,0.44,1.38]","[0.46,0.41,0.24]"
43090,2.7774,0.3100,0.0000,0.000203,"[0.20,0.46,1.39]","[0.46,0.42,0.24]"
43100,2.6725,0.3109,0.0000,0.000203,"[0.20,0.46,1.38]","[0.45,0.41,0.24]"
43110,2.6034,0.3142,0.0000,0.000203,"[0.21,0.45,1.39]","[0.45,0.42,0.24]"
43120,2.7064,0.3154,0.0000,0.000203,"[0.20,0.45,1.38]","[0.46,0.43,0.24]"
43130,3.0775,0.3198,0.0000,0.000203,"[0.19,0.46,1.39]","[0.45,0.40,0.24]"
43140,2.6891,0.3248,0.0000,0.000203,"[0.20,0.45,1.39]","[0.45,0.43,0.24]"
43150,2.8413,0.3230,0.0000,0.000203,"[0.20,0.46,1.39]","[0.46,0.41,0.24]"
43160,2.9014,0.3211,0.0000,0.000203,"[0.20,0.46,1.39]","[0.44,0.40,0.24]"
43170,2.9253,0.3218,0.0000,0.000203,"[0.19,0.47,1.39]","[0.45,0.41,0.24]"
43180,2.8069,0.3146,0.0000,0.000203,"[0.21,0.45,1.38]","[0.45,0.42,0.24]"
43190,2.7112,0.3194,0.0000,0.000203,"[0.20,0.46,1.39]","[0.45,0.40,0.24]"
43200,2.7307,0.3242,0.0000,0.000203,"[0.21,0.45,1.39]","[0.47,0.43,0.24]"
43210,2.8425,0.3267,0.0000,0.000203,"[0.20,0.45,1.39]","[0.44,0.41,0.24]"
43220,2.3935,0.3317,0.0000,0.000203,"[0.19,0.45,1.39]","[0.46,0.41,0.24]"
43230,2.7945,0.3251,0.0000,0.000202,"[0.20,0.45,1.39]","[0.45,0.42,0.24]"
43240,2.4133,0.3175,0.0000,0.000202,"[0.19,0.45,1.39]","[0.45,0.39,0.24]"
43250,2.7531,0.3232,0.0000,0.000202,"[0.19,0.47,1.40]","[0.46,0.40,0.24]"
43260,2.6696,0.3317,0.0000,0.000202,"[0.20,0.44,1.39]","[0.45,0.40,0.24]"
43270,2.6938,0.3202,0.0000,0.000202,"[0.20,0.46,1.39]","[0.45,0.40,0.24]"
43280,2.7554,0.3229,0.0000,0.000202,"[0.20,0.44,1.38]","[0.45,0.42,0.24]"
43290,2.7456,0.3326,0.0000,0.000202,"[0.20,0.46,1.39]","[0.44,0.40,0.24]"
43300,2.6548,0.3217,0.0000,0.000202,"[0.20,0.46,1.38]","[0.45,0.39,0.24]"
43310,2.9003,0.3280,0.0000,0.000202,"[0.19,0.46,1.39]","[0.43,0.40,0.24]"
43320,2.6496,0.3229,0.0000,0.000202,"[0.20,0.47,1.39]","[0.45,0.40,0.24]"
43330,2.7096,0.3193,0.0000,0.000202,"[0.20,0.45,1.38]","[0.46,0.40,0.24]"
43340,2.8522,0.3186,0.0000,0.000202,"[0.20,0.46,1.39]","[0.45,0.40,0.24]"
43350,2.6747,0.3214,0.0000,0.000202,"[0.21,0.46,1.39]","[0.46,0.42,0.24]"
43360,2.6808,0.3201,0.0000,0.000202,"[0.20,0.46,1.39]","[0.45,0.40,0.24]"
43370,2.7850,0.3305,0.0000,0.000202,"[0.20,0.45,1.39]","[0.44,0.41,0.24]"
43380,2.8494,0.3336,0.0000,0.000202,"[0.19,0.46,1.39]","[0.45,0.41,0.24]"
43390,2.7349,0.3245,0.0000,0.000202,"[0.20,0.46,1.40]","[0.45,0.41,0.24]"
43400,2.8424,0.3172,0.0000,0.000202,"[0.19,0.47,1.40]","[0.44,0.40,0.24]"
43410,2.8773,0.3362,0.0000,0.000202,"[0.20,0.45,1.39]","[0.45,0.43,0.24]"
43420,2.7198,0.3215,0.0000,0.000202,"[0.21,0.45,1.39]","[0.45,0.41,0.24]"
43430,2.6780,0.3270,0.0000,0.000202,"[0.21,0.45,1.39]","[0.47,0.42,0.24]"
43440,2.9594,0.3283,0.0000,0.000202,"[0.19,0.47,1.40]","[0.45,0.40,0.24]"
43450,2.8217,0.3293,0.0000,0.000202,"[0.20,0.47,1.39]","[0.44,0.40,0.24]"
43460,2.8148,0.3240,0.0000,0.000202,"[0.20,0.45,1.39]","[0.45,0.41,0.24]"
43470,2.7900,0.3257,0.0000,0.000202,"[0.20,0.47,1.40]","[0.43,0.42,0.24]"
43480,2.9006,0.3279,0.0000,0.000202,"[0.19,0.47,1.40]","[0.44,0.40,0.24]"
43490,2.8070,0.3262,0.0000,0.000201,"[0.20,0.46,1.40]","[0.45,0.42,0.24]"
43500,2.4721,0.3154,0.0000,0.000201,"[0.20,0.45,1.39]","[0.46,0.40,0.24]"
43510,2.5892,0.3233,0.0000,0.000201,"[0.20,0.46,1.40]","[0.44,0.39,0.24]"
43520,2.6127,0.3261,0.0000,0.000201,"[0.20,0.46,1.40]","[0.45,0.41,0.24]"
43530,2.8413,0.3150,0.0000,0.000201,"[0.21,0.47,1.39]","[0.45,0.40,0.24]"
43540,2.5558,0.3260,0.0000,0.000201,"[0.21,0.46,1.39]","[0.46,0.41,0.24]"
43550,2.6887,0.3298,0.0000,0.000201,"[0.21,0.46,1.39]","[0.45,0.41,0.24]"
43560,2.7110,0.3232,0.0000,0.000201,"[0.19,0.47,1.40]","[0.45,0.39,0.24]"
43570,2.7306,0.3193,0.0000,0.000201,"[0.20,0.46,1.40]","[0.46,0.41,0.24]"
43580,2.7637,0.3284,0.0000,0.000201,"[0.20,0.45,1.39]","[0.45,0.41,0.24]"
43590,2.5577,0.3269,0.0000,0.000201,"[0.20,0.46,1.40]","[0.46,0.42,0.24]"
43600,2.8380,0.3239,0.0000,0.000201,"[0.21,0.46,1.40]","[0.46,0.40,0.24]"
43610,2.6087,0.3187,0.0000,0.000201,"[0.20,0.45,1.39]","[0.44,0.41,0.24]"
43620,2.7535,0.3272,0.0000,0.000201,"[0.20,0.47,1.39]","[0.45,0.39,0.24]"
43630,2.6961,0.3296,0.0000,0.000201,"[0.21,0.47,1.38]","[0.47,0.40,0.24]"
43640,2.6020,0.3308,0.0000,0.000201,"[0.21,0.47,1.39]","[0.45,0.41,0.24]"
43650,2.7068,0.3246,0.0000,0.000201,"[0.20,0.46,1.40]","[0.45,0.42,0.24]"
43660,2.8964,0.3171,0.0000,0.000201,"[0.19,0.47,1.40]","[0.45,0.40,0.24]"
43670,2.5150,0.3154,0.0000,0.000201,"[0.21,0.47,1.39]","[0.45,0.40,0.24]"
43680,2.5854,0.3083,0.0000,0.000201,"[0.21,0.46,1.39]","[0.46,0.41,0.24]"
43690,2.7736,0.3299,0.0000,0.000201,"[0.21,0.46,1.39]","[0.47,0.42,0.24]"
43700,2.7431,0.3347,0.0000,0.000201,"[0.19,0.47,1.39]","[0.45,0.40,0.24]"
43710,2.6115,0.3221,0.0000,0.000201,"[0.20,0.46,1.39]","[0.45,0.41,0.24]"
43720,2.7930,0.3268,0.0000,0.000201,"[0.20,0.47,1.40]","[0.44,0.40,0.24]"
43730,2.6578,0.3293,0.0000,0.000201,"[0.20,0.47,1.39]","[0.45,0.40,0.24]"
43740,2.8450,0.3345,0.0000,0.000201,"[0.20,0.47,1.40]","[0.45,0.40,0.24]"
43750,2.9511,0.3329,0.0000,0.000200,"[0.20,0.47,1.40]","[0.46,0.41,0.24]"
43760,2.5282,0.3326,0.0000,0.000200,"[0.20,0.46,1.39]","[0.45,0.41,0.24]"
43770,2.5107,0.3228,0.0000,0.000200,"[0.21,0.47,1.39]","[0.45,0.40,0.24]"
43780,2.7071,0.3364,0.0000,0.000200,"[0.20,0.47,1.39]","[0.44,0.41,0.24]"
43790,2.7708,0.3333,0.0000,0.000200,"[0.21,0.46,1.39]","[0.45,0.42,0.24]"
43800,2.5444,0.3348,0.0000,0.000200,"[0.20,0.46,1.39]","[0.44,0.41,0.24]"
43810,2.6809,0.3246,0.0000,0.000200,"[0.21,0.47,1.40]","[0.46,0.42,0.24]"
43820,2.7823,0.3265,0.0000,0.000200,"[0.20,0.47,1.39]","[0.46,0.39,0.24]"
43830,2.7971,0.3320,0.0000,0.000200,"[0.20,0.46,1.39]","[0.44,0.41,0.24]"
43840,2.8509,0.3522,0.0000,0.000200,"[0.19,0.45,1.39]","[0.43,0.39,0.24]"
43850,2.8024,0.3443,0.0000,0.000200,"[0.20,0.47,1.40]","[0.44,0.41,0.24]"
43860,2.5025,0.3410,0.0000,0.000200,"[0.22,0.45,1.38]","[0.46,0.42,0.24]"
43870,2.9033,0.3375,0.0000,0.000200,"[0.20,0.47,1.39]","[0.46,0.41,0.24]"
43880,2.7718,0.3380,0.0000,0.000200,"[0.20,0.46,1.40]","[0.46,0.40,0.24]"
43890,2.8406,0.3292,0.0000,0.000200,"[0.19,0.47,1.40]","[0.44,0.40,0.24]"
43900,2.8375,0.3354,0.0000,0.000200,"[0.20,0.47,1.39]","[0.45,0.40,0.24]"
43910,2.9204,0.3433,0.0000,0.000200,"[0.20,0.48,1.40]","[0.45,0.42,0.24]"
43920,2.6058,0.3355,0.0000,0.000200,"[0.21,0.47,1.39]","[0.46,0.40,0.24]"
43930,2.6317,0.3311,0.0000,0.000200,"[0.20,0.46,1.40]","[0.46,0.40,0.24]"
43940,2.5560,0.3340,0.0000,0.000200,"[0.21,0.46,1.39]","[0.46,0.41,0.24]"
43950,2.6157,0.3372,0.0000,0.000200,"[0.19,0.47,1.39]","[0.45,0.41,0.24]"
43960,2.4798,0.3329,0.0000,0.000200,"[0.20,0.45,1.39]","[0.45,0.40,0.24]"
43970,3.0146,0.3480,0.0000,0.000200,"[0.20,0.46,1.39]","[0.45,0.40,0.24]"
43980,2.9142,0.3388,0.0000,0.000200,"[0.20,0.47,1.39]","[0.44,0.41,0.24]"
43990,2.8272,0.3415,0.0000,0.000200,"[0.21,0.46,1.40]","[0.46,0.40,0.24]"
44000,2.7855,0.3434,0.0000,0.000200,"[0.20,0.47,1.39]","[0.44,0.40,0.24]"
44010,2.6440,0.3481,0.0000,0.000199,"[0.19,0.47,1.39]","[0.44,0.41,0.24]"
44020,3.0138,0.3450,0.0000,0.000199,"[0.20,0.47,1.40]","[0.43,0.40,0.24]"
44030,2.8647,0.3534,0.0000,0.000199,"[0.19,0.47,1.40]","[0.45,0.40,0.24]"
44040,2.7483,0.3380,0.0000,0.000199,"[0.21,0.47,1.39]","[0.46,0.41,0.24]"
44050,2.7513,0.3365,0.0000,0.000199,"[0.21,0.45,1.40]","[0.45,0.41,0.24]"
44060,2.5143,0.3353,0.0000,0.000199,"[0.22,0.45,1.39]","[0.46,0.42,0.24]"
44070,2.6980,0.3429,0.0000,0.000199,"[0.20,0.47,1.40]","[0.44,0.42,0.24]"
44080,2.8464,0.3387,0.0000,0.000199,"[0.21,0.46,1.40]","[0.47,0.41,0.24]"
44090,2.7132,0.3439,0.0000,0.000199,"[0.20,0.47,1.40]","[0.45,0.43,0.24]"
44100,2.7561,0.3444,0.0000,0.000199,"[0.20,0.48,1.40]","[0.45,0.42,0.24]"
44110,2.6878,0.3391,0.0000,0.000199,"[0.21,0.46,1.39]","[0.46,0.42,0.24]"
44120,2.5596,0.3400,0.0000,0.000199,"[0.20,0.47,1.40]","[0.44,0.41,0.24]"
44130,3.0136,0.3537,0.0000,0.000199,"[0.20,0.48,1.40]","[0.44,0.40,0.24]"
44140,2.6424,0.3385,0.0000,0.000199,"[0.20,0.48,1.40]","[0.44,0.40,0.24]"
44150,2.7859,0.3380,0.0000,0.000199,"[0.19,0.47,1.40]","[0.44,0.40,0.24]"
44160,2.7018,0.3452,0.0000,0.000199,"[0.22,0.46,1.39]","[0.47,0.42,0.24]"
44170,2.7500,0.3523,0.0000,0.000199,"[0.20,0.48,1.40]","[0.45,0.41,0.24]"
44180,2.5003,0.3431,0.0000,0.000199,"[0.22,0.46,1.39]","[0.47,0.41,0.24]"
44190,2.9376,0.3456,0.0000,0.000199,"[0.20,0.48,1.40]","[0.44,0.42,0.24]"
44200,2.8440,0.3500,0.0000,0.000199,"[0.20,0.47,1.40]","[0.46,0.42,0.24]"
44210,2.7659,0.3450,0.0000,0.000199,"[0.22,0.45,1.39]","[0.46,0.42,0.24]"
44220,2.9100,0.3487,0.0000,0.000199,"[0.20,0.47,1.40]","[0.44,0.41,0.24]"
44230,2.7421,0.3479,0.0000,0.000199,"[0.20,0.48,1.39]","[0.46,0.43,0.24]"
44240,2.8533,0.3444,0.0000,0.000199,"[0.20,0.46,1.39]","[0.45,0.41,0.24]"
44250,2.8818,0.3476,0.0000,0.000199,"[0.21,0.46,1.39]","[0.45,0.42,0.24]"
44260,2.5503,0.3371,0.0000,0.000199,"[0.21,0.46,1.39]","[0.45,0.41,0.24]"
44270,2.9792,0.3474,0.0000,0.000198,"[0.19,0.46,1.41]","[0.44,0.40,0.24]"
44280,2.7404,0.3439,0.0000,0.000198,"[0.20,0.48,1.41]","[0.44,0.39,0.24]"
44290,2.7138,0.3364,0.0000,0.000198,"[0.20,0.47,1.41]","[0.45,0.41,0.24]"
44300,2.8472,0.3394,0.0000,0.000198,"[0.21,0.46,1.41]","[0.44,0.42,0.24]"
44310,2.8595,0.3409,0.0000,0.000198,"[0.20,0.48,1.41]","[0.45,0.41,0.24]"
44320,2.7573,0.3427,0.0000,0.000198,"[0.20,0.47,1.40]","[0.44,0.40,0.24]"
44330,2.5507,0.3445,0.0000,0.000198,"[0.21,0.46,1.40]","[0.45,0.40,0.24]"
44340,2.6809,0.3419,0.0000,0.000198,"[0.21,0.47,1.40]","[0.46,0.41,0.24]"
44350,2.6902,0.3346,0.0000,0.000198,"[0.21,0.47,1.41]","[0.43,0.40,0.24]"
44360,2.8272,0.3481,0.0000,0.000198,"[0.21,0.47,1.40]","[0.45,0.42,0.24]"
44370,2.6270,0.3482,0.0000,0.000198,"[0.19,0.47,1.40]","[0.44,0.41,0.24]"
44380,2.8102,0.3477,0.0000,0.000198,"[0.21,0.47,1.41]","[0.45,0.43,0.24]"
44390,2.7995,0.3517,0.0000,0.000198,"[0.20,0.49,1.41]","[0.44,0.41,0.24]"
44400,2.6668,0.3377,0.0000,0.000198,"[0.21,0.48,1.40]","[0.46,0.41,0.24]"
44410,2.7394,0.3443,0.0000,0.000198,"[0.21,0.47,1.40]","[0.45,0.41,0.24]"
44420,2.7287,0.3379,0.0000,0.000198,"[0.21,0.48,1.40]","[0.45,0.41,0.24]"
44430,2.6680,0.3449,0.0000,0.000198,"[0.18,0.48,1.41]","[0.44,0.40,0.24]"
44440,2.7071,0.3478,0.0000,0.000198,"[0.20,0.48,1.41]","[0.44,0.41,0.24]"
44450,2.5753,0.3451,0.0000,0.000198,"[0.20,0.47,1.41]","[0.44,0.41,0.24]"
44460,2.7896,0.3409,0.0000,0.000198,"[0.21,0.47,1.40]","[0.46,0.41,0.24]"
44470,2.6184,0.3279,0.0000,0.000198,"[0.21,0.47,1.40]","[0.47,0.41,0.24]"
44480,2.7771,0.3478,0.0000,0.000198,"[0.21,0.48,1.41]","[0.45,0.40,0.24]"
44490,2.8084,0.3485,0.0000,0.000198,"[0.20,0.48,1.41]","[0.44,0.42,0.24]"
44500,2.6316,0.3531,0.0000,0.000198,"[0.20,0.48,1.41]","[0.47,0.41,0.24]"
44510,2.8933,0.3599,0.0000,0.000198,"[0.20,0.48,1.41]","[0.45,0.40,0.24]"
44520,2.6031,0.3365,0.0000,0.000197,"[0.20,0.46,1.40]","[0.46,0.40,0.24]"
44530,2.7431,0.3458,0.0000,0.000197,"[0.21,0.48,1.40]","[0.45,0.42,0.24]"
44540,2.8222,0.3490,0.0000,0.000197,"[0.21,0.48,1.41]","[0.45,0.43,0.24]"
44550,2.7603,0.3540,0.0000,0.000197,"[0.20,0.49,1.41]","[0.44,0.42,0.24]"
44560,2.7707,0.3673,0.0000,0.000197,"[0.21,0.48,1.41]","[0.45,0.42,0.24]"
44570,2.7131,0.3468,0.0000,0.000197,"[0.20,0.48,1.41]","[0.44,0.41,0.24]"
44580,2.6334,0.3430,0.0000,0.000197,"[0.22,0.46,1.40]","[0.46,0.41,0.24]"
44590,2.6663,0.3465,0.0000,0.000197,"[0.21,0.47,1.41]","[0.45,0.40,0.24]"
44600,2.7452,0.3572,0.0000,0.000197,"[0.21,0.48,1.41]","[0.45,0.41,0.24]"
44610,2.8100,0.3667,0.0000,0.000197,"[0.20,0.48,1.41]","[0.45,0.41,0.24]"
44620,2.8219,0.3601,0.0000,0.000197,"[0.20,0.49,1.41]","[0.44,0.42,0.24]"
44630,2.8464,0.3571,0.0000,0.000197,"[0.20,0.46,1.41]","[0.43,0.41,0.24]"
44640,2.5422,0.3470,0.0000,0.000197,"[0.22,0.47,1.40]","[0.46,0.41,0.24]"
44650,2.8786,0.3436,0.0000,0.000197,"[0.20,0.48,1.40]","[0.44,0.40,0.24]"
44660,2.6196,0.3531,0.0000,0.000197,"[0.20,0.47,1.41]","[0.45,0.42,0.24]"
44670,2.7719,0.3728,0.0000,0.000197,"[0.20,0.47,1.41]","[0.45,0.41,0.24]"
44680,2.9175,0.3646,0.0000,0.000197,"[0.20,0.48,1.42]","[0.44,0.42,0.24]"
44690,2.6293,0.3592,0.0000,0.000197,"[0.21,0.47,1.41]","[0.45,0.41,0.24]"
44700,2.8476,0.3601,0.0000,0.000197,"[0.21,0.47,1.41]","[0.46,0.41,0.24]"
44710,2.7561,0.3525,0.0000,0.000197,"[0.21,0.47,1.40]","[0.44,0.41,0.24]"
44720,2.7524,0.3699,0.0000,0.000197,"[0.19,0.47,1.41]","[0.44,0.41,0.24]"
44730,2.7593,0.3583,0.0000,0.000197,"[0.21,0.47,1.41]","[0.44,0.41,0.24]"
44740,2.7696,0.3460,0.0000,0.000197,"[0.21,0.48,1.42]","[0.46,0.41,0.24]"
44750,2.6624,0.3379,0.0000,0.000197,"[0.21,0.46,1.41]","[0.46,0.42,0.24]"
44760,2.5367,0.3549,0.0000,0.000197,"[0.21,0.47,1.41]","[0.47,0.40,0.24]"
44770,2.6390,0.3595,0.0000,0.000197,"[0.22,0.47,1.40]","[0.44,0.41,0.24]"
44780,2.7168,0.3625,0.0000,0.000196,"[0.20,0.49,1.41]","[0.45,0.40,0.24]"
44790,2.6265,0.3547,0.0000,0.000196,"[0.20,0.47,1.42]","[0.46,0.41,0.24]"
44800,2.6324,0.3423,0.0000,0.000196,"[0.20,0.48,1.41]","[0.45,0.40,0.24]"
44810,2.8913,0.3608,0.0000,0.000196,"[0.21,0.49,1.41]","[0.44,0.41,0.24]"
44820,2.5494,0.3591,0.0000,0.000196,"[0.19,0.48,1.41]","[0.44,0.41,0.24]"
44830,3.0448,0.3583,0.0000,0.000196,"[0.20,0.48,1.42]","[0.44,0.39,0.24]"
44840,2.7311,0.3589,0.0000,0.000196,"[0.21,0.48,1.42]","[0.46,0.40,0.24]"
44850,2.8836,0.3560,0.0000,0.000196,"[0.20,0.48,1.41]","[0.45,0.40,0.24]"
44860,2.7433,0.3499,0.0000,0.000196,"[0.21,0.48,1.42]","[0.45,0.42,0.24]"
44870,3.0691,0.3718,0.0000,0.000196,"[0.20,0.48,1.42]","[0.46,0.40,0.24]"
44880,2.6894,0.3553,0.0000,0.000196,"[0.22,0.46,1.40]","[0.45,0.42,0.24]"
44890,2.7489,0.3726,0.0000,0.000196,"[0.20,0.48,1.41]","[0.45,0.41,0.24]"
44900,2.9018,0.3715,0.0000,0.000196,"[0.20,0.48,1.41]","[0.44,0.41,0.24]"
44910,2.6001,0.3595,0.0000,0.000196,"[0.21,0.47,1.40]","[0.46,0.42,0.24]"
44920,2.6862,0.3566,0.0000,0.000196,"[0.21,0.48,1.40]","[0.45,0.41,0.24]"
44930,2.9414,0.3750,0.0000,0.000196,"[0.20,0.47,1.42]","[0.46,0.42,0.24]"
44940,2.7349,0.3651,0.0000,0.000196,"[0.20,0.47,1.41]","[0.44,0.41,0.24]"
44950,2.8076,0.3745,0.0000,0.000196,"[0.20,0.50,1.42]","[0.44,0.42,0.24]"
44960,2.6562,0.3605,0.0000,0.000196,"[0.20,0.48,1.41]","[0.43,0.42,0.24]"
44970,2.5794,0.3513,0.0000,0.000196,"[0.22,0.47,1.40]","[0.46,0.42,0.24]"
44980,2.8205,0.3548,0.0000,0.000196,"[0.21,0.48,1.41]","[0.45,0.42,0.24]"
44990,2.8927,0.3651,0.0000,0.000196,"[0.20,0.49,1.41]","[0.45,0.41,0.24]"
45000,2.6656,0.3554,0.0000,0.000196,"[0.21,0.47,1.41]","[0.46,0.41,0.24]"
45010,2.8044,0.3734,0.0000,0.000196,"[0.20,0.48,1.42]","[0.44,0.41,0.24]"
45020,2.6697,0.3660,0.0000,0.000196,"[0.21,0.47,1.41]","[0.45,0.40,0.24]"
45030,2.5425,0.3695,0.0000,0.000196,"[0.22,0.48,1.41]","[0.46,0.41,0.24]"
45040,2.9386,0.3843,0.0000,0.000195,"[0.20,0.49,1.42]","[0.44,0.41,0.24]"
45050,2.6869,0.3640,0.0000,0.000195,"[0.21,0.48,1.41]","[0.45,0.41,0.24]"
45060,2.7754,0.3580,0.0000,0.000195,"[0.20,0.48,1.42]","[0.46,0.41,0.24]"
45070,2.6515,0.3647,0.0000,0.000195,"[0.22,0.47,1.41]","[0.47,0.41,0.24]"
45080,3.0468,0.3773,0.0000,0.000195,"[0.20,0.49,1.42]","[0.44,0.42,0.24]"
45090,2.7173,0.3671,0.0000,0.000195,"[0.21,0.49,1.41]","[0.44,0.41,0.24]"
45100,2.8368,0.3749,0.0000,0.000195,"[0.21,0.48,1.41]","[0.46,0.41,0.24]"
45110,2.9007,0.3704,0.0000,0.000195,"[0.21,0.49,1.42]","[0.45,0.40,0.24]"
45120,2.4847,0.3713,0.0000,0.000195,"[0.21,0.47,1.41]","[0.44,0.41,0.24]"
45130,2.7019,0.3676,0.0000,0.000195,"[0.22,0.46,1.40]","[0.47,0.42,0.24]"
45140,2.7397,0.3644,0.0000,0.000195,"[0.21,0.48,1.41]","[0.45,0.40,0.24]"
45150,2.7026,0.3714,0.0000,0.000195,"[0.20,0.47,1.42]","[0.45,0.41,0.24]"
45160,2.9269,0.3807,0.0000,0.000195,"[0.21,0.49,1.42]","[0.46,0.41,0.24]"
45170,2.8836,0.3631,0.0000,0.000195,"[0.20,0.49,1.42]","[0.44,0.42,0.24]"
45180,2.5151,0.3621,0.0000,0.000195,"[0.22,0.47,1.41]","[0.44,0.40,0.24]"
45190,2.6437,0.3631,0.0000,0.000195,"[0.21,0.49,1.41]","[0.44,0.40,0.24]"
45200,2.6598,0.3662,0.0000,0.000195,"[0.20,0.49,1.42]","[0.45,0.42,0.24]"
45210,2.6255,0.3660,0.0000,0.000195,"[0.21,0.48,1.42]","[0.45,0.40,0.24]"
45220,2.7646,0.3671,0.0000,0.000195,"[0.20,0.48,1.42]","[0.44,0.40,0.24]"
45230,2.6701,0.3484,0.0000,0.000195,"[0.22,0.49,1.41]","[0.47,0.41,0.24]"
45240,2.6140,0.3701,0.0000,0.000195,"[0.21,0.47,1.42]","[0.45,0.40,0.24]"
45250,2.7547,0.3707,0.0000,0.000195,"[0.20,0.49,1.42]","[0.44,0.40,0.24]"
45260,2.5648,0.3708,0.0000,0.000195,"[0.21,0.48,1.41]","[0.46,0.41,0.24]"
45270,2.7293,0.3601,0.0000,0.000195,"[0.20,0.48,1.42]","[0.45,0.40,0.24]"
45280,2.8741,0.3789,0.0000,0.000195,"[0.20,0.49,1.42]","[0.44,0.40,0.24]"
45290,2.9877,0.3845,0.0000,0.000194,"[0.20,0.49,1.41]","[0.44,0.41,0.24]"
45300,2.9348,0.3746,0.0000,0.000194,"[0.20,0.48,1.42]","[0.44,0.42,0.24]"
45310,2.7274,0.3796,0.0000,0.000194,"[0.20,0.49,1.42]","[0.45,0.39,0.24]"
45320,2.5695,0.3712,0.0000,0.000194,"[0.21,0.48,1.42]","[0.44,0.41,0.24]"
45330,2.4167,0.3686,0.0000,0.000194,"[0.22,0.48,1.42]","[0.46,0.41,0.24]"
45340,2.7898,0.3750,0.0000,0.000194,"[0.20,0.50,1.42]","[0.44,0.40,0.24]"
45350,2.6808,0.3768,0.0000,0.000194,"[0.21,0.48,1.42]","[0.44,0.40,0.24]"
45360,2.5420,0.3736,0.0000,0.000194,"[0.21,0.48,1.42]","[0.45,0.41,0.24]"
45370,2.4341,0.3803,0.0000,0.000194,"[0.23,0.46,1.41]","[0.47,0.42,0.24]"
45380,2.6110,0.3730,0.0000,0.000194,"[0.22,0.47,1.42]","[0.47,0.41,0.24]"
45390,2.5979,0.3730,0.0000,0.000194,"[0.22,0.47,1.42]","[0.47,0.41,0.24]"
45400,2.7220,0.3820,0.0000,0.000194,"[0.22,0.48,1.43]","[0.45,0.41,0.24]"
45410,2.7980,0.3881,0.0000,0.000194,"[0.20,0.50,1.42]","[0.45,0.41,0.24]"
45420,2.8698,0.3889,0.0000,0.000194,"[0.20,0.49,1.43]","[0.46,0.40,0.24]"
45430,2.7795,0.3803,0.0000,0.000194,"[0.20,0.50,1.43]","[0.45,0.41,0.24]"
45440,2.4108,0.3704,0.0000,0.000194,"[0.23,0.46,1.41]","[0.45,0.41,0.24]"
45450,2.5848,0.3875,0.0000,0.000194,"[0.21,0.48,1.42]","[0.45,0.41,0.24]"
45460,2.5600,0.3808,0.0000,0.000194,"[0.22,0.48,1.42]","[0.46,0.41,0.24]"
45470,2.7579,0.3830,0.0000,0.000194,"[0.21,0.48,1.42]","[0.44,0.40,0.24]"
45480,2.5810,0.3569,0.0000,0.000194,"[0.20,0.49,1.41]","[0.44,0.41,0.24]"
45490,2.8057,0.3790,0.0000,0.000194,"[0.21,0.49,1.42]","[0.44,0.40,0.24]"
45500,2.7702,0.3887,0.0000,0.000194,"[0.21,0.48,1.41]","[0.45,0.40,0.24]"
45510,2.5640,0.3775,0.0000,0.000194,"[0.22,0.47,1.41]","[0.45,0.42,0.24]"
45520,2.6180,0.3858,0.0000,0.000194,"[0.21,0.48,1.42]","[0.45,0.40,0.24]"
45530,2.6861,0.3871,0.0000,0.000194,"[0.21,0.49,1.42]","[0.46,0.41,0.24]"
45540,2.6260,0.3838,0.0000,0.000194,"[0.21,0.49,1.42]","[0.44,0.40,0.24]"
45550,2.6059,0.3849,0.0000,0.000193,"[0.22,0.48,1.42]","[0.46,0.41,0.24]"
45560,2.7470,0.3904,0.0000,0.000193,"[0.20,0.50,1.43]","[0.45,0.42,0.24]"
45570,2.8489,0.3775,0.0000,0.000193,"[0.21,0.49,1.42]","[0.45,0.41,0.24]"
45580,2.7878,0.3778,0.0000,0.000193,"[0.21,0.49,1.42]","[0.45,0.41,0.24]"
45590,2.7830,0.3846,0.0000,0.000193,"[0.21,0.49,1.43]","[0.44,0.40,0.24]"
45600,2.8343,0.3956,0.0000,0.000193,"[0.22,0.49,1.43]","[0.44,0.41,0.24]"
45610,2.7823,0.3987,0.0000,0.000193,"[0.20,0.49,1.43]","[0.45,0.40,0.24]"
45620,2.6389,0.3936,0.0000,0.000193,"[0.21,0.49,1.42]","[0.46,0.41,0.24]"
45630,2.8660,0.3987,0.0000,0.000193,"[0.20,0.49,1.42]","[0.43,0.39,0.24]"
45640,2.6108,0.3930,0.0000,0.000193,"[0.20,0.49,1.43]","[0.45,0.41,0.24]"
45650,2.6952,0.4022,0.0000,0.000193,"[0.22,0.49,1.43]","[0.45,0.41,0.24]"
45660,2.8515,0.3871,0.0000,0.000193,"[0.21,0.49,1.43]","[0.45,0.41,0.24]"
45670,2.8057,0.3847,0.0000,0.000193,"[0.20,0.50,1.43]","[0.45,0.41,0.24]"
45680,2.6959,0.3836,0.0000,0.000193,"[0.20,0.51,1.43]","[0.44,0.42,0.24]"
45690,2.7725,0.3883,0.0000,0.000193,"[0.20,0.49,1.43]","[0.43,0.41,0.24]"
45700,2.6289,0.3794,0.0000,0.000193,"[0.21,0.49,1.42]","[0.44,0.40,0.24]"
45710,2.7462,0.3806,0.0000,0.000193,"[0.21,0.49,1.42]","[0.45,0.42,0.24]"
45720,2.7628,0.3874,0.0000,0.000193,"[0.21,0.49,1.42]","[0.45,0.41,0.24]"
45730,2.6758,0.3878,0.0000,0.000193,"[0.21,0.48,1.41]","[0.44,0.41,0.24]"
45740,2.5625,0.3919,0.0000,0.000193,"[0.20,0.47,1.41]","[0.43,0.39,0.24]"
45750,2.8125,0.3936,0.0000,0.000193,"[0.21,0.47,1.41]","[0.44,0.40,0.24]"
45760,2.5812,0.3975,0.0000,0.000193,"[0.21,0.49,1.42]","[0.44,0.42,0.24]"
45770,2.8234,0.3989,0.0000,0.000193,"[0.20,0.49,1.43]","[0.45,0.41,0.24]"
45780,2.6963,0.4082,0.0000,0.000193,"[0.20,0.49,1.42]","[0.44,0.39,0.24]"
45790,2.7312,0.4124,0.0000,0.000193,"[0.21,0.49,1.41]","[0.44,0.40,0.24]"
45800,2.6810,0.4011,0.0000,0.000193,"[0.22,0.48,1.42]","[0.45,0.41,0.24]"
45810,2.8374,0.4055,0.0000,0.000192,"[0.20,0.50,1.43]","[0.44,0.41,0.24]"
45820,2.9613,0.3928,0.0000,0.000192,"[0.21,0.50,1.43]","[0.45,0.42,0.24]"
45830,2.5533,0.3801,0.0000,0.000192,"[0.23,0.48,1.42]","[0.46,0.41,0.24]"
45840,2.9158,0.4030,0.0000,0.000192,"[0.21,0.50,1.43]","[0.45,0.40,0.24]"
45850,2.6945,0.3969,0.0000,0.000192,"[0.22,0.49,1.42]","[0.44,0.40,0.24]"
45860,2.6262,0.3943,0.0000,0.000192,"[0.22,0.49,1.42]","[0.45,0.41,0.24]"
45870,2.8302,0.4067,0.0000,0.000192,"[0.21,0.49,1.43]","[0.46,0.40,0.24]"
45880,2.5507,0.4021,0.0000,0.000192,"[0.21,0.49,1.43]","[0.43,0.39,0.24]"
45890,2.4650,0.3908,0.0000,0.000192,"[0.20,0.49,1.43]","[0.45,0.41,0.24]"
45900,2.7645,0.3958,0.0000,0.000192,"[0.22,0.49,1.42]","[0.45,0.40,0.24]"
45910,2.6251,0.4032,0.0000,0.000192,"[0.22,0.48,1.42]","[0.47,0.41,0.24]"
45920,2.7679,0.4004,0.0000,0.000192,"[0.21,0.50,1.43]","[0.45,0.40,0.24]"
45930,2.7885,0.4034,0.0000,0.000192,"[0.21,0.49,1.43]","[0.45,0.39,0.24]"
45940,2.4642,0.3983,0.0000,0.000192,"[0.23,0.48,1.42]","[0.45,0.41,0.24]"
45950,2.8318,0.3937,0.0000,0.000192,"[0.21,0.50,1.43]","[0.45,0.41,0.24]"
45960,2.6508,0.4109,0.0000,0.000192,"[0.23,0.48,1.42]","[0.46,0.41,0.24]"
45970,2.5446,0.3993,0.0000,0.000192,"[0.21,0.48,1.41]","[0.47,0.43,0.24]"
45980,3.0161,0.4089,0.0000,0.000192,"[0.20,0.51,1.43]","[0.43,0.39,0.24]"
45990,2.6938,0.4083,0.0000,0.000192,"[0.20,0.49,1.42]","[0.45,0.39,0.24]"
46000,2.7480,0.4027,0.0000,0.000192,"[0.21,0.49,1.42]","[0.45,0.40,0.24]"
46010,2.4941,0.4039,0.0000,0.000192,"[0.22,0.48,1.42]","[0.46,0.40,0.24]"
46020,2.6032,0.4001,0.0000,0.000192,"[0.20,0.48,1.42]","[0.44,0.41,0.24]"
46030,2.6540,0.3935,0.0000,0.000192,"[0.22,0.48,1.42]","[0.44,0.40,0.24]"
46040,2.6391,0.4008,0.0000,0.000192,"[0.21,0.50,1.43]","[0.45,0.42,0.24]"
46050,2.7617,0.4007,0.0000,0.000192,"[0.21,0.49,1.42]","[0.46,0.41,0.24]"
46060,2.6650,0.4011,0.0000,0.000191,"[0.22,0.49,1.43]","[0.45,0.40,0.24]"
46070,2.6372,0.4078,0.0000,0.000191,"[0.22,0.49,1.42]","[0.46,0.43,0.24]"
46080,2.9178,0.4099,0.0000,0.000191,"[0.21,0.50,1.43]","[0.44,0.41,0.24]"
46090,2.7968,0.4174,0.0000,0.000191,"[0.22,0.48,1.42]","[0.44,0.40,0.24]"
46100,2.6442,0.3972,0.0000,0.000191,"[0.21,0.49,1.43]","[0.45,0.41,0.24]"
46110,2.5699,0.4026,0.0000,0.000191,"[0.20,0.51,1.43]","[0.45,0.40,0.24]"
46120,2.6937,0.4018,0.0000,0.000191,"[0.21,0.50,1.43]","[0.44,0.42,0.24]"
46130,2.4923,0.3890,0.0000,0.000191,"[0.21,0.48,1.42]","[0.44,0.40,0.24]"
46140,2.6401,0.4086,0.0000,0.000191,"[0.20,0.48,1.43]","[0.45,0.41,0.24]"
46150,2.7820,0.3986,0.0000,0.000191,"[0.21,0.50,1.42]","[0.44,0.39,0.24]"
46160,2.6282,0.4073,0.0000,0.000191,"[0.21,0.50,1.42]","[0.45,0.40,0.24]"
46170,2.5597,0.4027,0.0000,0.000191,"[0.21,0.50,1.42]","[0.46,0.42,0.24]"
46180,2.5758,0.3927,0.0000,0.000191,"[0.22,0.49,1.41]","[0.45,0.41,0.24]"
46190,2.7703,0.4028,0.0000,0.000191,"[0.19,0.49,1.42]","[0.44,0.40,0.24]"
46200,2.9043,0.3998,0.0000,0.000191,"[0.21,0.51,1.42]","[0.45,0.41,0.24]"
46210,2.6273,0.4020,0.0000,0.000191,"[0.21,0.50,1.42]","[0.44,0.40,0.24]"
46220,2.6455,0.4105,0.0000,0.000191,"[0.21,0.50,1.43]","[0.45,0.40,0.24]"
46230,2.4977,0.4064,0.0000,0.000191,"[0.22,0.48,1.42]","[0.45,0.41,0.24]"
46240,2.5217,0.4048,0.0000,0.000191,"[0.23,0.48,1.41]","[0.45,0.42,0.24]"
46250,2.5577,0.4216,0.0000,0.000191,"[0.22,0.48,1.43]","[0.44,0.40,0.24]"
46260,2.5670,0.4167,0.0000,0.000191,"[0.23,0.48,1.42]","[0.45,0.42,0.24]"
46270,2.6592,0.4289,0.0000,0.000191,"[0.22,0.49,1.42]","[0.45,0.42,0.24]"
46280,2.7460,0.4155,0.0000,0.000191,"[0.21,0.49,1.42]","[0.45,0.38,0.24]"
46290,2.6447,0.4025,0.0000,0.000191,"[0.22,0.49,1.41]","[0.44,0.41,0.24]"
46300,2.8099,0.4165,0.0000,0.000191,"[0.21,0.49,1.43]","[0.45,0.42,0.24]"
46310,2.6308,0.4138,0.0000,0.000191,"[0.21,0.50,1.43]","[0.45,0.40,0.24]"
46320,2.5633,0.4097,0.0000,0.000190,"[0.22,0.49,1.43]","[0.45,0.40,0.24]"
46330,2.7617,0.4154,0.0000,0.000190,"[0.21,0.49,1.42]","[0.46,0.40,0.24]"
46340,2.7837,0.4264,0.0000,0.000190,"[0.23,0.47,1.43]","[0.47,0.42,0.24]"
46350,2.6043,0.4243,0.0000,0.000190,"[0.22,0.49,1.42]","[0.45,0.42,0.24]"
46360,2.7463,0.4225,0.0000,0.000190,"[0.21,0.51,1.43]","[0.44,0.39,0.24]"
46370,2.9036,0.4199,0.0000,0.000190,"[0.21,0.50,1.43]","[0.45,0.40,0.24]"
46380,2.7020,0.4187,0.0000,0.000190,"[0.20,0.49,1.42]","[0.44,0.39,0.24]"
46390,2.6092,0.4313,0.0000,0.000190,"[0.22,0.49,1.43]","[0.45,0.41,0.24]"
46400,2.7582,0.4211,0.0000,0.000190,"[0.21,0.50,1.43]","[0.45,0.39,0.24]"
46410,2.8581,0.4142,0.0000,0.000190,"[0.20,0.50,1.43]","[0.45,0.39,0.24]"
46420,2.6809,0.4197,0.0000,0.000190,"[0.23,0.48,1.43]","[0.45,0.41,0.24]"
46430,2.8073,0.4091,0.0000,0.000190,"[0.22,0.50,1.43]","[0.45,0.41,0.24]"
46440,3.0574,0.4122,0.0000,0.000190,"[0.21,0.51,1.43]","[0.44,0.39,0.24]"
46450,2.8126,0.4047,0.0000,0.000190,"[0.21,0.49,1.42]","[0.44,0.39,0.24]"
46460,2.5373,0.4078,0.0000,0.000190,"[0.21,0.50,1.43]","[0.44,0.41,0.24]"
46470,2.6332,0.4074,0.0000,0.000190,"[0.21,0.50,1.43]","[0.44,0.41,0.24]"
46480,2.6807,0.4169,0.0000,0.000190,"[0.22,0.50,1.42]","[0.44,0.40,0.24]"
46490,2.6359,0.4013,0.0000,0.000190,"[0.22,0.49,1.42]","[0.45,0.40,0.24]"
46500,2.9332,0.4008,0.0000,0.000190,"[0.21,0.50,1.42]","[0.44,0.38,0.24]"
46510,2.5564,0.4079,0.0000,0.000190,"[0.22,0.49,1.42]","[0.45,0.40,0.24]"
46520,2.6523,0.4085,0.0000,0.000190,"[0.21,0.49,1.42]","[0.44,0.39,0.24]"
46530,2.2887,0.4025,0.0000,0.000190,"[0.23,0.47,1.42]","[0.46,0.41,0.24]"
46540,2.7986,0.4082,0.0000,0.000190,"[0.21,0.50,1.43]","[0.46,0.41,0.24]"
46550,2.6443,0.4234,0.0000,0.000190,"[0.20,0.50,1.43]","[0.43,0.41,0.24]"
46560,2.4197,0.4205,0.0000,0.000190,"[0.21,0.49,1.42]","[0.45,0.40,0.24]"
46570,2.5582,0.4373,0.0000,0.000189,"[0.22,0.50,1.43]","[0.45,0.41,0.24]"
46580,2.6920,0.4268,0.0000,0.000189,"[0.22,0.49,1.43]","[0.45,0.43,0.24]"
46590,2.3944,0.4136,0.0000,0.000189,"[0.22,0.47,1.41]","[0.45,0.42,0.24]"
46600,2.5631,0.4228,0.0000,0.000189,"[0.22,0.50,1.43]","[0.46,0.42,0.24]"
46610,2.8823,0.4385,0.0000,0.000189,"[0.21,0.50,1.44]","[0.44,0.41,0.24]"
46620,2.6494,0.4338,0.0000,0.000189,"[0.22,0.50,1.42]","[0.46,0.40,0.24]"
46630,2.8804,0.4231,0.0000,0.000189,"[0.21,0.50,1.43]","[0.44,0.40,0.24]"
46640,2.8162,0.4375,0.0000,0.000189,"[0.21,0.50,1.44]","[0.44,0.41,0.24]"
46650,2.7544,0.4266,0.0000,0.000189,"[0.21,0.51,1.43]","[0.45,0.41,0.24]"
46660,2.5396,0.4284,0.0000,0.000189,"[0.21,0.50,1.43]","[0.45,0.40,0.24]"
46670,2.7945,0.4370,0.0000,0.000189,"[0.21,0.50,1.44]","[0.43,0.40,0.24]"
46680,2.5712,0.4293,0.0000,0.000189,"[0.21,0.50,1.44]","[0.44,0.40,0.24]"
46690,2.7142,0.4344,0.0000,0.000189,"[0.21,0.50,1.44]","[0.45,0.40,0.24]"
46700,2.8199,0.4318,0.0000,0.000189,"[0.20,0.51,1.44]","[0.44,0.39,0.24]"
46710,2.6632,0.4148,0.0000,0.000189,"[0.22,0.51,1.43]","[0.45,0.41,0.24]"
46720,2.7253,0.4150,0.0000,0.000189,"[0.21,0.51,1.44]","[0.45,0.40,0.24]"
46730,2.7121,0.4276,0.0000,0.000189,"[0.22,0.49,1.44]","[0.44,0.42,0.24]"
46740,2.7819,0.4225,0.0000,0.000189,"[0.20,0.50,1.44]","[0.45,0.41,0.24]"
46750,2.4954,0.4252,0.0000,0.000189,"[0.21,0.51,1.43]","[0.43,0.40,0.24]"
46760,2.6005,0.4385,0.0000,0.000189,"[0.22,0.50,1.43]","[0.45,0.40,0.24]"
46770,2.7638,0.4318,0.0000,0.000189,"[0.21,0.51,1.44]","[0.45,0.40,0.24]"
46780,2.5864,0.4224,0.0000,0.000189,"[0.23,0.49,1.42]","[0.46,0.40,0.24]"
46790,2.4607,0.4269,0.0000,0.000189,"[0.22,0.49,1.44]","[0.46,0.40,0.24]"
46800,2.8914,0.4281,0.0000,0.000189,"[0.21,0.52,1.45]","[0.44,0.39,0.24]"
46810,2.6761,0.4262,0.0000,0.000189,"[0.21,0.49,1.42]","[0.43,0.40,0.24]"
46820,2.5464,0.4436,0.0000,0.000189,"[0.21,0.51,1.43]","[0.45,0.40,0.24]"
46830,2.8283,0.4491,0.0000,0.000188,"[0.22,0.50,1.43]","[0.43,0.40,0.24]"
46840,2.6685,0.4330,0.0000,0.000188,"[0.20,0.51,1.44]","[0.44,0.41,0.24]"
46850,2.9311,0.4466,0.0000,0.000188,"[0.21,0.51,1.44]","[0.44,0.42,0.24]"
46860,2.7268,0.4381,0.0000,0.000188,"[0.22,0.50,1.43]","[0.46,0.42,0.24]"
46870,2.4534,0.4397,0.0000,0.000188,"[0.21,0.48,1.42]","[0.44,0.39,0.24]"
46880,2.5459,0.4255,0.0000,0.000188,"[0.22,0.49,1.43]","[0.44,0.38,0.24]"
46890,2.4581,0.4392,0.0000,0.000188,"[0.22,0.48,1.42]","[0.46,0.41,0.24]"
46900,2.5545,0.4147,0.0000,0.000188,"[0.22,0.50,1.43]","[0.45,0.41,0.24]"
46910,2.8121,0.4368,0.0000,0.000188,"[0.21,0.50,1.44]","[0.46,0.41,0.24]"
46920,2.6792,0.4312,0.0000,0.000188,"[0.23,0.48,1.43]","[0.44,0.40,0.24]"
46930,2.9991,0.4351,0.0000,0.000188,"[0.21,0.50,1.44]","[0.43,0.39,0.24]"
46940,2.5448,0.4243,0.0000,0.000188,"[0.20,0.51,1.43]","[0.45,0.40,0.24]"
46950,2.8084,0.4410,0.0000,0.000188,"[0.20,0.51,1.44]","[0.43,0.42,0.24]"
46960,2.6950,0.4238,0.0000,0.000188,"[0.21,0.50,1.44]","[0.44,0.40,0.24]"
46970,2.7404,0.4289,0.0000,0.000188,"[0.21,0.51,1.43]","[0.45,0.42,0.24]"
46980,2.6610,0.4278,0.0000,0.000188,"[0.22,0.50,1.42]","[0.44,0.41,0.24]"
46990,2.5539,0.4352,0.0000,0.000188,"[0.22,0.49,1.43]","[0.45,0.41,0.24]"
47000,2.5858,0.4346,0.0000,0.000188,"[0.21,0.50,1.44]","[0.44,0.40,0.24]"
47010,2.6595,0.4297,0.0000,0.000188,"[0.21,0.51,1.44]","[0.45,0.41,0.24]"
47020,2.4796,0.4259,0.0000,0.000188,"[0.22,0.50,1.42]","[0.45,0.42,0.24]"
47030,2.7928,0.4412,0.0000,0.000188,"[0.21,0.51,1.43]","[0.44,0.39,0.24]"
47040,2.5533,0.4312,0.0000,0.000188,"[0.22,0.49,1.42]","[0.45,0.40,0.24]"
47050,2.7356,0.4361,0.0000,0.000188,"[0.22,0.48,1.43]","[0.45,0.40,0.24]"
47060,2.7337,0.4371,0.0000,0.000188,"[0.21,0.51,1.42]","[0.46,0.41,0.24]"
47070,2.8025,0.4458,0.0000,0.000188,"[0.22,0.49,1.42]","[0.44,0.41,0.24]"
47080,2.6422,0.4350,0.0000,0.000187,"[0.21,0.51,1.43]","[0.43,0.42,0.24]"
47090,2.5613,0.4397,0.0000,0.000187,"[0.22,0.49,1.42]","[0.46,0.41,0.24]"
47100,2.7376,0.4305,0.0000,0.000187,"[0.22,0.50,1.44]","[0.45,0.42,0.24]"
47110,2.8141,0.4310,0.0000,0.000187,"[0.20,0.51,1.44]","[0.43,0.42,0.24]"
47120,2.6405,0.4275,0.0000,0.000187,"[0.21,0.50,1.43]","[0.46,0.41,0.24]"
47130,2.7982,0.4318,0.0000,0.000187,"[0.22,0.51,1.43]","[0.46,0.40,0.24]"
47140,2.9082,0.4244,0.0000,0.000187,"[0.22,0.50,1.42]","[0.44,0.42,0.24]"
47150,2.3843,0.4252,0.0000,0.000187,"[0.22,0.49,1.41]","[0.46,0.40,0.24]"
47160,2.7564,0.4260,0.0000,0.000187,"[0.22,0.49,1.44]","[0.44,0.41,0.24]"
47170,2.8091,0.4364,0.0000,0.000187,"[0.20,0.51,1.43]","[0.44,0.39,0.24]"
47180,2.6672,0.4376,0.0000,0.000187,"[0.22,0.50,1.43]","[0.45,0.42,0.24]"
47190,2.6357,0.4345,0.0000,0.000187,"[0.20,0.51,1.44]","[0.44,0.39,0.24]"
47200,2.8786,0.4299,0.0000,0.000187,"[0.20,0.52,1.44]","[0.45,0.39,0.24]"
47210,2.5126,0.4291,0.0000,0.000187,"[0.21,0.50,1.43]","[0.44,0.40,0.24]"
47220,2.6717,0.4209,0.0000,0.000187,"[0.22,0.50,1.44]","[0.46,0.40,0.24]"
47230,2.6927,0.4202,0.0000,0.000187,"[0.23,0.49,1.44]","[0.44,0.41,0.24]"
47240,2.7264,0.4287,0.0000,0.000187,"[0.21,0.51,1.44]","[0.45,0.40,0.24]"
47250,2.7263,0.4100,0.0000,0.000187,"[0.22,0.51,1.43]","[0.44,0.40,0.24]"
47260,2.7725,0.4330,0.0000,0.000187,"[0.21,0.52,1.44]","[0.45,0.40,0.24]"
47270,2.7317,0.4253,0.0000,0.000187,"[0.21,0.51,1.44]","[0.45,0.42,0.24]"
47280,2.5081,0.4304,0.0000,0.000187,"[0.21,0.50,1.44]","[0.44,0.40,0.24]"
47290,2.8968,0.4140,0.0000,0.000187,"[0.22,0.51,1.43]","[0.45,0.40,0.24]"
47300,2.8122,0.4325,0.0000,0.000187,"[0.22,0.50,1.44]","[0.46,0.42,0.24]"
47310,2.7321,0.4314,0.0000,0.000187,"[0.21,0.52,1.44]","[0.44,0.41,0.24]"
47320,2.5295,0.4272,0.0000,0.000187,"[0.23,0.50,1.43]","[0.45,0.41,0.24]"
47330,2.6639,0.4243,0.0000,0.000187,"[0.22,0.50,1.43]","[0.45,0.42,0.24]"
47340,2.7045,0.4279,0.0000,0.000186,"[0.22,0.50,1.43]","[0.45,0.41,0.24]"
47350,2.5809,0.4392,0.0000,0.000186,"[0.22,0.49,1.42]","[0.45,0.40,0.24]"
47360,2.6772,0.4362,0.0000,0.000186,"[0.20,0.51,1.44]","[0.44,0.40,0.24]"
47370,2.7789,0.4428,0.0000,0.000186,"[0.21,0.52,1.44]","[0.45,0.40,0.24]"
47380,2.4486,0.4441,0.0000,0.000186,"[0.22,0.51,1.44]","[0.45,0.41,0.24]"
47390,2.9393,0.4359,0.0000,0.000186,"[0.20,0.54,1.45]","[0.44,0.40,0.24]"
47400,2.5394,0.4361,0.0000,0.000186,"[0.22,0.50,1.43]","[0.45,0.41,0.24]"
47410,2.7519,0.4416,0.0000,0.000186,"[0.23,0.50,1.42]","[0.45,0.41,0.24]"
47420,2.5382,0.4396,0.0000,0.000186,"[0.21,0.50,1.43]","[0.45,0.40,0.24]"
47430,2.5781,0.4388,0.0000,0.000186,"[0.20,0.50,1.43]","[0.43,0.39,0.24]"
47440,2.4814,0.4311,0.0000,0.000186,"[0.22,0.50,1.42]","[0.45,0.41,0.24]"
47450,2.6058,0.4299,0.0000,0.000186,"[0.21,0.50,1.43]","[0.44,0.40,0.24]"
47460,2.6131,0.4280,0.0000,0.000186,"[0.22,0.51,1.42]","[0.46,0.41,0.24]"
47470,2.5713,0.4323,0.0000,0.000186,"[0.21,0.51,1.42]","[0.44,0.41,0.24]"
47480,2.7619,0.4413,0.0000,0.000186,"[0.23,0.50,1.42]","[0.45,0.43,0.24]"
47490,2.7448,0.4437,0.0000,0.000186,"[0.22,0.51,1.41]","[0.44,0.41,0.24]"
47500,2.6817,0.4331,0.0000,0.000186,"[0.21,0.52,1.44]","[0.45,0.40,0.24]"
47510,2.7444,0.4352,0.0000,0.000186,"[0.21,0.52,1.44]","[0.44,0.40,0.24]"
47520,2.6601,0.4346,0.0000,0.000186,"[0.22,0.51,1.42]","[0.44,0.40,0.24]"
47530,2.5647,0.4342,0.0000,0.000186,"[0.21,0.50,1.43]","[0.45,0.41,0.24]"
47540,2.7456,0.4334,0.0000,0.000186,"[0.22,0.51,1.44]","[0.45,0.41,0.24]"
47550,2.6035,0.4391,0.0000,0.000186,"[0.23,0.49,1.42]","[0.46,0.42,0.24]"
47560,2.6526,0.4424,0.0000,0.000186,"[0.21,0.52,1.44]","[0.44,0.41,0.24]"
47570,2.8488,0.4368,0.0000,0.000186,"[0.21,0.50,1.43]","[0.45,0.41,0.24]"
47580,2.8736,0.4292,0.0000,0.000186,"[0.21,0.51,1.43]","[0.45,0.39,0.24]"
47590,2.6999,0.4399,0.0000,0.000185,"[0.21,0.51,1.44]","[0.44,0.39,0.24]"
47600,2.8368,0.4429,0.0000,0.000185,"[0.21,0.52,1.44]","[0.44,0.41,0.24]"
47610,2.5237,0.4447,0.0000,0.000185,"[0.22,0.50,1.42]","[0.45,0.41,0.24]"
47620,2.8751,0.4591,0.0000,0.000185,"[0.21,0.51,1.44]","[0.45,0.40,0.24]"
47630,2.5160,0.4474,0.0000,0.000185,"[0.21,0.51,1.43]","[0.45,0.40,0.24]"
47640,2.8287,0.4476,0.0000,0.000185,"[0.21,0.52,1.43]","[0.45,0.41,0.24]"
47650,2.5431,0.4382,0.0000,0.000185,"[0.22,0.50,1.41]","[0.45,0.41,0.24]"
47660,2.7120,0.4398,0.0000,0.000185,"[0.23,0.50,1.40]","[0.45,0.41,0.24]"
47670,2.7699,0.4473,0.0000,0.000185,"[0.21,0.52,1.44]","[0.45,0.40,0.24]"
47680,2.7213,0.4296,0.0000,0.000185,"[0.22,0.51,1.43]","[0.45,0.41,0.24]"
47690,3.0323,0.4457,0.0000,0.000185,"[0.21,0.51,1.43]","[0.44,0.40,0.24]"
47700,2.6176,0.4335,0.0000,0.000185,"[0.21,0.51,1.42]","[0.44,0.41,0.24]"
47710,2.6292,0.4395,0.0000,0.000185,"[0.21,0.51,1.43]","[0.45,0.40,0.24]"
47720,2.7696,0.4545,0.0000,0.000185,"[0.21,0.52,1.44]","[0.44,0.42,0.24]"
47730,2.8125,0.4368,0.0000,0.000185,"[0.21,0.52,1.44]","[0.45,0.39,0.24]"
47740,2.7234,0.4341,0.0000,0.000185,"[0.21,0.51,1.44]","[0.45,0.39,0.24]"
47750,2.6946,0.4322,0.0000,0.000185,"[0.22,0.51,1.44]","[0.46,0.41,0.24]"
47760,2.5672,0.4382,0.0000,0.000185,"[0.22,0.51,1.43]","[0.46,0.41,0.24]"
47770,2.8461,0.4533,0.0000,0.000185,"[0.22,0.52,1.43]","[0.46,0.40,0.24]"
47780,2.6731,0.4473,0.0000,0.000185,"[0.21,0.50,1.43]","[0.44,0.41,0.24]"
47790,2.9300,0.4524,0.0000,0.000185,"[0.20,0.52,1.45]","[0.45,0.40,0.24]"
47800,2.9746,0.4498,0.0000,0.000185,"[0.22,0.52,1.45]","[0.45,0.41,0.24]"
47810,2.7196,0.4529,0.0000,0.000185,"[0.23,0.51,1.44]","[0.45,0.42,0.24]"
47820,2.7950,0.4521,0.0000,0.000185,"[0.21,0.52,1.43]","[0.45,0.41,0.24]"
47830,2.8753,0.4516,0.0000,0.000185,"[0.22,0.51,1.43]","[0.45,0.40,0.24]"
47840,2.7100,0.4409,0.0000,0.000185,"[0.22,0.52,1.45]","[0.45,0.41,0.24]"
47850,2.6926,0.4541,0.0000,0.000184,"[0.21,0.52,1.43]","[0.45,0.41,0.24]"
47860,2.7348,0.4512,0.0000,0.000184,"[0.21,0.51,1.43]","[0.44,0.40,0.24]"
47870,2.6668,0.4549,0.0000,0.000184,"[0.20,0.52,1.43]","[0.45,0.40,0.24]"
47880,3.0490,0.4541,0.0000,0.000184,"[0.21,0.52,1.44]","[0.44,0.40,0.24]"
47890,2.7749,0.4472,0.0000,0.000184,"[0.21,0.51,1.42]","[0.45,0.40,0.24]"
47900,2.7480,0.4484,0.0000,0.000184,"[0.21,0.52,1.42]","[0.43,0.42,0.24]"
47910,2.6389,0.4528,0.0000,0.000184,"[0.21,0.52,1.43]","[0.44,0.40,0.24]"
47920,2.6224,0.4567,0.0000,0.000184,"[0.22,0.51,1.43]","[0.45,0.41,0.24]"
47930,2.4984,0.4450,0.0000,0.000184,"[0.22,0.51,1.42]","[0.45,0.39,0.24]"
47940,2.6172,0.4503,0.0000,0.000184,"[0.21,0.51,1.44]","[0.45,0.41,0.24]"
47950,2.7611,0.4377,0.0000,0.000184,"[0.21,0.52,1.42]","[0.45,0.43,0.24]"
47960,2.7180,0.4330,0.0000,0.000184,"[0.22,0.51,1.43]","[0.45,0.40,0.24]"
47970,2.4988,0.4401,0.0000,0.000184,"[0.22,0.51,1.44]","[0.44,0.40,0.24]"
47980,2.7927,0.4491,0.0000,0.000184,"[0.22,0.51,1.41]","[0.44,0.41,0.24]"
47990,2.5625,0.4519,0.0000,0.000184,"[0.22,0.50,1.42]","[0.45,0.40,0.24]"
48000,2.7461,0.4533,0.0000,0.000184,"[0.21,0.50,1.44]","[0.44,0.39,0.24]"
48010,2.7246,0.4443,0.0000,0.000184,"[0.22,0.51,1.42]","[0.44,0.41,0.24]"
48020,2.4541,0.4480,0.0000,0.000184,"[0.22,0.51,1.43]","[0.45,0.41,0.24]"
48030,2.6745,0.4477,0.0000,0.000184,"[0.22,0.50,1.42]","[0.46,0.42,0.24]"
48040,2.6088,0.4460,0.0000,0.000184,"[0.21,0.50,1.42]","[0.45,0.40,0.24]"
48050,2.5955,0.4550,0.0000,0.000184,"[0.21,0.51,1.43]","[0.45,0.41,0.24]"
48060,2.8415,0.4549,0.0000,0.000184,"[0.21,0.53,1.43]","[0.45,0.40,0.24]"
48070,2.6011,0.4541,0.0000,0.000184,"[0.23,0.51,1.42]","[0.45,0.39,0.24]"
48080,2.7704,0.4426,0.0000,0.000184,"[0.21,0.52,1.43]","[0.46,0.40,0.24]"
48090,2.6094,0.4401,0.0000,0.000184,"[0.23,0.49,1.41]","[0.46,0.41,0.24]"
48100,2.4587,0.4386,0.0000,0.000183,"[0.22,0.51,1.43]","[0.44,0.41,0.24]"
48110,2.6138,0.4506,0.0000,0.000183,"[0.22,0.51,1.42]","[0.45,0.41,0.24]"
48120,2.6028,0.4584,0.0000,0.000183,"[0.23,0.50,1.40]","[0.44,0.40,0.24]"
48130,2.7249,0.4494,0.0000,0.000183,"[0.22,0.52,1.43]","[0.45,0.41,0.24]"
48140,2.6370,0.4539,0.0000,0.000183,"[0.21,0.52,1.43]","[0.44,0.38,0.24]"
48150,2.6547,0.4593,0.0000,0.000183,"[0.21,0.52,1.44]","[0.44,0.39,0.24]"
48160,2.6947,0.4599,0.0000,0.000183,"[0.22,0.51,1.42]","[0.44,0.39,0.24]"
48170,2.6299,0.4553,0.0000,0.000183,"[0.22,0.50,1.42]","[0.46,0.40,0.24]"
48180,2.5117,0.4592,0.0000,0.000183,"[0.21,0.51,1.43]","[0.45,0.41,0.24]"
48190,2.8711,0.4512,0.0000,0.000183,"[0.21,0.52,1.44]","[0.44,0.39,0.24]"
48200,2.8162,0.4441,0.0000,0.000183,"[0.22,0.52,1.43]","[0.44,0.42,0.24]"
48210,2.9585,0.4387,0.0000,0.000183,"[0.21,0.52,1.43]","[0.45,0.39,0.24]"
48220,2.6774,0.4392,0.0000,0.000183,"[0.21,0.51,1.43]","[0.43,0.39,0.24]"
48230,2.8427,0.4561,0.0000,0.000183,"[0.22,0.51,1.44]","[0.44,0.41,0.24]"
48240,2.8398,0.4557,0.0000,0.000183,"[0.20,0.51,1.43]","[0.44,0.41,0.24]"
48250,2.6277,0.4496,0.0000,0.000183,"[0.21,0.51,1.43]","[0.44,0.42,0.24]"
48260,2.8546,0.4609,0.0000,0.000183,"[0.22,0.52,1.42]","[0.45,0.39,0.24]"
48270,2.7037,0.4564,0.0000,0.000183,"[0.22,0.52,1.43]","[0.44,0.41,0.24]"
48280,2.9544,0.4575,0.0000,0.000183,"[0.21,0.52,1.45]","[0.45,0.42,0.24]"
48290,2.8894,0.4353,0.0000,0.000183,"[0.22,0.52,1.43]","[0.44,0.42,0.24]"
48300,2.6992,0.4400,0.0000,0.000183,"[0.22,0.51,1.42]","[0.44,0.43,0.24]"
48310,2.6458,0.4481,0.0000,0.000183,"[0.22,0.50,1.42]","[0.43,0.41,0.24]"
48320,2.7952,0.4394,0.0000,0.000183,"[0.22,0.53,1.43]","[0.46,0.41,0.24]"
48330,2.7522,0.4492,0.0000,0.000183,"[0.21,0.53,1.44]","[0.43,0.41,0.24]"
48340,2.6354,0.4442,0.0000,0.000183,"[0.23,0.50,1.41]","[0.46,0.40,0.24]"
48350,2.7049,0.4462,0.0000,0.000182,"[0.22,0.52,1.43]","[0.44,0.42,0.24]"
48360,2.6922,0.4589,0.0000,0.000182,"[0.22,0.53,1.43]","[0.45,0.41,0.24]"
48370,2.4635,0.4551,0.0000,0.000182,"[0.22,0.52,1.44]","[0.46,0.41,0.24]"
48380,2.6286,0.4520,0.0000,0.000182,"[0.22,0.51,1.43]","[0.46,0.41,0.24]"
48390,2.4760,0.4476,0.0000,0.000182,"[0.23,0.50,1.43]","[0.45,0.41,0.24]"
48400,2.4915,0.4548,0.0000,0.000182,"[0.21,0.53,1.43]","[0.45,0.41,0.24]"
48410,2.9042,0.4553,0.0000,0.000182,"[0.21,0.52,1.44]","[0.45,0.40,0.24]"
48420,2.8656,0.4532,0.0000,0.000182,"[0.21,0.53,1.44]","[0.43,0.40,0.24]"
48430,2.6744,0.4619,0.0000,0.000182,"[0.23,0.50,1.42]","[0.45,0.42,0.24]"
48440,2.9222,0.4636,0.0000,0.000182,"[0.20,0.53,1.46]","[0.44,0.39,0.24]"
48450,2.7490,0.4601,0.0000,0.000182,"[0.22,0.52,1.43]","[0.45,0.42,0.24]"
48460,2.9286,0.4618,0.0000,0.000182,"[0.22,0.53,1.43]","[0.44,0.40,0.24]"
48470,2.4975,0.4601,0.0000,0.000182,"[0.23,0.51,1.42]","[0.45,0.40,0.24]"
48480,2.7373,0.4643,0.0000,0.000182,"[0.21,0.53,1.44]","[0.44,0.40,0.24]"
48490,2.5736,0.4674,0.0000,0.000182,"[0.22,0.50,1.43]","[0.46,0.41,0.24]"
48500,2.7413,0.4596,0.0000,0.000182,"[0.23,0.51,1.42]","[0.45,0.40,0.24]"
48510,2.5860,0.4569,0.0000,0.000182,"[0.23,0.51,1.43]","[0.44,0.41,0.24]"
48520,2.6631,0.4495,0.0000,0.000182,"[0.21,0.51,1.43]","[0.43,0.39,0.24]"
48530,2.5253,0.4438,0.0000,0.000182,"[0.21,0.51,1.43]","[0.44,0.39,0.24]"
48540,2.7252,0.4469,0.0000,0.000182,"[0.22,0.52,1.42]","[0.44,0.40,0.24]"
48550,2.7155,0.4479,0.0000,0.000182,"[0.21,0.53,1.42]","[0.44,0.40,0.24]"
48560,2.7118,0.4544,0.0000,0.000182,"[0.22,0.53,1.43]","[0.45,0.40,0.24]"
48570,2.5579,0.4528,0.0000,0.000182,"[0.22,0.54,1.43]","[0.46,0.40,0.24]"
48580,2.6385,0.4565,0.0000,0.000182,"[0.23,0.52,1.42]","[0.45,0.40,0.24]"
48590,2.5518,0.4621,0.0000,0.000182,"[0.22,0.50,1.41]","[0.46,0.40,0.24]"
48600,2.6679,0.4502,0.0000,0.000182,"[0.22,0.52,1.42]","[0.45,0.41,0.24]"
48610,2.6285,0.4574,0.0000,0.000181,"[0.20,0.52,1.43]","[0.45,0.40,0.24]"
48620,2.5668,0.4482,0.0000,0.000181,"[0.22,0.52,1.42]","[0.44,0.42,0.24]"
48630,2.5859,0.4531,0.0000,0.000181,"[0.21,0.53,1.43]","[0.44,0.39,0.24]"
48640,2.6196,0.4662,0.0000,0.000181,"[0.22,0.51,1.42]","[0.45,0.41,0.24]"
48650,2.6465,0.4529,0.0000,0.000181,"[0.23,0.51,1.41]","[0.45,0.42,0.24]"
48660,2.6592,0.4594,0.0000,0.000181,"[0.22,0.52,1.43]","[0.45,0.41,0.24]"
48670,2.5642,0.4570,0.0000,0.000181,"[0.21,0.51,1.42]","[0.44,0.40,0.24]"
48680,2.8591,0.4614,0.0000,0.000181,"[0.21,0.53,1.44]","[0.44,0.39,0.24]"
48690,2.4438,0.4439,0.0000,0.000181,"[0.22,0.53,1.42]","[0.46,0.42,0.24]"
48700,2.5394,0.4443,0.0000,0.000181,"[0.22,0.51,1.42]","[0.45,0.40,0.24]"
48710,2.7283,0.4408,0.0000,0.000181,"[0.23,0.50,1.42]","[0.45,0.41,0.24]"
48720,2.7453,0.4586,0.0000,0.000181,"[0.21,0.54,1.44]","[0.43,0.40,0.24]"
48730,2.5733,0.4625,0.0000,0.000181,"[0.22,0.52,1.44]","[0.44,0.41,0.24]"
48740,2.6779,0.4584,0.0000,0.000181,"[0.21,0.52,1.43]","[0.46,0.39,0.24]"
48750,2.5461,0.4541,0.0000,0.000181,"[0.22,0.51,1.43]","[0.45,0.39,0.24]"
48760,2.8034,0.4656,0.0000,0.000181,"[0.22,0.51,1.43]","[0.45,0.41,0.24]"
48770,2.7289,0.4709,0.0000,0.000181,"[0.22,0.51,1.42]","[0.46,0.39,0.24]"
48780,2.6574,0.4697,0.0000,0.000181,"[0.21,0.53,1.43]","[0.45,0.40,0.24]"
48790,2.5478,0.4601,0.0000,0.000181,"[0.21,0.50,1.41]","[0.44,0.41,0.24]"
48800,2.6181,0.4571,0.0000,0.000181,"[0.22,0.51,1.41]","[0.44,0.39,0.24]"
48810,2.6350,0.4394,0.0000,0.000181,"[0.23,0.52,1.43]","[0.45,0.41,0.24]"
48820,2.7821,0.4422,0.0000,0.000181,"[0.23,0.52,1.42]","[0.44,0.40,0.24]"
48830,2.7071,0.4447,0.0000,0.000181,"[0.22,0.52,1.42]","[0.44,0.40,0.24]"
48840,2.9352,0.4473,0.0000,0.000181,"[0.20,0.52,1.44]","[0.45,0.39,0.24]"
48850,2.4083,0.4553,0.0000,0.000181,"[0.24,0.50,1.41]","[0.46,0.41,0.24]"
48860,2.6816,0.4599,0.0000,0.000180,"[0.23,0.52,1.42]","[0.45,0.40,0.24]"
48870,2.7062,0.4683,0.0000,0.000180,"[0.22,0.52,1.43]","[0.44,0.39,0.24]"
48880,2.8716,0.4765,0.0000,0.000180,"[0.21,0.54,1.45]","[0.43,0.42,0.24]"
48890,2.8251,0.4633,0.0000,0.000180,"[0.21,0.53,1.45]","[0.45,0.40,0.24]"
48900,2.6194,0.4661,0.0000,0.000180,"[0.21,0.52,1.43]","[0.45,0.40,0.24]"
48910,2.5179,0.4746,0.0000,0.000180,"[0.22,0.51,1.43]","[0.45,0.41,0.24]"
48920,2.5261,0.4802,0.0000,0.000180,"[0.23,0.50,1.42]","[0.45,0.40,0.24]"
48930,2.7536,0.4656,0.0000,0.000180,"[0.22,0.52,1.42]","[0.45,0.40,0.24]"
48940,2.6378,0.4677,0.0000,0.000180,"[0.21,0.52,1.43]","[0.45,0.42,0.24]"
48950,2.5718,0.4628,0.0000,0.000180,"[0.21,0.53,1.43]","[0.44,0.41,0.24]"
48960,2.6436,0.4663,0.0000,0.000180,"[0.22,0.52,1.43]","[0.44,0.40,0.24]"
48970,2.6576,0.4634,0.0000,0.000180,"[0.22,0.52,1.42]","[0.45,0.40,0.24]"
48980,2.5478,0.4496,0.0000,0.000180,"[0.22,0.53,1.42]","[0.44,0.40,0.24]"
48990,2.7274,0.4608,0.0000,0.000180,"[0.22,0.52,1.43]","[0.44,0.40,0.24]"
49000,2.8477,0.4555,0.0000,0.000180,"[0.21,0.53,1.44]","[0.43,0.39,0.24]"

49510,2.5099,0.4651,0.0000,0.000178,"[0.23,0.51,1.43]","[0.45,0.41,0.24]"
49520,2.6902,0.4791,0.0000,0.000178,"[0.22,0.52,1.44]","[0.45,0.40,0.24]"
49530,2.7609,0.4768,0.0000,0.000178,"[0.22,0.54,1.46]","[0.45,0.40,0.24]"
49540,2.7798,0.4811,0.0000,0.000178,"[0.22,0.53,1.44]","[0.43,0.39,0.24]"
49550,2.7790,0.4757,0.0000,0.000178,"[0.22,0.53,1.43]","[0.44,0.39,0.24]"
49560,2.7481,0.4929,0.0000,0.000178,"[0.23,0.53,1.42]","[0.45,0.42,0.24]"
49570,2.5557,0.4815,0.0000,0.000178,"[0.23,0.52,1.42]","[0.46,0.40,0.24]"
49580,2.5438,0.4909,0.0000,0.000178,"[0.21,0.52,1.44]","[0.44,0.40,0.24]"
49590,2.7776,0.4841,0.0000,0.000178,"[0.21,0.53,1.45]","[0.43,0.40,0.24]"
49600,2.4465,0.4870,0.0000,0.000178,"[0.22,0.51,1.42]","[0.44,0.41,0.24]"
49610,2.9373,0.4744,0.0000,0.000178,"[0.22,0.53,1.44]","[0.44,0.39,0.24]"
49620,2.8182,0.4615,0.0000,0.000177,"[0.22,0.53,1.43]","[0.45,0.39,0.24]"
49630,2.8240,0.4725,0.0000,0.000177,"[0.21,0.55,1.48]","[0.43,0.38,0.24]"
49640,2.6776,0.4770,0.0000,0.000177,"[0.22,0.52,1.45]","[0.43,0.39,0.24]"
49650,2.7307,0.5054,0.0001,0.000177,"[0.21,0.52,1.44]","[0.44,0.40,0.24]"
49660,2.7612,0.5475,0.0000,0.000177,"[0.22,0.53,1.43]","[0.45,0.39,0.24]"
49670,2.6830,0.5578,0.0000,0.000177,"[0.22,0.53,1.44]","[0.45,0.40,0.24]"
49680,2.6814,0.5440,0.0000,0.000177,"[0.23,0.51,1.43]","[0.44,0.40,0.24]"
49690,2.6001,0.5254,0.0000,0.000177,"[0.22,0.54,1.44]","[0.44,0.40,0.24]"
49700,2.6692,0.5191,0.0000,0.000177,"[0.23,0.53,1.43]","[0.47,0.41,0.24]"
49710,2.8343,0.5458,0.0000,0.000177,"[0.22,0.53,1.45]","[0.44,0.40,0.24]"
49720,2.5298,0.5280,0.0000,0.000177,"[0.22,0.52,1.43]","[0.46,0.42,0.24]"
49730,2.7507,0.5007,0.0000,0.000177,"[0.22,0.53,1.45]","[0.44,0.41,0.24]"
49740,2.6409,0.5097,0.0000,0.000177,"[0.21,0.53,1.45]","[0.43,0.40,0.24]"
49750,2.6423,0.5078,0.0000,0.000177,"[0.22,0.53,1.43]","[0.44,0.40,0.24]"
49760,2.6421,0.5110,0.0000,0.000177,"[0.21,0.53,1.45]","[0.44,0.40,0.24]"
49770,2.6121,0.5122,0.0000,0.000177,"[0.22,0.54,1.44]","[0.44,0.40,0.24]"
49780,2.5597,0.5108,0.0000,0.000177,"[0.21,0.52,1.43]","[0.44,0.40,0.24]"
49790,2.9290,0.5116,0.0000,0.000177,"[0.21,0.53,1.44]","[0.43,0.40,0.24]"
49800,2.5050,0.5017,0.0000,0.000177,"[0.24,0.53,1.43]","[0.45,0.41,0.24]"
49810,2.7045,0.5009,0.0000,0.000177,"[0.23,0.54,1.44]","[0.45,0.42,0.24]"
49820,2.7677,0.5089,0.0000,0.000177,"[0.22,0.52,1.43]","[0.44,0.39,0.24]"
49830,2.6575,0.4931,0.0000,0.000177,"[0.22,0.54,1.44]","[0.45,0.40,0.24]"
49840,2.7152,0.4954,0.0000,0.000177,"[0.21,0.53,1.43]","[0.45,0.38,0.24]"
49850,2.7121,0.5055,0.0000,0.000177,"[0.22,0.53,1.43]","[0.44,0.40,0.24]"
49860,2.5815,0.5058,0.0000,0.000177,"[0.22,0.53,1.43]","[0.45,0.40,0.24]"
49870,2.7160,0.5067,0.0000,0.000177,"[0.22,0.53,1.43]","[0.45,0.42,0.24]"
49880,2.6262,0.5098,0.0000,0.000176,"[0.22,0.52,1.41]","[0.45,0.40,0.24]"
49890,2.6909,0.5081,0.0000,0.000176,"[0.22,0.53,1.42]","[0.44,0.41,0.24]"
49900,2.4685,0.4961,0.0000,0.000176,"[0.22,0.52,1.42]","[0.45,0.41,0.24]"
49910,2.6176,0.5047,0.0000,0.000176,"[0.23,0.53,1.44]","[0.45,0.41,0.24]"
49920,2.3651,0.5003,0.0000,0.000176,"[0.22,0.51,1.41]","[0.44,0.40,0.24]"
49930,2.6943,0.4913,0.0000,0.000176,"[0.22,0.55,1.43]","[0.44,0.41,0.24]"
49940,2.3459,0.4984,0.0000,0.000176,"[0.23,0.51,1.41]","[0.44,0.40,0.24]"
49950,2.7012,0.5080,0.0000,0.000176,"[0.24,0.52,1.42]","[0.45,0.42,0.24]"
49960,2.6416,0.5058,0.0000,0.000176,"[0.22,0.51,1.40]","[0.45,0.40,0.24]"
49970,2.4851,0.5093,0.0000,0.000176,"[0.22,0.51,1.41]","[0.44,0.39,0.24]"
49980,2.6384,0.5109,0.0000,0.000176,"[0.24,0.52,1.41]","[0.45,0.42,0.24]"
49990,2.9583,0.5125,0.0000,0.000176,"[0.20,0.53,1.43]","[0.43,0.40,0.24]"
50000,2.4339,0.5108,0.0000,0.000176,"[0.23,0.53,1.41]","[0.45,0.40,0.24]"
50010,2.6449,0.5158,0.0000,0.000176,"[0.22,0.53,1.42]","[0.44,0.41,0.24]"
50020,2.6979,0.5069,0.0000,0.000176,"[0.21,0.54,1.44]","[0.43,0.39,0.24]"
50030,2.4137,0.5040,0.0000,0.000176,"[0.21,0.54,1.43]","[0.44,0.41,0.24]"
50040,2.7662,0.5006,0.0000,0.000176,"[0.22,0.54,1.42]","[0.44,0.39,0.24]"
50050,2.5036,0.5129,0.0000,0.000176,"[0.22,0.53,1.42]","[0.44,0.42,0.24]"
50060,2.7091,0.5190,0.0000,0.000176,"[0.22,0.53,1.43]","[0.44,0.40,0.24]"
50070,2.7588,0.5124,0.0000,0.000176,"[0.21,0.52,1.42]","[0.43,0.39,0.24]"
50080,2.6479,0.5142,0.0000,0.000176,"[0.22,0.53,1.42]","[0.43,0.40,0.24]"
50090,2.4897,0.5144,0.0000,0.000176,"[0.22,0.53,1.42]","[0.44,0.41,0.24]"
50100,2.3040,0.5041,0.0000,0.000176,"[0.24,0.51,1.41]","[0.46,0.41,0.24]"
50110,2.6245,0.4918,0.0000,0.000176,"[0.22,0.52,1.41]","[0.45,0.41,0.24]"
50120,2.7179,0.4992,0.0000,0.000176,"[0.21,0.55,1.44]","[0.43,0.42,0.24]"
50130,2.4818,0.5098,0.0000,0.000175,"[0.21,0.53,1.42]","[0.44,0.40,0.24]"
50140,2.5811,0.4966,0.0000,0.000175,"[0.22,0.54,1.44]","[0.44,0.40,0.24]"
50150,2.5768,0.5053,0.0000,0.000175,"[0.21,0.52,1.42]","[0.43,0.40,0.24]"
50160,2.8112,0.5027,0.0000,0.000175,"[0.22,0.53,1.44]","[0.44,0.41,0.24]"
50170,2.5810,0.5071,0.0000,0.000175,"[0.24,0.51,1.40]","[0.45,0.41,0.24]"
50180,2.8771,0.5123,0.0000,0.000175,"[0.19,0.54,1.43]","[0.44,0.39,0.24]"
50190,2.6963,0.5029,0.0000,0.000175,"[0.22,0.54,1.44]","[0.45,0.41,0.24]"
50200,2.5816,0.4985,0.0000,0.000175,"[0.23,0.52,1.41]","[0.42,0.40,0.24]"
50210,2.5522,0.4909,0.0000,0.000175,"[0.22,0.53,1.42]","[0.45,0.40,0.24]"
50220,2.7136,0.4929,0.0000,0.000175,"[0.22,0.53,1.41]","[0.45,0.40,0.24]"
50230,2.8248,0.4913,0.0000,0.000175,"[0.22,0.53,1.41]","[0.43,0.40,0.24]"
50240,2.6931,0.4836,0.0000,0.000175,"[0.24,0.52,1.42]","[0.45,0.41,0.24]"
50250,2.8265,0.4937,0.0000,0.000175,"[0.22,0.54,1.42]","[0.43,0.43,0.24]"
50260,2.5918,0.4930,0.0000,0.000175,"[0.22,0.54,1.42]","[0.43,0.40,0.24]"
50270,2.3868,0.5041,0.0000,0.000175,"[0.22,0.53,1.42]","[0.44,0.41,0.24]"
50280,2.6283,0.5034,0.0000,0.000175,"[0.23,0.53,1.43]","[0.44,0.41,0.24]"
50290,2.4999,0.5016,0.0000,0.000175,"[0.22,0.53,1.42]","[0.45,0.41,0.24]"
50300,2.5641,0.4979,0.0000,0.000175,"[0.22,0.53,1.43]","[0.44,0.40,0.24]"
50310,2.6615,0.4838,0.0000,0.000175,"[0.22,0.54,1.42]","[0.45,0.41,0.24]"
50320,2.8974,0.4992,0.0000,0.000175,"[0.23,0.54,1.43]","[0.43,0.42,0.24]"
50330,2.5923,0.4976,0.0000,0.000175,"[0.23,0.52,1.42]","[0.45,0.40,0.24]"
50340,2.5582,0.4882,0.0000,0.000175,"[0.22,0.53,1.42]","[0.44,0.40,0.24]"
50350,2.6447,0.4999,0.0000,0.000175,"[0.22,0.54,1.44]","[0.44,0.41,0.24]"
50360,2.7084,0.5004,0.0000,0.000175,"[0.22,0.52,1.42]","[0.43,0.39,0.24]"
50370,2.8110,0.5052,0.0000,0.000175,"[0.23,0.54,1.44]","[0.44,0.41,0.24]"
50380,2.5336,0.4994,0.0000,0.000174,"[0.23,0.54,1.43]","[0.45,0.40,0.24]"
50390,2.7590,0.5033,0.0000,0.000174,"[0.22,0.53,1.43]","[0.44,0.39,0.24]"
50400,2.7044,0.5058,0.0000,0.000174,"[0.23,0.53,1.42]","[0.45,0.40,0.24]"
50410,2.6620,0.5191,0.0000,0.000174,"[0.23,0.53,1.41]","[0.44,0.41,0.24]"
50420,2.7059,0.5136,0.0000,0.000174,"[0.22,0.54,1.43]","[0.45,0.40,0.24]"
50430,2.5029,0.5081,0.0000,0.000174,"[0.22,0.54,1.41]","[0.44,0.40,0.24]"
50440,2.7510,0.5058,0.0000,0.000174,"[0.23,0.53,1.42]","[0.44,0.39,0.24]"
50450,2.4509,0.5112,0.0000,0.000174,"[0.24,0.52,1.42]","[0.45,0.41,0.24]"
50460,2.6991,0.5131,0.0000,0.000174,"[0.22,0.53,1.43]","[0.45,0.41,0.24]"
50470,2.6186,0.5015,0.0000,0.000174,"[0.21,0.54,1.43]","[0.43,0.40,0.24]"
50480,2.7280,0.4971,0.0000,0.000174,"[0.22,0.52,1.44]","[0.43,0.39,0.24]"
50490,2.6668,0.4961,0.0000,0.000174,"[0.23,0.53,1.42]","[0.45,0.41,0.24]"
50500,2.7031,0.5023,0.0000,0.000174,"[0.23,0.53,1.42]","[0.44,0.41,0.24]"
50510,2.6079,0.5151,0.0000,0.000174,"[0.24,0.52,1.43]","[0.45,0.41,0.24]"
50520,2.6401,0.5151,0.0000,0.000174,"[0.22,0.52,1.41]","[0.44,0.39,0.24]"
50530,2.6949,0.5088,0.0000,0.000174,"[0.22,0.53,1.43]","[0.44,0.39,0.24]"
50540,2.5000,0.4951,0.0000,0.000174,"[0.22,0.52,1.42]","[0.44,0.40,0.24]"
50550,2.6430,0.5061,0.0000,0.000174,"[0.23,0.53,1.42]","[0.46,0.41,0.24]"
50560,2.5437,0.5119,0.0000,0.000174,"[0.24,0.52,1.42]","[0.45,0.43,0.24]"
50570,2.9857,0.5121,0.0000,0.000174,"[0.22,0.54,1.44]","[0.45,0.40,0.24]"
50580,2.6457,0.5071,0.0000,0.000174,"[0.22,0.54,1.44]","[0.43,0.40,0.24]"
50590,2.5760,0.5105,0.0000,0.000174,"[0.22,0.53,1.43]","[0.45,0.41,0.24]"
50600,2.6652,0.5146,0.0000,0.000174,"[0.22,0.52,1.43]","[0.43,0.39,0.24]"
50610,2.4537,0.5130,0.0000,0.000174,"[0.22,0.53,1.43]","[0.44,0.39,0.24]"
50620,2.9555,0.5199,0.0000,0.000174,"[0.21,0.55,1.44]","[0.43,0.40,0.24]"
50630,2.9738,0.5140,0.0000,0.000174,"[0.22,0.54,1.43]","[0.43,0.40,0.24]"
50640,2.4938,0.5196,0.0000,0.000173,"[0.22,0.53,1.44]","[0.44,0.41,0.24]"
50650,2.5897,0.5064,0.0000,0.000173,"[0.23,0.53,1.42]","[0.45,0.40,0.24]"
50660,2.8242,0.5112,0.0000,0.000173,"[0.23,0.54,1.44]","[0.44,0.40,0.24]"
50670,2.8059,0.4975,0.0000,0.000173,"[0.21,0.54,1.43]","[0.45,0.39,0.24]"
50680,2.7390,0.4902,0.0000,0.000173,"[0.22,0.53,1.43]","[0.44,0.39,0.24]"
50690,2.5546,0.4901,0.0000,0.000173,"[0.22,0.54,1.43]","[0.44,0.40,0.24]"
50700,2.5933,0.4984,0.0000,0.000173,"[0.23,0.53,1.43]","[0.45,0.40,0.24]"
50710,2.6644,0.4934,0.0000,0.000173,"[0.21,0.55,1.44]","[0.43,0.39,0.24]"
50720,2.6285,0.4752,0.0000,0.000173,"[0.23,0.54,1.42]","[0.44,0.40,0.24]"
50730,2.6308,0.4937,0.0000,0.000173,"[0.23,0.53,1.42]","[0.46,0.41,0.24]"
50740,2.7268,0.4944,0.0000,0.000173,"[0.21,0.53,1.42]","[0.44,0.40,0.24]"
50750,2.7567,0.5075,0.0000,0.000173,"[0.22,0.52,1.43]","[0.45,0.40,0.24]"
50760,2.7550,0.5075,0.0000,0.000173,"[0.22,0.55,1.43]","[0.43,0.40,0.24]"
50770,2.6797,0.5100,0.0000,0.000173,"[0.22,0.54,1.43]","[0.45,0.40,0.24]"
50780,2.8101,0.5075,0.0000,0.000173,"[0.20,0.55,1.43]","[0.43,0.39,0.24]"
50790,2.8431,0.5067,0.0000,0.000173,"[0.21,0.55,1.43]","[0.44,0.39,0.24]"
50800,2.5216,0.4889,0.0000,0.000173,"[0.23,0.52,1.41]","[0.45,0.41,0.24]"
50810,2.5852,0.4937,0.0000,0.000173,"[0.22,0.53,1.42]","[0.44,0.39,0.24]"
50820,2.7558,0.5134,0.0000,0.000173,"[0.21,0.54,1.43]","[0.44,0.38,0.24]"
50830,2.6594,0.5220,0.0000,0.000173,"[0.23,0.53,1.42]","[0.45,0.40,0.24]"
50840,2.6193,0.5143,0.0000,0.000173,"[0.22,0.54,1.41]","[0.44,0.41,0.24]"
50850,2.6130,0.5124,0.0000,0.000173,"[0.23,0.54,1.43]","[0.44,0.41,0.24]"
50860,2.8131,0.5105,0.0000,0.000173,"[0.23,0.53,1.43]","[0.44,0.39,0.24]"
50870,2.6022,0.5075,0.0000,0.000173,"[0.22,0.55,1.43]","[0.44,0.40,0.24]"
50880,2.7805,0.5122,0.0000,0.000173,"[0.24,0.51,1.41]","[0.46,0.40,0.24]"
50890,2.5276,0.5175,0.0000,0.000172,"[0.23,0.53,1.42]","[0.44,0.40,0.24]"
50900,2.7166,0.5048,0.0000,0.000172,"[0.23,0.52,1.42]","[0.42,0.39,0.24]"
50910,2.5877,0.5043,0.0000,0.000172,"[0.22,0.54,1.43]","[0.44,0.40,0.24]"
50920,2.6187,0.5091,0.0000,0.000172,"[0.22,0.54,1.43]","[0.44,0.41,0.24]"
50930,2.6337,0.5344,0.0000,0.000172,"[0.23,0.55,1.44]","[0.45,0.41,0.24]"
50940,2.6993,0.5313,0.0000,0.000172,"[0.23,0.53,1.42]","[0.45,0.40,0.24]"
50950,2.5958,0.5201,0.0000,0.000172,"[0.24,0.52,1.40]","[0.46,0.42,0.24]"
50960,2.8004,0.5184,0.0000,0.000172,"[0.22,0.52,1.41]","[0.44,0.40,0.24]"
50970,2.4135,0.5146,0.0000,0.000172,"[0.23,0.53,1.42]","[0.45,0.40,0.24]"
50980,2.5681,0.5130,0.0000,0.000172,"[0.21,0.55,1.44]","[0.44,0.39,0.24]"
50990,2.4396,0.5244,0.0000,0.000172,"[0.24,0.53,1.41]","[0.45,0.40,0.24]"
51000,2.3658,0.5208,0.0000,0.000172,"[0.23,0.54,1.42]","[0.44,0.41,0.24]"
51010,2.5980,0.5349,0.0000,0.000172,"[0.22,0.54,1.43]","[0.45,0.41,0.24]"
51020,2.4809,0.5283,0.0000,0.000172,"[0.22,0.54,1.41]","[0.44,0.40,0.24]"
51030,2.8081,0.5247,0.0000,0.000172,"[0.22,0.54,1.41]","[0.44,0.41,0.24]"
51040,2.5097,0.5304,0.0000,0.000172,"[0.23,0.54,1.43]","[0.44,0.40,0.24]"
51050,2.4559,0.5114,0.0000,0.000172,"[0.23,0.52,1.41]","[0.44,0.42,0.24]"
51060,2.6986,0.5216,0.0000,0.000172,"[0.23,0.53,1.43]","[0.45,0.40,0.24]"
51070,2.3809,0.5114,0.0000,0.000172,"[0.22,0.53,1.43]","[0.45,0.40,0.24]"
51080,2.5927,0.5087,0.0000,0.000172,"[0.22,0.54,1.45]","[0.44,0.41,0.24]"
51090,2.6909,0.5164,0.0000,0.000172,"[0.22,0.55,1.42]","[0.44,0.42,0.24]"
51100,2.6242,0.5269,0.0000,0.000172,"[0.23,0.55,1.43]","[0.44,0.43,0.24]"
51110,2.7288,0.5212,0.0000,0.000172,"[0.22,0.54,1.43]","[0.45,0.40,0.24]"
51120,2.6325,0.5177,0.0000,0.000172,"[0.23,0.53,1.42]","[0.44,0.41,0.24]"
51130,2.7142,0.5181,0.0000,0.000172,"[0.23,0.54,1.43]","[0.44,0.41,0.24]"
51140,2.7707,0.5067,0.0000,0.000171,"[0.21,0.55,1.44]","[0.44,0.41,0.24]"
51150,2.7407,0.5266,0.0000,0.000171,"[0.22,0.54,1.42]","[0.45,0.40,0.24]"
51160,2.7317,0.5457,0.0000,0.000171,"[0.22,0.54,1.44]","[0.45,0.39,0.24]"
51170,2.6877,0.5335,0.0000,0.000171,"[0.22,0.54,1.43]","[0.44,0.39,0.24]"
51180,2.5762,0.5169,0.0000,0.000171,"[0.21,0.53,1.42]","[0.43,0.40,0.24]"
51190,2.5114,0.5126,0.0000,0.000171,"[0.21,0.55,1.43]","[0.44,0.40,0.24]"
51200,2.8133,0.5127,0.0000,0.000171,"[0.22,0.54,1.43]","[0.43,0.39,0.24]"
51210,2.5415,0.5160,0.0000,0.000171,"[0.21,0.54,1.45]","[0.43,0.39,0.24]"
51220,2.6779,0.5200,0.0000,0.000171,"[0.23,0.54,1.44]","[0.45,0.41,0.24]"
51230,2.6766,0.5198,0.0000,0.000171,"[0.22,0.54,1.42]","[0.44,0.40,0.24]"
51240,2.7012,0.5202,0.0000,0.000171,"[0.24,0.52,1.42]","[0.44,0.40,0.24]"
51250,2.5364,0.5245,0.0000,0.000171,"[0.22,0.53,1.41]","[0.44,0.42,0.24]"
51260,2.5548,0.5324,0.0000,0.000171,"[0.23,0.52,1.43]","[0.45,0.40,0.24]"
51270,2.7404,0.5308,0.0000,0.000171,"[0.22,0.54,1.43]","[0.44,0.41,0.24]"
51280,2.7277,0.5231,0.0000,0.000171,"[0.22,0.55,1.44]","[0.45,0.40,0.24]"
51290,2.4675,0.5344,0.0000,0.000171,"[0.23,0.54,1.42]","[0.45,0.41,0.24]"
51300,2.5549,0.5299,0.0000,0.000171,"[0.22,0.54,1.41]","[0.45,0.40,0.24]"
51310,2.4720,0.5190,0.0000,0.000171,"[0.22,0.51,1.42]","[0.45,0.39,0.24]"
51320,2.5829,0.5189,0.0000,0.000171,"[0.22,0.54,1.43]","[0.44,0.39,0.24]"
51330,2.6338,0.5151,0.0000,0.000171,"[0.22,0.54,1.44]","[0.44,0.40,0.24]"
51340,2.4826,0.5106,0.0000,0.000171,"[0.22,0.53,1.42]","[0.45,0.40,0.24]"
51350,2.4386,0.5122,0.0000,0.000171,"[0.23,0.52,1.42]","[0.45,0.41,0.24]"
51360,2.8051,0.5131,0.0000,0.000171,"[0.23,0.54,1.42]","[0.45,0.42,0.24]"
51370,2.7162,0.5287,0.0000,0.000171,"[0.22,0.55,1.42]","[0.45,0.40,0.24]"
51380,2.6163,0.5199,0.0000,0.000171,"[0.23,0.54,1.42]","[0.44,0.40,0.24]"
51390,2.5696,0.5382,0.0000,0.000171,"[0.22,0.54,1.42]","[0.44,0.40,0.24]"
51400,2.4972,0.5229,0.0000,0.000170,"[0.24,0.54,1.44]","[0.45,0.42,0.24]"
51410,2.4877,0.5223,0.0000,0.000170,"[0.22,0.54,1.41]","[0.44,0.40,0.24]"
51420,2.3006,0.5242,0.0000,0.000170,"[0.24,0.52,1.42]","[0.46,0.41,0.24]"
51430,2.6368,0.5259,0.0000,0.000170,"[0.22,0.53,1.44]","[0.45,0.42,0.24]"
51440,2.4947,0.4976,0.0000,0.000170,"[0.22,0.54,1.43]","[0.44,0.40,0.24]"
51450,2.7512,0.5090,0.0000,0.000170,"[0.22,0.56,1.46]","[0.44,0.41,0.24]"
51460,2.4849,0.5218,0.0000,0.000170,"[0.22,0.54,1.42]","[0.44,0.40,0.24]"
51470,2.6147,0.5182,0.0000,0.000170,"[0.22,0.55,1.43]","[0.44,0.41,0.24]"
51480,2.4669,0.5145,0.0000,0.000170,"[0.23,0.54,1.43]","[0.45,0.42,0.24]"
51490,2.5332,0.5288,0.0000,0.000170,"[0.23,0.53,1.43]","[0.44,0.42,0.24]"
51500,2.6353,0.5188,0.0000,0.000170,"[0.23,0.53,1.43]","[0.45,0.40,0.24]"
51510,2.4386,0.5206,0.0000,0.000170,"[0.23,0.54,1.43]","[0.45,0.40,0.24]"
51520,2.6151,0.5221,0.0000,0.000170,"[0.21,0.53,1.44]","[0.42,0.41,0.24]"
51530,2.4204,0.5335,0.0000,0.000170,"[0.23,0.53,1.43]","[0.45,0.41,0.24]"
51540,2.5777,0.5194,0.0000,0.000170,"[0.22,0.54,1.43]","[0.45,0.42,0.24]"
51550,2.6959,0.5415,0.0000,0.000170,"[0.22,0.53,1.42]","[0.44,0.41,0.24]"
51560,2.5443,0.5265,0.0000,0.000170,"[0.22,0.55,1.43]","[0.44,0.40,0.24]"
51570,2.7538,0.5254,0.0000,0.000170,"[0.22,0.54,1.42]","[0.42,0.40,0.24]"
51580,2.6129,0.5229,0.0000,0.000170,"[0.22,0.53,1.42]","[0.44,0.40,0.24]"
51590,2.8424,0.5364,0.0000,0.000170,"[0.22,0.55,1.43]","[0.43,0.40,0.24]"
51600,2.5758,0.5444,0.0000,0.000170,"[0.22,0.55,1.44]","[0.44,0.41,0.24]"
51610,2.7357,0.5380,0.0000,0.000170,"[0.23,0.53,1.42]","[0.45,0.41,0.24]"
51620,2.6817,0.5308,0.0000,0.000170,"[0.23,0.53,1.42]","[0.45,0.40,0.24]"
51630,2.5491,0.5219,0.0000,0.000170,"[0.23,0.53,1.42]","[0.45,0.40,0.24]"
51640,2.5102,0.5286,0.0000,0.000170,"[0.23,0.53,1.42]","[0.45,0.40,0.24]"
51650,2.6206,0.5332,0.0000,0.000169,"[0.21,0.55,1.44]","[0.42,0.37,0.24]"
51660,2.2944,0.5431,0.0000,0.000169,"[0.24,0.54,1.41]","[0.45,0.40,0.24]"
51670,2.7288,0.5405,0.0000,0.000169,"[0.23,0.52,1.42]","[0.45,0.40,0.24]"
51680,2.5102,0.5232,0.0000,0.000169,"[0.23,0.54,1.43]","[0.44,0.39,0.24]"
51690,2.6654,0.5123,0.0000,0.000169,"[0.22,0.55,1.44]","[0.44,0.39,0.24]"
51700,2.6724,0.5205,0.0000,0.000169,"[0.23,0.54,1.42]","[0.45,0.41,0.24]"
51710,2.7255,0.5227,0.0000,0.000169,"[0.22,0.53,1.42]","[0.45,0.40,0.24]"
51720,3.0039,0.5415,0.0000,0.000169,"[0.22,0.55,1.44]","[0.44,0.40,0.24]"
51730,2.8356,0.5366,0.0000,0.000169,"[0.22,0.55,1.44]","[0.43,0.41,0.24]"
51740,2.4509,0.5262,0.0000,0.000169,"[0.22,0.53,1.43]","[0.44,0.39,0.24]"
51750,2.4453,0.5167,0.0000,0.000169,"[0.21,0.53,1.42]","[0.43,0.40,0.24]"
51760,2.3647,0.5217,0.0000,0.000169,"[0.23,0.52,1.41]","[0.46,0.40,0.24]"
51770,2.3994,0.5311,0.0000,0.000169,"[0.23,0.53,1.40]","[0.44,0.40,0.24]"
51780,2.4510,0.5356,0.0000,0.000169,"[0.24,0.53,1.42]","[0.45,0.41,0.24]"
51790,2.6282,0.5224,0.0000,0.000169,"[0.22,0.55,1.42]","[0.44,0.39,0.24]"
51800,2.3317,0.5308,0.0000,0.000169,"[0.23,0.53,1.42]","[0.45,0.42,0.24]"
51810,2.6496,0.5207,0.0000,0.000169,"[0.22,0.55,1.43]","[0.44,0.40,0.24]"
51820,2.7071,0.5220,0.0000,0.000169,"[0.21,0.57,1.45]","[0.44,0.40,0.24]"
51830,2.6320,0.5246,0.0000,0.000169,"[0.22,0.54,1.42]","[0.44,0.40,0.24]"
51840,2.5075,0.5247,0.0000,0.000169,"[0.23,0.53,1.42]","[0.45,0.40,0.24]"
51850,2.6027,0.5318,0.0000,0.000169,"[0.22,0.53,1.43]","[0.45,0.40,0.24]"
51860,2.6421,0.5183,0.0000,0.000169,"[0.22,0.55,1.43]","[0.43,0.40,0.24]"
51870,2.7792,0.5249,0.0000,0.000169,"[0.22,0.54,1.42]","[0.44,0.40,0.24]"
51880,2.5351,0.5159,0.0000,0.000169,"[0.22,0.54,1.43]","[0.43,0.39,0.24]"
51890,2.6704,0.5228,0.0000,0.000169,"[0.23,0.54,1.43]","[0.46,0.41,0.24]"
51900,2.5728,0.5182,0.0000,0.000168,"[0.22,0.56,1.45]","[0.43,0.40,0.24]"
51910,2.5949,0.5158,0.0000,0.000168,"[0.23,0.54,1.42]","[0.43,0.41,0.24]"
51920,2.7389,0.5368,0.0000,0.000168,"[0.22,0.54,1.43]","[0.44,0.39,0.24]"
51930,2.6648,0.5238,0.0000,0.000168,"[0.22,0.56,1.43]","[0.43,0.41,0.24]"
51940,2.6052,0.5241,0.0000,0.000168,"[0.22,0.55,1.43]","[0.44,0.39,0.24]"
51950,2.5160,0.5439,0.0000,0.000168,"[0.22,0.55,1.44]","[0.44,0.40,0.24]"
51960,2.7247,0.5364,0.0000,0.000168,"[0.22,0.55,1.43]","[0.44,0.40,0.24]"
51970,2.7984,0.5512,0.0000,0.000168,"[0.23,0.54,1.44]","[0.44,0.39,0.24]"
51980,2.5097,0.5684,0.0000,0.000168,"[0.24,0.53,1.42]","[0.45,0.40,0.24]"
51990,2.7173,0.5437,0.0000,0.000168,"[0.23,0.54,1.41]","[0.44,0.38,0.24]"
52000,2.6495,0.5324,0.0000,0.000168,"[0.23,0.54,1.41]","[0.45,0.41,0.24]"
52010,2.6499,0.5263,0.0000,0.000168,"[0.23,0.54,1.42]","[0.44,0.41,0.24]"
52020,2.3563,0.5418,0.0000,0.000168,"[0.23,0.54,1.41]","[0.45,0.39,0.24]"
52030,2.5140,0.5406,0.0000,0.000168,"[0.24,0.54,1.43]","[0.44,0.41,0.24]"
52040,2.5689,0.5262,0.0000,0.000168,"[0.24,0.53,1.42]","[0.44,0.39,0.24]"
52050,2.6317,0.5509,0.0000,0.000168,"[0.22,0.54,1.44]","[0.44,0.40,0.24]"
52060,2.6262,0.5415,0.0000,0.000168,"[0.23,0.54,1.42]","[0.44,0.40,0.24]"
52070,2.6129,0.5481,0.0000,0.000168,"[0.22,0.55,1.41]","[0.45,0.40,0.24]"
52080,2.7698,0.5565,0.0000,0.000168,"[0.22,0.55,1.43]","[0.44,0.40,0.24]"
52090,2.9336,0.5639,0.0000,0.000168,"[0.22,0.54,1.42]","[0.43,0.40,0.24]"
52100,2.6334,0.5490,0.0000,0.000168,"[0.22,0.55,1.42]","[0.45,0.41,0.24]"
52110,2.4190,0.5218,0.0000,0.000168,"[0.23,0.54,1.42]","[0.45,0.39,0.24]"
52120,2.6741,0.5324,0.0000,0.000168,"[0.23,0.54,1.43]","[0.45,0.40,0.24]"
52130,2.7134,0.5510,0.0000,0.000168,"[0.23,0.54,1.43]","[0.45,0.40,0.24]"
52140,2.7188,0.5421,0.0000,0.000168,"[0.22,0.56,1.43]","[0.45,0.39,0.24]"
52150,2.6915,0.5489,0.0000,0.000168,"[0.22,0.55,1.43]","[0.45,0.38,0.24]"
52160,2.7140,0.5667,0.0000,0.000167,"[0.22,0.54,1.43]","[0.45,0.39,0.24]"
52170,2.5305,0.5622,0.0000,0.000167,"[0.23,0.55,1.42]","[0.45,0.41,0.24]"
52180,2.4529,0.5485,0.0000,0.000167,"[0.23,0.52,1.42]","[0.46,0.40,0.24]"
52190,2.3862,0.5388,0.0000,0.000167,"[0.23,0.53,1.43]","[0.44,0.40,0.24]"
52200,2.8275,0.5556,0.0000,0.000167,"[0.22,0.55,1.43]","[0.43,0.39,0.24]"
52210,2.5685,0.5446,0.0000,0.000167,"[0.23,0.55,1.43]","[0.44,0.40,0.24]"
52220,2.5457,0.5555,0.0000,0.000167,"[0.22,0.56,1.44]","[0.45,0.39,0.24]"
52230,2.5119,0.5811,0.0000,0.000167,"[0.24,0.52,1.40]","[0.46,0.39,0.24]"
52240,2.5501,0.5636,0.0000,0.000167,"[0.23,0.55,1.43]","[0.46,0.41,0.24]"
52250,2.4775,0.5478,0.0000,0.000167,"[0.24,0.53,1.41]","[0.45,0.41,0.24]"
52260,2.4689,0.5406,0.0000,0.000167,"[0.24,0.51,1.41]","[0.44,0.39,0.24]"
52270,2.6086,0.5347,0.0000,0.000167,"[0.23,0.54,1.42]","[0.45,0.40,0.24]"
52280,2.7701,0.5454,0.0000,0.000167,"[0.22,0.56,1.43]","[0.44,0.39,0.24]"
52290,2.4984,0.5436,0.0000,0.000167,"[0.23,0.54,1.43]","[0.44,0.40,0.24]"
52300,2.5677,0.5425,0.0000,0.000167,"[0.23,0.55,1.42]","[0.45,0.40,0.24]"
52310,2.4952,0.5646,0.0000,0.000167,"[0.23,0.54,1.42]","[0.44,0.40,0.24]"
52320,2.5276,0.5468,0.0000,0.000167,"[0.22,0.53,1.40]","[0.43,0.39,0.24]"
52330,2.6695,0.5537,0.0000,0.000167,"[0.22,0.53,1.40]","[0.45,0.40,0.24]"
52340,2.5183,0.5617,0.0000,0.000167,"[0.23,0.54,1.42]","[0.44,0.40,0.24]"
52350,2.6803,0.5649,0.0000,0.000167,"[0.22,0.55,1.44]","[0.44,0.40,0.24]"
52360,2.6882,0.5811,0.0000,0.000167,"[0.21,0.54,1.43]","[0.44,0.39,0.24]"
52370,2.5473,0.5610,0.0000,0.000167,"[0.23,0.55,1.41]","[0.45,0.40,0.24]"
52380,2.5808,0.5523,0.0000,0.000167,"[0.21,0.56,1.41]","[0.44,0.39,0.24]"
52390,2.6732,0.5706,0.0000,0.000167,"[0.22,0.55,1.42]","[0.44,0.40,0.24]"
52400,2.5669,0.5686,0.0000,0.000167,"[0.24,0.54,1.40]","[0.45,0.40,0.24]"
52410,2.5842,0.5626,0.0000,0.000166,"[0.23,0.57,1.43]","[0.43,0.40,0.24]"
52420,2.5972,0.5489,0.0000,0.000166,"[0.22,0.55,1.42]","[0.45,0.39,0.24]"
52430,2.5758,0.5520,0.0000,0.000166,"[0.22,0.55,1.43]","[0.42,0.40,0.24]"
52440,2.5729,0.5496,0.0000,0.000166,"[0.23,0.54,1.41]","[0.43,0.40,0.24]"
52450,2.4480,0.5782,0.0000,0.000166,"[0.22,0.54,1.41]","[0.44,0.39,0.24]"
52460,2.6385,0.5714,0.0000,0.000166,"[0.23,0.53,1.40]","[0.44,0.41,0.24]"
52470,2.5182,0.5673,0.0000,0.000166,"[0.23,0.54,1.42]","[0.44,0.40,0.24]"
52480,2.6964,0.5536,0.0000,0.000166,"[0.23,0.55,1.41]","[0.45,0.40,0.24]"
52490,2.6038,0.5487,0.0000,0.000166,"[0.23,0.54,1.42]","[0.44,0.40,0.24]"
52500,2.5020,0.5603,0.0000,0.000166,"[0.23,0.54,1.43]","[0.44,0.40,0.24]"
52510,2.5416,0.5540,0.0000,0.000166,"[0.23,0.54,1.42]","[0.44,0.40,0.24]"
52520,2.5969,0.5506,0.0000,0.000166,"[0.22,0.55,1.43]","[0.44,0.40,0.24]"
52530,2.6825,0.5682,0.0000,0.000166,"[0.23,0.55,1.40]","[0.44,0.40,0.24]"
52540,2.7324,0.5617,0.0000,0.000166,"[0.24,0.54,1.43]","[0.45,0.40,0.24]"
52550,2.7249,0.5502,0.0000,0.000166,"[0.22,0.54,1.42]","[0.44,0.40,0.24]"
52560,2.7244,0.5441,0.0000,0.000166,"[0.23,0.55,1.42]","[0.44,0.39,0.24]"
52570,2.5019,0.5477,0.0000,0.000166,"[0.24,0.53,1.41]","[0.44,0.40,0.24]"
52580,2.6899,0.5484,0.0000,0.000166,"[0.22,0.55,1.43]","[0.44,0.39,0.24]"
52590,2.5799,0.5478,0.0000,0.000166,"[0.23,0.54,1.42]","[0.43,0.40,0.24]"
52600,2.6117,0.5587,0.0000,0.000166,"[0.23,0.55,1.41]","[0.44,0.40,0.24]"
52610,2.6406,0.5670,0.0000,0.000166,"[0.23,0.55,1.41]","[0.44,0.41,0.24]"
52620,2.9154,0.5803,0.0000,0.000166,"[0.22,0.55,1.43]","[0.43,0.40,0.24]"
52630,2.7202,0.5587,0.0000,0.000166,"[0.22,0.55,1.41]","[0.44,0.39,0.24]"
52640,2.5626,0.5567,0.0000,0.000166,"[0.22,0.54,1.42]","[0.44,0.39,0.24]"
52650,2.3461,0.5699,0.0000,0.000166,"[0.23,0.54,1.42]","[0.44,0.41,0.24]"
52660,2.5723,0.5575,0.0000,0.000166,"[0.21,0.55,1.42]","[0.43,0.40,0.24]"
52670,2.8458,0.5576,0.0000,0.000165,"[0.22,0.56,1.44]","[0.43,0.41,0.24]"
52680,2.4504,0.5602,0.0000,0.000165,"[0.23,0.54,1.42]","[0.45,0.40,0.24]"
52690,2.7801,0.5698,0.0000,0.000165,"[0.23,0.55,1.43]","[0.43,0.40,0.24]"
52700,2.5058,0.5636,0.0000,0.000165,"[0.22,0.52,1.40]","[0.43,0.39,0.24]"
52710,2.3998,0.5575,0.0000,0.000165,"[0.24,0.53,1.41]","[0.47,0.41,0.24]"
52720,2.6176,0.5415,0.0000,0.000165,"[0.21,0.55,1.43]","[0.43,0.39,0.24]"
52730,2.4426,0.5435,0.0000,0.000165,"[0.24,0.53,1.42]","[0.45,0.40,0.24]"
52740,2.5039,0.5390,0.0000,0.000165,"[0.22,0.55,1.41]","[0.44,0.41,0.24]"
52750,2.6107,0.5427,0.0000,0.000165,"[0.24,0.55,1.42]","[0.44,0.41,0.24]"
52760,2.7588,0.5472,0.0000,0.000165,"[0.22,0.55,1.42]","[0.45,0.40,0.24]"
52770,2.6299,0.5578,0.0000,0.000165,"[0.24,0.53,1.40]","[0.45,0.41,0.24]"
52780,2.5460,0.5560,0.0000,0.000165,"[0.24,0.53,1.41]","[0.45,0.42,0.24]"
52790,2.4863,0.5585,0.0000,0.000165,"[0.23,0.55,1.40]","[0.44,0.41,0.24]"
52800,2.5283,0.5710,0.0000,0.000165,"[0.24,0.53,1.40]","[0.45,0.40,0.24]"
52810,2.7093,0.5676,0.0000,0.000165,"[0.22,0.55,1.43]","[0.45,0.39,0.24]"
52820,2.7109,0.5790,0.0000,0.000165,"[0.23,0.54,1.41]","[0.43,0.40,0.24]"
52830,2.5563,0.5889,0.0000,0.000165,"[0.24,0.53,1.42]","[0.43,0.40,0.24]"
52840,2.5388,0.5948,0.0000,0.000165,"[0.23,0.54,1.42]","[0.44,0.39,0.24]"
52850,2.4693,0.5725,0.0000,0.000165,"[0.22,0.54,1.42]","[0.44,0.39,0.24]"
52860,2.6201,0.5615,0.0000,0.000165,"[0.23,0.54,1.43]","[0.43,0.42,0.24]"
52870,2.8144,0.5530,0.0000,0.000165,"[0.22,0.56,1.43]","[0.45,0.39,0.24]"
52880,2.7257,0.5472,0.0000,0.000165,"[0.22,0.54,1.42]","[0.45,0.39,0.24]"
52890,2.6638,0.5419,0.0000,0.000165,"[0.23,0.54,1.43]","[0.44,0.40,0.24]"
52900,2.5573,0.5427,0.0000,0.000165,"[0.23,0.54,1.42]","[0.44,0.40,0.24]"
52910,2.5423,0.5540,0.0000,0.000165,"[0.23,0.53,1.40]","[0.45,0.40,0.24]"
52920,2.7108,0.5483,0.0000,0.000164,"[0.23,0.56,1.41]","[0.44,0.40,0.24]"
52930,2.6602,0.5593,0.0000,0.000164,"[0.23,0.55,1.41]","[0.45,0.41,0.24]"
52940,2.6962,0.5629,0.0000,0.000164,"[0.23,0.56,1.43]","[0.45,0.41,0.24]"
52950,2.6770,0.5664,0.0000,0.000164,"[0.24,0.54,1.41]","[0.44,0.40,0.24]"
52960,2.5274,0.5722,0.0000,0.000164,"[0.23,0.54,1.40]","[0.45,0.40,0.24]"
52970,2.3566,0.5544,0.0000,0.000164,"[0.24,0.53,1.39]","[0.44,0.40,0.24]"
52980,2.7483,0.5604,0.0000,0.000164,"[0.23,0.55,1.41]","[0.42,0.39,0.24]"
52990,2.8274,0.5591,0.0000,0.000164,"[0.23,0.56,1.42]","[0.44,0.40,0.24]"
53000,2.6838,0.5669,0.0000,0.000164,"[0.23,0.55,1.42]","[0.45,0.40,0.24]"
53010,2.7186,0.5753,0.0000,0.000164,"[0.23,0.55,1.43]","[0.44,0.39,0.24]"
53020,2.5314,0.5595,0.0000,0.000164,"[0.24,0.54,1.40]","[0.45,0.42,0.24]"
53030,2.6716,0.5577,0.0000,0.000164,"[0.22,0.56,1.42]","[0.44,0.40,0.24]"
53040,2.4936,0.5747,0.0000,0.000164,"[0.23,0.55,1.42]","[0.44,0.41,0.24]"
53050,2.5488,0.5575,0.0000,0.000164,"[0.23,0.56,1.43]","[0.44,0.40,0.24]"
53060,2.7699,0.5663,0.0000,0.000164,"[0.23,0.55,1.42]","[0.45,0.41,0.24]"
53070,2.4351,0.5635,0.0000,0.000164,"[0.23,0.55,1.42]","[0.43,0.40,0.24]"
53080,2.2984,0.5707,0.0000,0.000164,"[0.22,0.55,1.44]","[0.43,0.39,0.24]"
53090,2.6302,0.5624,0.0000,0.000164,"[0.24,0.54,1.43]","[0.44,0.40,0.24]"
53100,2.7028,0.5613,0.0000,0.000164,"[0.24,0.55,1.43]","[0.44,0.40,0.24]"
53110,2.5579,0.5489,0.0000,0.000164,"[0.23,0.53,1.43]","[0.42,0.41,0.24]"
53120,2.3948,0.5381,0.0000,0.000164,"[0.23,0.55,1.41]","[0.45,0.40,0.24]"
53130,2.6404,0.5502,0.0000,0.000164,"[0.22,0.56,1.43]","[0.43,0.40,0.24]"
53140,2.4050,0.5485,0.0000,0.000164,"[0.23,0.54,1.41]","[0.44,0.40,0.24]"
53150,2.5403,0.5511,0.0000,0.000164,"[0.23,0.54,1.41]","[0.44,0.38,0.24]"
53160,2.4429,0.5605,0.0000,0.000164,"[0.23,0.54,1.42]","[0.43,0.41,0.24]"
53170,2.6068,0.5880,0.0000,0.000163,"[0.23,0.54,1.41]","[0.43,0.39,0.24]"
53180,2.8760,0.5866,0.0000,0.000163,"[0.22,0.55,1.41]","[0.45,0.41,0.24]"
53190,2.5824,0.5816,0.0000,0.000163,"[0.23,0.56,1.41]","[0.43,0.39,0.24]"
53200,2.5856,0.5768,0.0000,0.000163,"[0.23,0.54,1.40]","[0.45,0.40,0.24]"
53210,2.4256,0.5639,0.0000,0.000163,"[0.23,0.55,1.40]","[0.44,0.41,0.24]"
53220,2.6221,0.5656,0.0000,0.000163,"[0.23,0.56,1.43]","[0.45,0.41,0.24]"
53230,2.7075,0.5645,0.0000,0.000163,"[0.23,0.54,1.41]","[0.44,0.38,0.24]"
53240,2.7328,0.5783,0.0000,0.000163,"[0.24,0.54,1.41]","[0.44,0.41,0.24]"
53250,2.4759,0.5690,0.0000,0.000163,"[0.23,0.55,1.41]","[0.44,0.38,0.24]"
53260,2.4781,0.5497,0.0000,0.000163,"[0.24,0.55,1.42]","[0.45,0.39,0.24]"
53270,2.1691,0.5720,0.0000,0.000163,"[0.24,0.54,1.41]","[0.45,0.40,0.24]"
53280,2.7915,0.5686,0.0000,0.000163,"[0.23,0.56,1.43]","[0.44,0.40,0.24]"
53290,2.6153,0.5548,0.0000,0.000163,"[0.22,0.55,1.42]","[0.44,0.40,0.24]"
53300,2.8408,0.5572,0.0000,0.000163,"[0.22,0.55,1.42]","[0.43,0.40,0.24]"
53310,2.6262,0.5511,0.0000,0.000163,"[0.23,0.55,1.42]","[0.44,0.40,0.24]"
53320,2.6263,0.5605,0.0000,0.000163,"[0.22,0.55,1.42]","[0.43,0.39,0.24]"
53330,2.5933,0.5585,0.0000,0.000163,"[0.23,0.55,1.42]","[0.44,0.40,0.24]"
53340,2.5759,0.5715,0.0000,0.000163,"[0.24,0.53,1.42]","[0.46,0.41,0.24]"
53350,2.5502,0.5543,0.0000,0.000163,"[0.23,0.54,1.41]","[0.44,0.38,0.24]"
53360,2.4691,0.5624,0.0000,0.000163,"[0.23,0.55,1.40]","[0.45,0.41,0.24]"
53370,2.6501,0.5537,0.0000,0.000163,"[0.23,0.55,1.42]","[0.43,0.40,0.24]"
53380,2.4600,0.5564,0.0000,0.000163,"[0.25,0.53,1.40]","[0.46,0.40,0.24]"
53390,2.6593,0.5709,0.0000,0.000163,"[0.23,0.55,1.43]","[0.43,0.39,0.24]"
53400,2.7682,0.5659,0.0000,0.000163,"[0.22,0.55,1.43]","[0.45,0.40,0.24]"
53410,2.4600,0.5653,0.0000,0.000163,"[0.24,0.52,1.41]","[0.46,0.41,0.24]"
53420,2.5927,0.5752,0.0000,0.000163,"[0.23,0.57,1.44]","[0.43,0.40,0.24]"
53430,2.3610,0.5543,0.0000,0.000162,"[0.25,0.52,1.38]","[0.46,0.40,0.24]"
53440,2.4475,0.5541,0.0000,0.000162,"[0.24,0.52,1.40]","[0.43,0.39,0.24]"
53450,2.6082,0.5613,0.0000,0.000162,"[0.23,0.55,1.42]","[0.45,0.40,0.24]"
53460,2.5510,0.5729,0.0000,0.000162,"[0.24,0.54,1.41]","[0.45,0.41,0.24]"
53470,2.7640,0.5668,0.0000,0.000162,"[0.22,0.56,1.44]","[0.43,0.40,0.24]"
53480,2.5840,0.5572,0.0000,0.000162,"[0.24,0.54,1.40]","[0.44,0.39,0.24]"
53490,2.4683,0.5630,0.0000,0.000162,"[0.22,0.55,1.42]","[0.44,0.39,0.24]"
53500,2.6288,0.5672,0.0000,0.000162,"[0.22,0.56,1.42]","[0.43,0.41,0.24]"
53510,2.7639,0.5682,0.0000,0.000162,"[0.23,0.55,1.43]","[0.44,0.41,0.24]"
53520,2.5135,0.5750,0.0000,0.000162,"[0.23,0.54,1.42]","[0.44,0.39,0.24]"
53530,2.6529,0.5780,0.0000,0.000162,"[0.22,0.56,1.43]","[0.43,0.39,0.24]"
53540,2.4971,0.5806,0.0000,0.000162,"[0.22,0.56,1.42]","[0.44,0.39,0.24]"
53550,2.6296,0.5691,0.0000,0.000162,"[0.23,0.56,1.41]","[0.44,0.40,0.24]"
53560,2.6381,0.5661,0.0000,0.000162,"[0.21,0.55,1.42]","[0.45,0.39,0.24]"
53570,2.7245,0.5835,0.0000,0.000162,"[0.22,0.57,1.43]","[0.44,0.40,0.24]"
53580,2.6449,0.5771,0.0000,0.000162,"[0.22,0.56,1.45]","[0.45,0.40,0.24]"
53590,2.8558,0.5760,0.0000,0.000162,"[0.22,0.56,1.44]","[0.42,0.41,0.24]"
53600,2.6311,0.5922,0.0000,0.000162,"[0.23,0.54,1.42]","[0.44,0.39,0.24]"
53610,2.4799,0.5797,0.0000,0.000162,"[0.24,0.54,1.40]","[0.45,0.40,0.24]"
53620,2.4562,0.5974,0.0000,0.000162,"[0.22,0.55,1.41]","[0.43,0.40,0.24]"
53630,2.4898,0.5941,0.0000,0.000162,"[0.22,0.56,1.40]","[0.44,0.41,0.24]"
53640,2.7297,0.6057,0.0000,0.000162,"[0.23,0.55,1.41]","[0.44,0.40,0.24]"
53650,2.4724,0.5866,0.0000,0.000162,"[0.23,0.55,1.41]","[0.45,0.40,0.24]"
53660,2.6769,0.6123,0.0000,0.000162,"[0.22,0.55,1.41]","[0.43,0.41,0.24]"
53670,2.3132,0.6050,0.0000,0.000162,"[0.24,0.55,1.40]","[0.44,0.41,0.24]"
53680,2.3789,0.5955,0.0000,0.000161,"[0.23,0.55,1.42]","[0.45,0.39,0.24]"
53690,2.4880,0.5975,0.0000,0.000161,"[0.24,0.52,1.38]","[0.45,0.39,0.24]"
53700,2.5350,0.5697,0.0000,0.000161,"[0.22,0.55,1.41]","[0.44,0.40,0.24]"
53710,2.6745,0.5685,0.0000,0.000161,"[0.23,0.56,1.44]","[0.44,0.40,0.24]"
53720,2.7591,0.5506,0.0000,0.000161,"[0.23,0.55,1.42]","[0.44,0.40,0.24]"
53730,2.7585,0.5708,0.0000,0.000161,"[0.22,0.57,1.43]","[0.43,0.40,0.24]"
53740,2.7108,0.5762,0.0000,0.000161,"[0.21,0.57,1.45]","[0.43,0.41,0.24]"
53750,2.5577,0.5721,0.0000,0.000161,"[0.23,0.55,1.40]","[0.45,0.41,0.24]"
53760,2.6517,0.5685,0.0000,0.000161,"[0.22,0.55,1.41]","[0.44,0.41,0.24]"
53770,2.6908,0.5681,0.0000,0.000161,"[0.22,0.56,1.43]","[0.44,0.39,0.24]"
53780,2.6877,0.5840,0.0000,0.000161,"[0.23,0.54,1.41]","[0.44,0.41,0.24]"
53790,2.5765,0.5817,0.0000,0.000161,"[0.22,0.55,1.41]","[0.44,0.40,0.24]"
53800,2.6349,0.5739,0.0000,0.000161,"[0.22,0.56,1.42]","[0.44,0.40,0.24]"
53810,2.6375,0.5668,0.0000,0.000161,"[0.23,0.55,1.42]","[0.45,0.41,0.24]"
53820,2.4707,0.5641,0.0000,0.000161,"[0.23,0.55,1.41]","[0.43,0.40,0.24]"
53830,2.3291,0.5898,0.0000,0.000161,"[0.23,0.55,1.41]","[0.44,0.40,0.24]"
53840,2.8534,0.5761,0.0000,0.000161,"[0.21,0.57,1.43]","[0.43,0.39,0.24]"
53850,2.4852,0.5596,0.0000,0.000161,"[0.23,0.54,1.40]","[0.45,0.39,0.24]"
53860,2.5203,0.5558,0.0000,0.000161,"[0.23,0.54,1.42]","[0.43,0.41,0.24]"
53870,2.7042,0.5514,0.0000,0.000161,"[0.23,0.56,1.43]","[0.45,0.41,0.24]"
53880,2.4220,0.5481,0.0000,0.000161,"[0.23,0.55,1.42]","[0.43,0.40,0.24]"
53890,2.6178,0.5586,0.0000,0.000161,"[0.23,0.55,1.42]","[0.45,0.40,0.24]"
53900,2.4985,0.5778,0.0000,0.000161,"[0.24,0.54,1.41]","[0.44,0.39,0.24]"
53910,2.8143,0.5762,0.0000,0.000161,"[0.22,0.58,1.43]","[0.44,0.39,0.24]"
53920,2.3514,0.5750,0.0000,0.000161,"[0.24,0.53,1.39]","[0.45,0.40,0.24]"
53930,2.4068,0.5679,0.0000,0.000161,"[0.23,0.55,1.41]","[0.44,0.40,0.24]"
53940,2.7573,0.5766,0.0000,0.000160,"[0.23,0.57,1.44]","[0.44,0.40,0.24]"
53950,2.5342,0.5733,0.0000,0.000160,"[0.23,0.55,1.42]","[0.44,0.39,0.24]"
53960,2.8300,0.5669,0.0000,0.000160,"[0.23,0.56,1.42]","[0.43,0.39,0.24]"
53970,2.6735,0.5677,0.0000,0.000160,"[0.22,0.57,1.43]","[0.44,0.42,0.24]"
53980,2.3464,0.5833,0.0000,0.000160,"[0.25,0.53,1.40]","[0.44,0.41,0.24]"
53990,2.6946,0.5684,0.0000,0.000160,"[0.23,0.55,1.42]","[0.44,0.40,0.24]"
54000,2.5471,0.5726,0.0000,0.000160,"[0.24,0.54,1.40]","[0.45,0.40,0.24]"
54010,2.7430,0.5832,0.0000,0.000160,"[0.23,0.55,1.41]","[0.45,0.41,0.24]"
54020,2.6728,0.5942,0.0000,0.000160,"[0.21,0.56,1.43]","[0.44,0.40,0.24]"
54030,2.5215,0.5849,0.0000,0.000160,"[0.24,0.54,1.39]","[0.45,0.41,0.24]"
54040,2.7328,0.5928,0.0000,0.000160,"[0.22,0.56,1.42]","[0.44,0.42,0.24]"
54050,2.4278,0.5845,0.0000,0.000160,"[0.23,0.54,1.41]","[0.45,0.40,0.24]"
54060,2.5683,0.5810,0.0000,0.000160,"[0.23,0.56,1.41]","[0.44,0.41,0.24]"
54070,2.7336,0.6011,0.0000,0.000160,"[0.25,0.52,1.40]","[0.45,0.39,0.24]"
54080,2.8016,0.6007,0.0000,0.000160,"[0.23,0.56,1.43]","[0.45,0.40,0.24]"
54090,2.6499,0.5922,0.0000,0.000160,"[0.23,0.55,1.41]","[0.43,0.41,0.24]"
54100,2.6456,0.5950,0.0000,0.000160,"[0.23,0.56,1.42]","[0.45,0.39,0.24]"
54110,2.8113,0.6118,0.0000,0.000160,"[0.23,0.55,1.38]","[0.43,0.41,0.24]"
54120,2.6079,0.5880,0.0000,0.000160,"[0.24,0.56,1.41]","[0.44,0.40,0.24]"
54130,2.6085,0.5920,0.0000,0.000160,"[0.23,0.55,1.42]","[0.45,0.38,0.24]"
54140,2.7256,0.5865,0.0000,0.000160,"[0.23,0.57,1.44]","[0.45,0.39,0.24]"
54150,2.7211,0.5771,0.0000,0.000160,"[0.24,0.56,1.42]","[0.44,0.41,0.24]"
54160,2.6915,0.5814,0.0000,0.000160,"[0.23,0.56,1.43]","[0.44,0.40,0.24]"
54170,2.3834,0.5793,0.0000,0.000160,"[0.23,0.54,1.41]","[0.44,0.39,0.24]"
54180,2.4992,0.5761,0.0000,0.000160,"[0.23,0.53,1.40]","[0.44,0.40,0.24]"
54190,2.6572,0.5747,0.0000,0.000159,"[0.23,0.56,1.42]","[0.46,0.39,0.24]"
54200,2.7055,0.5856,0.0000,0.000159,"[0.22,0.56,1.43]","[0.43,0.39,0.24]"
54210,2.7127,0.6010,0.0000,0.000159,"[0.23,0.56,1.41]","[0.45,0.39,0.24]"
54220,2.7226,0.6023,0.0000,0.000159,"[0.22,0.56,1.43]","[0.44,0.40,0.24]"
54230,2.5542,0.5869,0.0000,0.000159,"[0.23,0.55,1.41]","[0.45,0.40,0.24]"
54240,2.6606,0.5714,0.0000,0.000159,"[0.22,0.55,1.41]","[0.44,0.39,0.24]"
54250,2.4882,0.5779,0.0000,0.000159,"[0.23,0.56,1.42]","[0.45,0.38,0.24]"
54260,2.7036,0.5890,0.0000,0.000159,"[0.23,0.54,1.40]","[0.44,0.40,0.24]"
54270,2.6112,0.5732,0.0000,0.000159,"[0.25,0.54,1.39]","[0.44,0.41,0.24]"
54280,2.3920,0.5926,0.0000,0.000159,"[0.25,0.54,1.39]","[0.44,0.40,0.24]"
54290,2.8163,0.6035,0.0000,0.000159,"[0.22,0.57,1.41]","[0.44,0.40,0.24]"
54300,2.7007,0.6220,0.0000,0.000159,"[0.23,0.55,1.39]","[0.44,0.39,0.24]"
54310,2.4411,0.6115,0.0000,0.000159,"[0.23,0.55,1.40]","[0.45,0.40,0.24]"
54320,2.9184,0.5921,0.0000,0.000159,"[0.22,0.57,1.42]","[0.43,0.39,0.24]"
54330,2.5536,0.6020,0.0000,0.000159,"[0.22,0.55,1.40]","[0.44,0.39,0.24]"
54340,2.4877,0.6035,0.0000,0.000159,"[0.23,0.54,1.40]","[0.43,0.39,0.24]"
54350,2.6908,0.5966,0.0000,0.000159,"[0.23,0.56,1.42]","[0.43,0.38,0.24]"
54360,2.4673,0.5898,0.0000,0.000159,"[0.24,0.54,1.38]","[0.45,0.39,0.24]"
54370,2.7906,0.5839,0.0000,0.000159,"[0.23,0.55,1.41]","[0.43,0.40,0.24]"
54380,2.5692,0.5763,0.0000,0.000159,"[0.24,0.53,1.40]","[0.45,0.40,0.24]"
54390,2.5147,0.5997,0.0000,0.000159,"[0.23,0.54,1.39]","[0.43,0.38,0.24]"
54400,2.7606,0.5965,0.0000,0.000159,"[0.22,0.57,1.42]","[0.43,0.40,0.24]"
54410,2.5371,0.5939,0.0000,0.000159,"[0.23,0.54,1.39]","[0.43,0.39,0.24]"
54420,2.7839,0.6072,0.0000,0.000159,"[0.22,0.54,1.40]","[0.43,0.39,0.24]"
54430,2.6204,0.6097,0.0000,0.000159,"[0.25,0.54,1.41]","[0.43,0.41,0.24]"
54440,2.5874,0.6040,0.0000,0.000159,"[0.22,0.55,1.40]","[0.42,0.39,0.24]"
54450,2.4962,0.6070,0.0000,0.000158,"[0.23,0.55,1.41]","[0.44,0.38,0.24]"
54460,2.4403,0.6018,0.0000,0.000158,"[0.24,0.54,1.40]","[0.44,0.40,0.24]"
54470,2.6742,0.5933,0.0000,0.000158,"[0.25,0.54,1.39]","[0.44,0.41,0.24]"
54480,2.7110,0.5991,0.0000,0.000158,"[0.24,0.55,1.40]","[0.44,0.40,0.24]"
54490,2.5434,0.5984,0.0000,0.000158,"[0.25,0.54,1.40]","[0.45,0.40,0.24]"
54500,2.6716,0.6046,0.0000,0.000158,"[0.24,0.55,1.40]","[0.43,0.40,0.24]"
54510,2.8686,0.5891,0.0000,0.000158,"[0.22,0.56,1.42]","[0.44,0.40,0.24]"
54520,2.6970,0.5857,0.0000,0.000158,"[0.23,0.55,1.40]","[0.44,0.41,0.24]"
54530,2.4620,0.5962,0.0000,0.000158,"[0.22,0.57,1.43]","[0.44,0.39,0.24]"
54540,2.6741,0.6050,0.0000,0.000158,"[0.23,0.57,1.42]","[0.43,0.43,0.24]"
54550,2.6168,0.5916,0.0000,0.000158,"[0.23,0.56,1.40]","[0.44,0.41,0.24]"
54560,2.5685,0.6008,0.0000,0.000158,"[0.23,0.56,1.39]","[0.45,0.41,0.24]"
54570,2.5046,0.5968,0.0000,0.000158,"[0.24,0.55,1.40]","[0.44,0.41,0.24]"
54580,2.6963,0.5838,0.0000,0.000158,"[0.24,0.57,1.41]","[0.45,0.40,0.24]"
54590,2.8629,0.5982,0.0000,0.000158,"[0.22,0.58,1.42]","[0.43,0.40,0.24]"
54600,2.4095,0.5904,0.0000,0.000158,"[0.24,0.55,1.40]","[0.46,0.41,0.24]"
54610,2.3617,0.5856,0.0000,0.000158,"[0.23,0.57,1.40]","[0.44,0.41,0.24]"
54620,2.4615,0.5815,0.0000,0.000158,"[0.23,0.55,1.42]","[0.44,0.41,0.24]"
54630,2.5557,0.5977,0.0000,0.000158,"[0.23,0.55,1.41]","[0.44,0.41,0.24]"
54640,2.5682,0.6014,0.0000,0.000158,"[0.23,0.56,1.41]","[0.43,0.41,0.24]"
54650,2.5787,0.5969,0.0000,0.000158,"[0.24,0.55,1.41]","[0.45,0.39,0.24]"
54660,2.4682,0.5853,0.0000,0.000158,"[0.24,0.54,1.40]","[0.46,0.40,0.24]"
54670,2.6084,0.5865,0.0000,0.000158,"[0.22,0.54,1.39]","[0.43,0.40,0.24]"
54680,2.5763,0.5968,0.0000,0.000158,"[0.23,0.56,1.39]","[0.44,0.40,0.24]"
54690,2.5849,0.5903,0.0000,0.000158,"[0.23,0.55,1.40]","[0.46,0.40,0.24]"
54700,2.5627,0.5849,0.0000,0.000157,"[0.23,0.55,1.42]","[0.44,0.40,0.24]"
54710,2.6432,0.6037,0.0000,0.000157,"[0.23,0.56,1.41]","[0.43,0.39,0.24]"
54720,2.3910,0.5916,0.0000,0.000157,"[0.23,0.55,1.40]","[0.44,0.40,0.24]"
54730,2.6837,0.6060,0.0000,0.000157,"[0.22,0.56,1.39]","[0.44,0.40,0.24]"
54740,2.6805,0.6063,0.0000,0.000157,"[0.24,0.55,1.39]","[0.45,0.41,0.24]"
54750,2.3755,0.5963,0.0000,0.000157,"[0.24,0.54,1.38]","[0.45,0.40,0.24]"
54760,2.4590,0.6029,0.0000,0.000157,"[0.24,0.55,1.40]","[0.44,0.40,0.24]"
54770,2.7357,0.6055,0.0000,0.000157,"[0.23,0.57,1.42]","[0.44,0.38,0.24]"
54780,2.5133,0.6285,0.0000,0.000157,"[0.25,0.54,1.37]","[0.46,0.40,0.24]"
54790,2.3795,0.6396,0.0000,0.000157,"[0.24,0.55,1.38]","[0.45,0.43,0.24]"
54800,2.6264,0.6227,0.0000,0.000157,"[0.23,0.57,1.39]","[0.45,0.41,0.24]"
54810,2.4261,0.6067,0.0000,0.000157,"[0.24,0.55,1.39]","[0.44,0.39,0.24]"
54820,2.7099,0.5962,0.0000,0.000157,"[0.24,0.55,1.40]","[0.45,0.41,0.24]"
54830,2.6679,0.5822,0.0000,0.000157,"[0.22,0.56,1.42]","[0.43,0.39,0.24]"
54840,2.4265,0.5935,0.0000,0.000157,"[0.24,0.55,1.41]","[0.46,0.39,0.24]"
54850,2.7094,0.5876,0.0000,0.000157,"[0.23,0.57,1.42]","[0.44,0.40,0.24]"
54860,2.5141,0.5898,0.0000,0.000157,"[0.24,0.55,1.40]","[0.45,0.41,0.24]"
54870,2.7657,0.5837,0.0000,0.000157,"[0.23,0.57,1.43]","[0.44,0.40,0.24]"
54880,2.6131,0.5859,0.0000,0.000157,"[0.23,0.56,1.41]","[0.45,0.40,0.24]"
54890,2.6140,0.5895,0.0000,0.000157,"[0.23,0.55,1.40]","[0.44,0.40,0.24]"
54900,2.8264,0.5895,0.0000,0.000157,"[0.22,0.56,1.42]","[0.44,0.40,0.24]"
54910,2.3072,0.5857,0.0000,0.000157,"[0.24,0.54,1.40]","[0.45,0.40,0.24]"
54920,2.6866,0.5881,0.0000,0.000157,"[0.23,0.55,1.40]","[0.45,0.39,0.24]"
54930,2.6887,0.5937,0.0000,0.000157,"[0.23,0.56,1.41]","[0.44,0.40,0.24]"
54940,2.5643,0.5801,0.0000,0.000157,"[0.23,0.56,1.41]","[0.44,0.40,0.24]"
54950,2.6435,0.5831,0.0000,0.000157,"[0.23,0.56,1.41]","[0.44,0.38,0.24]"
54960,2.5008,0.5785,0.0000,0.000156,"[0.22,0.55,1.40]","[0.44,0.39,0.24]"
54970,2.5292,0.5852,0.0000,0.000156,"[0.23,0.57,1.41]","[0.45,0.39,0.24]"
54980,2.6293,0.5920,0.0000,0.000156,"[0.23,0.55,1.41]","[0.45,0.39,0.24]"
54990,2.5552,0.6021,0.0000,0.000156,"[0.24,0.55,1.40]","[0.44,0.40,0.24]"
55000,2.7080,0.5959,0.0000,0.000156,"[0.22,0.56,1.41]","[0.44,0.41,0.24]"
55010,2.4382,0.5940,0.0000,0.000156,"[0.23,0.55,1.41]","[0.43,0.39,0.24]"
55020,2.6587,0.6022,0.0000,0.000156,"[0.23,0.55,1.41]","[0.44,0.40,0.24]"
55030,2.7315,0.6007,0.0000,0.000156,"[0.22,0.56,1.42]","[0.43,0.42,0.24]"
55040,2.7142,0.6034,0.0000,0.000156,"[0.23,0.56,1.43]","[0.44,0.42,0.24]"
55050,2.5600,0.6019,0.0000,0.000156,"[0.22,0.57,1.42]","[0.44,0.39,0.24]"
55060,2.8017,0.5865,0.0000,0.000156,"[0.22,0.57,1.42]","[0.44,0.38,0.24]"
55070,2.5663,0.5872,0.0000,0.000156,"[0.24,0.54,1.39]","[0.45,0.41,0.24]"
55080,2.8742,0.5869,0.0000,0.000156,"[0.23,0.56,1.42]","[0.43,0.40,0.24]"
55090,2.6976,0.5974,0.0000,0.000156,"[0.23,0.56,1.41]","[0.43,0.39,0.24]"
55100,2.4130,0.5997,0.0000,0.000156,"[0.23,0.55,1.39]","[0.44,0.39,0.24]"
55110,2.6126,0.5831,0.0000,0.000156,"[0.23,0.55,1.39]","[0.45,0.40,0.24]"
55120,2.6358,0.5908,0.0000,0.000156,"[0.23,0.55,1.41]","[0.44,0.40,0.24]"
55130,2.4944,0.6069,0.0000,0.000156,"[0.24,0.53,1.38]","[0.44,0.40,0.24]"
55140,2.6850,0.5941,0.0000,0.000156,"[0.22,0.56,1.41]","[0.44,0.40,0.24]"
55150,2.7592,0.5961,0.0000,0.000156,"[0.23,0.56,1.40]","[0.43,0.40,0.24]"
55160,2.3822,0.5945,0.0000,0.000156,"[0.24,0.54,1.39]","[0.43,0.39,0.24]"
55170,2.2498,0.6095,0.0000,0.000156,"[0.24,0.54,1.38]","[0.44,0.39,0.24]"
55180,2.4899,0.6131,0.0000,0.000156,"[0.21,0.54,1.39]","[0.42,0.39,0.24]"
55190,2.7333,0.6314,0.0000,0.000156,"[0.23,0.57,1.40]","[0.44,0.40,0.24]"
55200,2.6458,0.6173,0.0000,0.000156,"[0.22,0.58,1.40]","[0.43,0.41,0.24]"
55210,2.6269,0.6082,0.0000,0.000156,"[0.23,0.57,1.42]","[0.44,0.41,0.24]"
55220,2.6170,0.5910,0.0000,0.000155,"[0.23,0.57,1.41]","[0.45,0.39,0.24]"
55230,2.4579,0.5936,0.0000,0.000155,"[0.24,0.56,1.40]","[0.45,0.40,0.24]"
55240,2.7884,0.5930,0.0000,0.000155,"[0.22,0.57,1.42]","[0.43,0.40,0.24]"
55250,2.3657,0.5903,0.0000,0.000155,"[0.24,0.54,1.39]","[0.45,0.40,0.24]"
55260,2.6972,0.5921,0.0000,0.000155,"[0.23,0.56,1.40]","[0.43,0.42,0.24]"
55270,2.6305,0.6002,0.0000,0.000155,"[0.24,0.55,1.39]","[0.44,0.40,0.24]"
55280,2.6108,0.6071,0.0000,0.000155,"[0.23,0.54,1.38]","[0.45,0.40,0.24]"
55290,2.4047,0.6048,0.0000,0.000155,"[0.23,0.55,1.41]","[0.45,0.40,0.24]"
55300,2.6785,0.6078,0.0000,0.000155,"[0.23,0.56,1.40]","[0.45,0.39,0.24]"
55310,2.4861,0.6058,0.0000,0.000155,"[0.25,0.54,1.38]","[0.45,0.39,0.24]"
55320,2.3937,0.5971,0.0000,0.000155,"[0.23,0.54,1.39]","[0.43,0.40,0.24]"
55330,2.4318,0.5974,0.0000,0.000155,"[0.25,0.54,1.40]","[0.45,0.39,0.24]"
55340,2.3861,0.6022,0.0000,0.000155,"[0.24,0.56,1.39]","[0.45,0.40,0.24]"
55350,2.6637,0.5920,0.0000,0.000155,"[0.23,0.56,1.40]","[0.44,0.39,0.24]"
55360,2.7011,0.6082,0.0000,0.000155,"[0.23,0.56,1.39]","[0.45,0.39,0.24]"
55370,2.3304,0.6222,0.0000,0.000155,"[0.24,0.55,1.40]","[0.44,0.40,0.24]"
55380,2.6856,0.6029,0.0000,0.000155,"[0.24,0.55,1.41]","[0.44,0.40,0.24]"
55390,2.5816,0.6075,0.0000,0.000155,"[0.23,0.57,1.40]","[0.44,0.39,0.24]"
55400,2.6790,0.5968,0.0000,0.000155,"[0.22,0.57,1.43]","[0.42,0.39,0.24]"
55410,2.4855,0.6120,0.0000,0.000155,"[0.24,0.55,1.40]","[0.45,0.40,0.24]"
55420,2.4557,0.6162,0.0000,0.000155,"[0.23,0.56,1.42]","[0.43,0.40,0.24]"
55430,2.6039,0.6458,0.0000,0.000155,"[0.22,0.55,1.41]","[0.42,0.40,0.24]"
55440,2.4965,0.6198,0.0000,0.000155,"[0.24,0.55,1.39]","[0.45,0.41,0.24]"
55450,2.5010,0.6233,0.0000,0.000155,"[0.25,0.53,1.37]","[0.45,0.39,0.24]"
55460,2.8047,0.6118,0.0000,0.000155,"[0.23,0.57,1.40]","[0.43,0.38,0.24]"
55470,2.5286,0.6223,0.0000,0.000154,"[0.23,0.57,1.41]","[0.44,0.39,0.24]"
55480,2.6159,0.6200,0.0000,0.000154,"[0.24,0.55,1.39]","[0.44,0.39,0.24]"
55490,2.7032,0.6171,0.0000,0.000154,"[0.23,0.56,1.40]","[0.43,0.40,0.24]"
55500,2.5485,0.6102,0.0000,0.000154,"[0.23,0.57,1.41]","[0.43,0.39,0.24]"
55510,2.6410,0.6223,0.0000,0.000154,"[0.24,0.56,1.40]","[0.43,0.40,0.24]"
55520,2.7279,0.6441,0.0000,0.000154,"[0.23,0.55,1.39]","[0.44,0.39,0.24]"
55530,2.3294,0.6323,0.0000,0.000154,"[0.26,0.54,1.37]","[0.45,0.40,0.24]"
55540,2.5413,0.6106,0.0000,0.000154,"[0.23,0.55,1.40]","[0.44,0.39,0.24]"
55550,2.6072,0.6081,0.0000,0.000154,"[0.23,0.55,1.40]","[0.44,0.38,0.24]"
55560,2.4513,0.6157,0.0000,0.000154,"[0.24,0.55,1.39]","[0.45,0.40,0.24]"
55570,2.7325,0.5896,0.0000,0.000154,"[0.21,0.57,1.43]","[0.42,0.38,0.24]"
55580,2.5822,0.6112,0.0000,0.000154,"[0.23,0.57,1.41]","[0.43,0.39,0.24]"
55590,2.5926,0.6076,0.0000,0.000154,"[0.23,0.56,1.41]","[0.43,0.40,0.24]"
55600,2.5294,0.6092,0.0000,0.000154,"[0.23,0.57,1.40]","[0.43,0.39,0.24]"
55610,2.5701,0.6338,0.0000,0.000154,"[0.23,0.56,1.40]","[0.44,0.41,0.24]"
55620,2.8458,0.6246,0.0000,0.000154,"[0.22,0.57,1.42]","[0.43,0.39,0.24]"
55630,2.7146,0.6596,0.0000,0.000154,"[0.22,0.56,1.40]","[0.44,0.40,0.24]"
55640,2.6439,0.6313,0.0000,0.000154,"[0.22,0.57,1.41]","[0.44,0.39,0.24]"
55650,2.5537,0.6306,0.0000,0.000154,"[0.23,0.58,1.41]","[0.44,0.39,0.24]"
55660,2.3446,0.5933,0.0000,0.000154,"[0.24,0.56,1.38]","[0.43,0.40,0.24]"
55670,2.5945,0.6051,0.0000,0.000154,"[0.23,0.55,1.38]","[0.43,0.39,0.24]"
55680,2.6102,0.6056,0.0000,0.000154,"[0.23,0.56,1.39]","[0.45,0.40,0.24]"
55690,2.5900,0.5994,0.0000,0.000154,"[0.25,0.54,1.38]","[0.45,0.40,0.24]"
55700,2.4614,0.5925,0.0000,0.000154,"[0.23,0.56,1.39]","[0.45,0.41,0.24]"
55710,2.6458,0.5935,0.0000,0.000154,"[0.22,0.57,1.41]","[0.45,0.39,0.24]"
55720,2.5622,0.6050,0.0000,0.000154,"[0.23,0.57,1.42]","[0.45,0.40,0.24]"
55730,2.5052,0.6013,0.0000,0.000153,"[0.24,0.54,1.39]","[0.46,0.41,0.24]"
55740,2.5596,0.5951,0.0000,0.000153,"[0.23,0.54,1.40]","[0.44,0.40,0.24]"
55750,2.4218,0.6033,0.0000,0.000153,"[0.25,0.55,1.41]","[0.45,0.39,0.24]"
55760,2.6039,0.5912,0.0000,0.000153,"[0.23,0.57,1.41]","[0.43,0.40,0.24]"
55770,2.7321,0.5895,0.0000,0.000153,"[0.24,0.56,1.41]","[0.43,0.39,0.24]"
55780,2.5653,0.5861,0.0000,0.000153,"[0.22,0.56,1.42]","[0.43,0.39,0.24]"
55790,2.5676,0.5966,0.0000,0.000153,"[0.22,0.57,1.42]","[0.45,0.40,0.24]"
55800,2.5403,0.6025,0.0000,0.000153,"[0.22,0.56,1.40]","[0.43,0.39,0.24]"
55810,2.5729,0.6150,0.0000,0.000153,"[0.24,0.55,1.38]","[0.45,0.40,0.24]"
55820,2.5215,0.6248,0.0000,0.000153,"[0.24,0.56,1.39]","[0.44,0.40,0.24]"
55830,2.4723,0.6125,0.0000,0.000153,"[0.23,0.55,1.39]","[0.44,0.40,0.24]"
55840,2.7565,0.6097,0.0000,0.000153,"[0.23,0.57,1.42]","[0.43,0.40,0.24]"
55850,2.6234,0.6284,0.0000,0.000153,"[0.24,0.55,1.39]","[0.44,0.40,0.24]"
55860,2.7009,0.6220,0.0000,0.000153,"[0.23,0.56,1.41]","[0.44,0.40,0.24]"
55870,2.6141,0.6200,0.0000,0.000153,"[0.24,0.55,1.39]","[0.44,0.40,0.24]"
55880,2.6930,0.6196,0.0000,0.000153,"[0.25,0.53,1.37]","[0.45,0.41,0.24]"
55890,2.5556,0.6158,0.0000,0.000153,"[0.23,0.55,1.40]","[0.45,0.39,0.24]"
55900,2.3726,0.6092,0.0000,0.000153,"[0.25,0.54,1.39]","[0.45,0.41,0.24]"
55910,2.7955,0.6274,0.0000,0.000153,"[0.23,0.57,1.38]","[0.44,0.40,0.24]"
55920,2.3463,0.6125,0.0000,0.000153,"[0.23,0.55,1.38]","[0.44,0.40,0.24]"
55930,2.7946,0.6064,0.0000,0.000153,"[0.21,0.57,1.43]","[0.43,0.39,0.24]"
55940,2.4206,0.6205,0.0000,0.000153,"[0.24,0.55,1.39]","[0.45,0.41,0.24]"
55950,2.6538,0.6233,0.0000,0.000153,"[0.24,0.56,1.40]","[0.45,0.40,0.24]"
55960,2.5988,0.6034,0.0000,0.000153,"[0.23,0.56,1.40]","[0.44,0.39,0.24]"
55970,2.3532,0.6187,0.0000,0.000153,"[0.24,0.55,1.39]","[0.45,0.41,0.24]"
55980,2.6088,0.6133,0.0000,0.000153,"[0.24,0.56,1.39]","[0.44,0.39,0.24]"
55990,2.3953,0.6168,0.0000,0.000152,"[0.22,0.55,1.40]","[0.44,0.39,0.24]"
56000,2.7528,0.6129,0.0000,0.000152,"[0.23,0.56,1.40]","[0.44,0.39,0.24]"
56010,2.4919,0.6226,0.0000,0.000152,"[0.23,0.54,1.39]","[0.43,0.40,0.24]"
56020,2.5915,0.6238,0.0000,0.000152,"[0.24,0.55,1.39]","[0.45,0.41,0.24]"
56030,2.5548,0.6471,0.0000,0.000152,"[0.23,0.57,1.41]","[0.43,0.41,0.24]"
56040,2.5682,0.6487,0.0000,0.000152,"[0.24,0.55,1.40]","[0.45,0.40,0.24]"
56050,2.5299,0.6480,0.0000,0.000152,"[0.23,0.56,1.41]","[0.44,0.40,0.24]"
56060,2.4562,0.6588,0.0000,0.000152,"[0.24,0.56,1.40]","[0.43,0.40,0.24]"
56070,2.5248,0.6421,0.0000,0.000152,"[0.25,0.54,1.37]","[0.46,0.41,0.24]"
56080,2.7608,0.6404,0.0000,0.000152,"[0.23,0.57,1.40]","[0.43,0.40,0.24]"
56090,2.5570,0.6232,0.0000,0.000152,"[0.25,0.55,1.39]","[0.46,0.41,0.24]"
56100,2.6304,0.6229,0.0000,0.000152,"[0.23,0.56,1.39]","[0.43,0.39,0.24]"
56110,2.4059,0.6162,0.0000,0.000152,"[0.23,0.56,1.41]","[0.45,0.39,0.24]"
56120,2.5652,0.6057,0.0000,0.000152,"[0.23,0.56,1.39]","[0.45,0.41,0.24]"
56130,2.5217,0.6144,0.0000,0.000152,"[0.25,0.53,1.38]","[0.44,0.39,0.24]"
56140,2.4398,0.6009,0.0000,0.000152,"[0.23,0.55,1.40]","[0.44,0.39,0.24]"
56150,2.5905,0.6173,0.0000,0.000152,"[0.23,0.56,1.40]","[0.43,0.40,0.24]"
56160,2.5665,0.6102,0.0000,0.000152,"[0.23,0.57,1.41]","[0.44,0.40,0.24]"
56170,2.5570,0.6238,0.0000,0.000152,"[0.24,0.53,1.39]","[0.44,0.40,0.24]"
56180,2.5477,0.6118,0.0000,0.000152,"[0.23,0.55,1.39]","[0.45,0.39,0.24]"
56190,2.6817,0.6271,0.0000,0.000152,"[0.23,0.57,1.41]","[0.44,0.41,0.24]"
56200,2.6368,0.6055,0.0000,0.000152,"[0.24,0.55,1.41]","[0.43,0.39,0.24]"
56210,2.4677,0.6079,0.0000,0.000152,"[0.24,0.54,1.39]","[0.45,0.39,0.24]"
56220,2.5668,0.6105,0.0000,0.000152,"[0.23,0.56,1.41]","[0.44,0.39,0.24]"
56230,2.6620,0.6242,0.0000,0.000152,"[0.23,0.56,1.40]","[0.44,0.40,0.24]"
56240,2.7300,0.6338,0.0000,0.000152,"[0.23,0.57,1.39]","[0.44,0.38,0.24]"
56250,2.6864,0.6272,0.0000,0.000151,"[0.23,0.57,1.41]","[0.44,0.40,0.24]"
56260,2.3373,0.6310,0.0000,0.000151,"[0.24,0.55,1.39]","[0.44,0.40,0.24]"
56270,2.6510,0.6305,0.0000,0.000151,"[0.23,0.56,1.40]","[0.45,0.41,0.24]"
56280,2.3170,0.6219,0.0000,0.000151,"[0.25,0.54,1.38]","[0.44,0.39,0.24]"
56290,2.7413,0.6090,0.0000,0.000151,"[0.23,0.58,1.42]","[0.44,0.40,0.24]"
56300,2.8031,0.6091,0.0000,0.000151,"[0.23,0.57,1.42]","[0.43,0.39,0.24]"
56310,2.6662,0.5945,0.0000,0.000151,"[0.23,0.56,1.40]","[0.45,0.41,0.24]"
56320,2.7118,0.5989,0.0000,0.000151,"[0.24,0.55,1.40]","[0.45,0.40,0.24]"
56330,2.5843,0.6017,0.0000,0.000151,"[0.23,0.56,1.41]","[0.45,0.40,0.24]"
56340,2.6632,0.6077,0.0000,0.000151,"[0.24,0.56,1.40]","[0.44,0.40,0.24]"
56350,2.3110,0.6175,0.0000,0.000151,"[0.24,0.54,1.38]","[0.43,0.40,0.24]"
56360,2.6372,0.6091,0.0000,0.000151,"[0.23,0.56,1.39]","[0.43,0.40,0.24]"
56370,2.4576,0.6198,0.0000,0.000151,"[0.23,0.55,1.39]","[0.45,0.41,0.24]"
56380,2.5725,0.6218,0.0000,0.000151,"[0.24,0.56,1.39]","[0.46,0.41,0.24]"
56390,2.5812,0.6171,0.0000,0.000151,"[0.23,0.56,1.40]","[0.45,0.40,0.24]"
56400,2.7593,0.6269,0.0000,0.000151,"[0.23,0.56,1.40]","[0.44,0.39,0.24]"
56410,2.7304,0.6320,0.0000,0.000151,"[0.24,0.56,1.40]","[0.43,0.40,0.24]"
56420,2.6190,0.6334,0.0000,0.000151,"[0.23,0.56,1.41]","[0.45,0.41,0.24]"
56430,2.6641,0.6288,0.0000,0.000151,"[0.24,0.57,1.41]","[0.43,0.40,0.24]"
56440,2.5212,0.6312,0.0000,0.000151,"[0.22,0.56,1.42]","[0.43,0.38,0.24]"
56450,2.6682,0.6047,0.0000,0.000151,"[0.23,0.55,1.41]","[0.44,0.40,0.24]"
56460,2.5992,0.6153,0.0000,0.000151,"[0.24,0.57,1.40]","[0.45,0.41,0.24]"
56470,2.5604,0.6170,0.0000,0.000151,"[0.24,0.55,1.40]","[0.45,0.39,0.24]"
56480,2.4741,0.6239,0.0000,0.000151,"[0.22,0.56,1.42]","[0.44,0.40,0.24]"
56490,2.6045,0.6392,0.0000,0.000151,"[0.23,0.55,1.40]","[0.45,0.40,0.24]"
56500,2.4206,0.6608,0.0000,0.000150,"[0.23,0.54,1.39]","[0.42,0.38,0.24]"
56510,2.5966,0.6525,0.0000,0.000150,"[0.24,0.55,1.40]","[0.44,0.39,0.24]"
56520,2.4540,0.6458,0.0000,0.000150,"[0.23,0.56,1.39]","[0.44,0.38,0.24]"
56530,2.3532,0.6423,0.0000,0.000150,"[0.23,0.56,1.41]","[0.43,0.40,0.24]"
56540,2.6957,0.6182,0.0000,0.000150,"[0.22,0.58,1.43]","[0.43,0.40,0.24]"
56550,2.5264,0.6290,0.0000,0.000150,"[0.23,0.56,1.39]","[0.44,0.38,0.24]"
56560,2.6014,0.6448,0.0000,0.000150,"[0.24,0.55,1.39]","[0.45,0.40,0.24]"
56570,2.7103,0.6610,0.0000,0.000150,"[0.24,0.56,1.40]","[0.45,0.39,0.24]"
56580,2.6177,0.6556,0.0000,0.000150,"[0.23,0.56,1.41]","[0.44,0.39,0.24]"
56590,2.8880,0.6465,0.0000,0.000150,"[0.22,0.57,1.41]","[0.42,0.39,0.24]"
56600,2.4599,0.6480,0.0000,0.000150,"[0.24,0.56,1.40]","[0.43,0.38,0.24]"
56610,2.5159,0.6365,0.0000,0.000150,"[0.23,0.57,1.41]","[0.43,0.38,0.24]"
56620,2.4484,0.6422,0.0000,0.000150,"[0.25,0.55,1.37]","[0.45,0.38,0.24]"
56630,2.7116,0.6325,0.0000,0.000150,"[0.23,0.56,1.40]","[0.43,0.39,0.24]"
56640,2.4630,0.6223,0.0000,0.000150,"[0.25,0.54,1.40]","[0.46,0.40,0.24]"
56650,2.5944,0.6280,0.0000,0.000150,"[0.23,0.56,1.39]","[0.43,0.39,0.24]"
56660,2.6505,0.6333,0.0000,0.000150,"[0.23,0.56,1.39]","[0.45,0.38,0.24]"
56670,2.5328,0.6416,0.0000,0.000150,"[0.24,0.56,1.39]","[0.44,0.38,0.24]"
56680,2.5175,0.6271,0.0000,0.000150,"[0.23,0.56,1.40]","[0.44,0.39,0.24]"
56690,2.4544,0.6286,0.0000,0.000150,"[0.24,0.54,1.38]","[0.45,0.40,0.24]"
56700,2.6889,0.6231,0.0000,0.000150,"[0.23,0.56,1.40]","[0.44,0.39,0.24]"
56710,2.6409,0.6325,0.0000,0.000150,"[0.22,0.56,1.42]","[0.42,0.39,0.24]"
56720,2.7086,0.6229,0.0000,0.000150,"[0.23,0.56,1.41]","[0.43,0.40,0.24]"
56730,2.6620,0.6038,0.0000,0.000150,"[0.23,0.58,1.40]","[0.43,0.40,0.24]"
56740,2.3442,0.6174,0.0000,0.000150,"[0.24,0.55,1.40]","[0.44,0.39,0.24]"
56750,2.6465,0.6064,0.0000,0.000150,"[0.24,0.56,1.41]","[0.43,0.40,0.24]"
56760,2.6316,0.6183,0.0000,0.000149,"[0.23,0.56,1.40]","[0.43,0.39,0.24]"
56770,2.5918,0.6269,0.0000,0.000149,"[0.24,0.56,1.40]","[0.44,0.39,0.24]"
56780,2.5704,0.6211,0.0000,0.000149,"[0.23,0.57,1.42]","[0.43,0.37,0.24]"
56790,2.6304,0.6406,0.0000,0.000149,"[0.22,0.57,1.41]","[0.44,0.40,0.24]"
56800,2.4452,0.6469,0.0000,0.000149,"[0.25,0.55,1.37]","[0.46,0.40,0.24]"
56810,2.5248,0.6412,0.0000,0.000149,"[0.24,0.57,1.41]","[0.44,0.39,0.24]"
56820,2.3787,0.6696,0.0000,0.000149,"[0.23,0.53,1.37]","[0.42,0.40,0.24]"
56830,2.6020,0.6472,0.0000,0.000149,"[0.23,0.57,1.42]","[0.43,0.40,0.24]"
56840,2.4157,0.6500,0.0000,0.000149,"[0.24,0.55,1.40]","[0.45,0.41,0.24]"
56850,2.5454,0.6603,0.0000,0.000149,"[0.23,0.56,1.41]","[0.44,0.38,0.24]"
56860,2.5497,0.6518,0.0000,0.000149,"[0.23,0.56,1.39]","[0.44,0.40,0.24]"
56870,2.3249,0.6513,0.0000,0.000149,"[0.23,0.55,1.40]","[0.44,0.41,0.24]"
56880,2.7836,0.6303,0.0000,0.000149,"[0.23,0.56,1.42]","[0.44,0.40,0.24]"
56890,2.6888,0.6457,0.0000,0.000149,"[0.23,0.57,1.40]","[0.44,0.40,0.24]"
56900,2.5516,0.6187,0.0000,0.000149,"[0.23,0.56,1.39]","[0.45,0.39,0.24]"
56910,2.5233,0.6364,0.0000,0.000149,"[0.23,0.55,1.39]","[0.44,0.39,0.24]"
56920,2.2658,0.6402,0.0000,0.000149,"[0.24,0.54,1.38]","[0.44,0.40,0.24]"
56930,2.7304,0.6592,0.0000,0.000149,"[0.23,0.57,1.39]","[0.44,0.40,0.24]"
56940,2.6805,0.6507,0.0000,0.000149,"[0.22,0.56,1.38]","[0.42,0.39,0.24]"
56950,2.4204,0.6555,0.0000,0.000149,"[0.23,0.57,1.38]","[0.44,0.40,0.24]"
56960,2.7526,0.6535,0.0000,0.000149,"[0.23,0.56,1.40]","[0.44,0.40,0.24]"
56970,2.7428,0.6404,0.0000,0.000149,"[0.23,0.58,1.40]","[0.42,0.40,0.24]"
56980,2.3665,0.6434,0.0000,0.000149,"[0.23,0.56,1.39]","[0.44,0.40,0.24]"
56990,2.5046,0.6657,0.0000,0.000149,"[0.24,0.56,1.40]","[0.44,0.40,0.24]"
57000,2.3341,0.6520,0.0000,0.000149,"[0.23,0.54,1.37]","[0.44,0.39,0.24]"
57510,2.7195,0.4735,0.0064,0.000025,"[0.24,0.55,1.34]","[0.43,0.41,0.27]"
57520,2.9194,0.4110,0.0007,0.000025,"[0.23,0.56,1.38]","[0.44,0.40,0.25]"
57530,2.9197,0.3423,0.0029,0.000025,"[0.23,0.58,1.39]","[0.44,0.40,0.26]"
57540,2.9068,0.3084,0.0023,0.000025,"[0.22,0.57,1.37]","[0.43,0.40,0.27]"
57550,2.5470,0.2715,0.0031,0.000025,"[0.23,0.55,1.37]","[0.43,0.38,0.27]"
57560,2.7080,0.2658,0.0027,0.000025,"[0.24,0.56,1.38]","[0.44,0.41,0.27]"
57570,2.6220,0.2482,0.0029,0.000025,"[0.25,0.55,1.36]","[0.43,0.41,0.27]"
57580,2.8098,0.2422,0.0031,0.000025,"[0.23,0.57,1.37]","[0.43,0.40,0.27]"
57590,2.5343,0.2283,0.0028,0.000025,"[0.25,0.55,1.38]","[0.44,0.40,0.27]"
57600,2.4832,0.2205,0.0038,0.000025,"[0.26,0.55,1.37]","[0.45,0.41,0.28]"
57610,2.7026,0.2164,0.0033,0.000025,"[0.25,0.56,1.39]","[0.44,0.41,0.27]"
57620,2.6815,0.2099,0.0032,0.000025,"[0.24,0.57,1.40]","[0.43,0.39,0.27]"
57630,2.8286,0.2047,0.0033,0.000025,"[0.23,0.58,1.41]","[0.43,0.38,0.28]"
57640,2.5256,0.2008,0.0030,0.000025,"[0.25,0.56,1.42]","[0.43,0.41,0.27]"
57650,2.7211,0.2032,0.0028,0.000025,"[0.24,0.57,1.44]","[0.44,0.40,0.27]"
57660,2.7681,0.2059,0.0032,0.000025,"[0.22,0.58,1.47]","[0.43,0.39,0.27]"
57670,2.7378,0.1974,0.0037,0.000025,"[0.24,0.57,1.52]","[0.44,0.38,0.28]"
57680,2.7620,0.1867,0.0031,0.000025,"[0.24,0.57,1.56]","[0.44,0.39,0.27]"
57690,2.3818,0.1761,0.0038,0.000025,"[0.25,0.56,1.58]","[0.45,0.40,0.28]"
57700,2.6546,0.1697,0.0026,0.000025,"[0.23,0.57,1.64]","[0.43,0.40,0.27]"
57710,2.9718,0.1655,0.0030,0.000025,"[0.23,0.58,1.66]","[0.44,0.40,0.27]"
57720,2.6291,0.1480,0.0021,0.000025,"[0.23,0.58,1.70]","[0.43,0.40,0.27]"
57730,2.7415,0.1414,0.0025,0.000025,"[0.24,0.57,1.71]","[0.44,0.40,0.27]"
57740,2.5419,0.1317,0.0025,0.000025,"[0.25,0.55,1.71]","[0.44,0.40,0.27]"
57750,2.4733,0.1323,0.0023,0.000025,"[0.25,0.56,1.72]","[0.45,0.40,0.26]"
57760,2.4204,0.1255,0.0022,0.000025,"[0.23,0.57,1.73]","[0.42,0.38,0.26]"
57770,2.7964,0.1274,0.0020,0.000025,"[0.24,0.57,1.73]","[0.43,0.41,0.26]"
57780,2.7597,0.1197,0.0024,0.000025,"[0.24,0.57,1.73]","[0.42,0.40,0.27]"
57790,2.5046,0.1145,0.0020,0.000025,"[0.24,0.57,1.76]","[0.43,0.39,0.26]"
57800,2.7982,0.1100,0.0019,0.000025,"[0.23,0.57,1.75]","[0.43,0.40,0.26]"
57810,2.9399,0.1122,0.0019,0.000025,"[0.23,0.57,1.74]","[0.43,0.40,0.26]"
57820,2.8481,0.1045,0.0025,0.000025,"[0.24,0.57,1.74]","[0.44,0.41,0.27]"
57830,2.6797,0.1004,0.0021,0.000025,"[0.25,0.57,1.72]","[0.44,0.40,0.27]"
57840,2.4682,0.0996,0.0019,0.000025,"[0.23,0.57,1.72]","[0.43,0.38,0.27]"
57850,2.6711,0.0949,0.0022,0.000025,"[0.23,0.58,1.73]","[0.43,0.40,0.26]"
57860,2.6887,0.0942,0.0019,0.000025,"[0.23,0.57,1.73]","[0.43,0.39,0.26]"
57870,2.3394,0.0896,0.0021,0.000025,"[0.25,0.56,1.73]","[0.45,0.40,0.26]"
57880,2.7441,0.0879,0.0018,0.000025,"[0.23,0.59,1.76]","[0.43,0.39,0.26]"
57890,2.5455,0.0847,0.0018,0.000025,"[0.24,0.57,1.77]","[0.42,0.39,0.26]"
57900,2.5025,0.0821,0.0022,0.000025,"[0.22,0.56,1.78]","[0.42,0.39,0.27]"
57910,2.6928,0.0775,0.0019,0.000025,"[0.23,0.58,1.80]","[0.43,0.39,0.26]"
57920,2.7181,0.0761,0.0020,0.000025,"[0.23,0.58,1.81]","[0.44,0.39,0.26]"
57930,2.4971,0.0751,0.0018,0.000025,"[0.24,0.56,1.81]","[0.44,0.40,0.26]"
57940,2.5982,0.0736,0.0022,0.000025,"[0.24,0.55,1.81]","[0.43,0.38,0.26]"
57950,2.4896,0.0750,0.0019,0.000025,"[0.24,0.57,1.80]","[0.44,0.39,0.26]"
57960,2.6966,0.0723,0.0022,0.000025,"[0.23,0.59,1.80]","[0.43,0.39,0.27]"
57970,2.7303,0.0722,0.0020,0.000025,"[0.23,0.57,1.79]","[0.44,0.38,0.26]"
57980,2.6127,0.0759,0.0021,0.000025,"[0.23,0.57,1.79]","[0.43,0.39,0.26]"
57990,2.7180,0.0722,0.0020,0.000025,"[0.24,0.57,1.79]","[0.45,0.40,0.26]"
58000,2.4537,0.0720,0.0023,0.000025,"[0.24,0.56,1.78]","[0.44,0.40,0.26]"
58010,2.6781,0.0730,0.0020,0.000025,"[0.25,0.54,1.79]","[0.45,0.39,0.27]"
58020,2.5030,0.0723,0.0022,0.000025,"[0.24,0.57,1.80]","[0.45,0.39,0.27]"
58030,2.6739,0.0732,0.0017,0.000025,"[0.25,0.56,1.81]","[0.44,0.38,0.26]"
58040,2.6603,0.0700,0.0019,0.000025,"[0.24,0.56,1.82]","[0.44,0.39,0.26]"
58050,2.6110,0.0715,0.0020,0.000025,"[0.24,0.56,1.84]","[0.43,0.39,0.26]"
58060,2.5381,0.0720,0.0020,0.000025,"[0.24,0.56,1.84]","[0.44,0.40,0.26]"
58070,2.6697,0.0732,0.0019,0.000025,"[0.24,0.57,1.84]","[0.43,0.39,0.26]"
58080,2.5286,0.0721,0.0020,0.000025,"[0.24,0.56,1.82]","[0.43,0.39,0.26]"
58090,2.5103,0.0730,0.0017,0.000025,"[0.25,0.56,1.83]","[0.45,0.40,0.26]"
58100,2.6707,0.0715,0.0021,0.000025,"[0.22,0.56,1.82]","[0.43,0.38,0.27]"
58110,2.6420,0.0714,0.0017,0.000025,"[0.24,0.57,1.82]","[0.44,0.40,0.26]"
58120,2.4711,0.0673,0.0019,0.000025,"[0.23,0.56,1.81]","[0.43,0.38,0.26]"
58130,2.5036,0.0678,0.0019,0.000025,"[0.24,0.56,1.80]","[0.43,0.41,0.26]"
58140,2.7624,0.0685,0.0018,0.000025,"[0.24,0.58,1.80]","[0.44,0.41,0.26]"
58150,2.3971,0.0689,0.0019,0.000025,"[0.24,0.57,1.80]","[0.44,0.40,0.26]"
58160,2.5519,0.0702,0.0017,0.000025,"[0.24,0.56,1.79]","[0.44,0.39,0.26]"
58170,2.3880,0.0685,0.0020,0.000025,"[0.24,0.57,1.79]","[0.44,0.40,0.26]"
58180,2.6687,0.0749,0.0017,0.000025,"[0.23,0.57,1.79]","[0.42,0.39,0.26]"
58190,2.5114,0.0764,0.0022,0.000025,"[0.23,0.57,1.83]","[0.43,0.39,0.26]"
58200,2.5547,0.0781,0.0014,0.000025,"[0.24,0.57,1.85]","[0.44,0.40,0.26]"
58210,2.7247,0.0745,0.0016,0.000025,"[0.24,0.56,1.86]","[0.43,0.39,0.26]"
58220,2.6240,0.0784,0.0015,0.000025,"[0.24,0.57,1.85]","[0.44,0.39,0.26]"
58230,2.5480,0.0721,0.0020,0.000025,"[0.25,0.55,1.85]","[0.45,0.39,0.26]"
58240,2.5691,0.0730,0.0016,0.000025,"[0.23,0.58,1.84]","[0.43,0.39,0.26]"
58250,2.5973,0.0716,0.0017,0.000025,"[0.24,0.56,1.85]","[0.44,0.39,0.26]"
58260,2.4225,0.0717,0.0018,0.000025,"[0.24,0.57,1.85]","[0.44,0.39,0.26]"
58270,2.4762,0.0743,0.0016,0.000025,"[0.23,0.56,1.83]","[0.43,0.38,0.26]"
58280,2.4723,0.0760,0.0019,0.000025,"[0.24,0.56,1.82]","[0.43,0.39,0.26]"
58290,2.4484,0.0808,0.0016,0.000025,"[0.25,0.55,1.81]","[0.45,0.38,0.26]"
58300,2.5807,0.0871,0.0020,0.000025,"[0.24,0.57,1.81]","[0.44,0.38,0.26]"
58310,2.5864,0.0907,0.0017,0.000025,"[0.24,0.55,1.79]","[0.43,0.38,0.26]"
58320,2.4713,0.0908,0.0017,0.000025,"[0.25,0.56,1.78]","[0.45,0.39,0.26]"
58330,2.5216,0.0900,0.0017,0.000025,"[0.24,0.56,1.77]","[0.44,0.40,0.26]"
58340,2.8329,0.0928,0.0021,0.000025,"[0.23,0.58,1.75]","[0.43,0.38,0.26]"
58350,2.5527,0.0931,0.0018,0.000025,"[0.24,0.56,1.71]","[0.43,0.39,0.26]"
58360,2.5693,0.0934,0.0017,0.000025,"[0.23,0.56,1.69]","[0.44,0.39,0.26]"
58370,2.4834,0.0954,0.0020,0.000025,"[0.25,0.56,1.65]","[0.44,0.40,0.27]"
58380,2.4729,0.0973,0.0019,0.000025,"[0.23,0.55,1.63]","[0.43,0.40,0.26]"
58390,2.7180,0.0999,0.0019,0.000025,"[0.22,0.56,1.63]","[0.43,0.38,0.26]"
58400,2.4777,0.0997,0.0020,0.000025,"[0.24,0.56,1.60]","[0.44,0.39,0.27]"
58410,2.5753,0.0995,0.0021,0.000025,"[0.24,0.56,1.60]","[0.44,0.39,0.27]"
58420,2.6475,0.0973,0.0021,0.000025,"[0.24,0.57,1.60]","[0.44,0.40,0.27]"
58430,2.5837,0.0963,0.0024,0.000025,"[0.23,0.56,1.60]","[0.43,0.39,0.27]"
58440,2.4746,0.0930,0.0021,0.000025,"[0.24,0.56,1.61]","[0.45,0.40,0.27]"
58450,2.5305,0.0911,0.0021,0.000025,"[0.24,0.56,1.61]","[0.44,0.40,0.26]"
58460,2.6281,0.0916,0.0020,0.000025,"[0.23,0.58,1.61]","[0.43,0.38,0.26]"
58470,2.4024,0.0885,0.0018,0.000025,"[0.25,0.57,1.62]","[0.44,0.40,0.26]"
58480,2.4517,0.0852,0.0016,0.000025,"[0.24,0.57,1.62]","[0.44,0.41,0.26]"
58490,2.8060,0.0862,0.0019,0.000025,"[0.23,0.58,1.63]","[0.44,0.39,0.26]"
58500,2.5597,0.0832,0.0017,0.000025,"[0.25,0.55,1.63]","[0.44,0.40,0.26]"
58510,2.6461,0.0824,0.0017,0.000025,"[0.24,0.58,1.64]","[0.44,0.39,0.26]"
58520,2.2791,0.0797,0.0015,0.000025,"[0.24,0.55,1.64]","[0.44,0.40,0.26]"
58530,2.6346,0.0776,0.0018,0.000025,"[0.25,0.55,1.64]","[0.45,0.39,0.26]"
58540,2.6722,0.0731,0.0017,0.000025,"[0.25,0.57,1.65]","[0.44,0.39,0.26]"
58550,2.5877,0.0719,0.0016,0.000025,"[0.23,0.58,1.68]","[0.43,0.39,0.26]"
58560,2.7068,0.0688,0.0017,0.000025,"[0.22,0.58,1.67]","[0.43,0.40,0.26]"
58570,2.5480,0.0672,0.0017,0.000025,"[0.24,0.57,1.68]","[0.43,0.39,0.26]"
58580,2.4666,0.0642,0.0017,0.000025,"[0.24,0.57,1.68]","[0.43,0.39,0.26]"
58590,2.6951,0.0642,0.0016,0.000025,"[0.24,0.58,1.69]","[0.44,0.39,0.26]"
58600,2.4982,0.0613,0.0016,0.000025,"[0.23,0.56,1.69]","[0.43,0.38,0.26]"
58610,2.5407,0.0611,0.0018,0.000025,"[0.24,0.57,1.70]","[0.43,0.38,0.26]"
58620,2.5789,0.0603,0.0017,0.000025,"[0.23,0.56,1.70]","[0.43,0.39,0.26]"
58630,2.7542,0.0602,0.0016,0.000025,"[0.23,0.58,1.70]","[0.43,0.39,0.26]"
58640,2.7317,0.0580,0.0017,0.000025,"[0.24,0.56,1.71]","[0.44,0.40,0.26]"
58650,2.5025,0.0566,0.0018,0.000025,"[0.24,0.55,1.71]","[0.43,0.38,0.26]"
58660,2.4155,0.0549,0.0016,0.000025,"[0.25,0.56,1.70]","[0.44,0.39,0.26]"
58670,2.6893,0.0539,0.0019,0.000025,"[0.23,0.57,1.70]","[0.43,0.38,0.26]"
58680,2.7634,0.0547,0.0016,0.000025,"[0.24,0.57,1.70]","[0.43,0.41,0.26]"
58690,2.7932,0.0533,0.0018,0.000025,"[0.23,0.58,1.71]","[0.44,0.39,0.26]"
58700,2.4534,0.0539,0.0018,0.000025,"[0.25,0.56,1.70]","[0.44,0.39,0.26]"
58710,2.4917,0.0508,0.0018,0.000025,"[0.25,0.54,1.70]","[0.45,0.39,0.26]"
58720,2.4746,0.0501,0.0018,0.000025,"[0.25,0.55,1.71]","[0.45,0.40,0.26]"
58730,2.3060,0.0489,0.0017,0.000025,"[0.25,0.54,1.71]","[0.45,0.40,0.26]"
58740,2.4825,0.0475,0.0017,0.000025,"[0.23,0.56,1.72]","[0.43,0.39,0.26]"
58750,2.2882,0.0466,0.0019,0.000025,"[0.24,0.55,1.70]","[0.44,0.39,0.26]"
58760,2.6518,0.0476,0.0021,0.000025,"[0.23,0.59,1.71]","[0.43,0.39,0.26]"
58770,2.5420,0.0462,0.0017,0.000025,"[0.24,0.57,1.71]","[0.45,0.39,0.26]"
58780,2.7967,0.0466,0.0018,0.000025,"[0.23,0.59,1.71]","[0.43,0.40,0.26]"
58790,2.5106,0.0448,0.0018,0.000025,"[0.24,0.56,1.71]","[0.45,0.40,0.26]"
58800,2.4881,0.0436,0.0019,0.000025,"[0.24,0.57,1.72]","[0.44,0.41,0.26]"
58810,2.4838,0.0441,0.0019,0.000025,"[0.24,0.56,1.71]","[0.43,0.39,0.26]"
58820,2.7787,0.0439,0.0020,0.000025,"[0.24,0.56,1.72]","[0.44,0.40,0.26]"
58830,2.6364,0.0432,0.0020,0.000025,"[0.24,0.55,1.73]","[0.46,0.39,0.26]"
58840,2.5662,0.0439,0.0019,0.000025,"[0.24,0.56,1.74]","[0.44,0.39,0.26]"
58850,2.6030,0.0450,0.0019,0.000025,"[0.24,0.57,1.75]","[0.44,0.40,0.26]"
58860,2.6246,0.0431,0.0019,0.000025,"[0.23,0.57,1.75]","[0.43,0.39,0.26]"
58870,2.5021,0.0438,0.0019,0.000025,"[0.22,0.58,1.76]","[0.42,0.39,0.26]"
58880,2.8095,0.0446,0.0018,0.000025,"[0.24,0.57,1.76]","[0.45,0.40,0.26]"
58890,2.3606,0.0436,0.0019,0.000025,"[0.24,0.55,1.75]","[0.44,0.39,0.26]"
58900,2.6326,0.0431,0.0018,0.000025,"[0.21,0.56,1.74]","[0.42,0.38,0.26]"
58910,2.4906,0.0446,0.0017,0.000025,"[0.23,0.57,1.74]","[0.44,0.38,0.26]"
58920,2.6308,0.0464,0.0018,0.000025,"[0.24,0.58,1.74]","[0.43,0.38,0.26]"
58930,2.4912,0.0502,0.0019,0.000025,"[0.24,0.56,1.74]","[0.44,0.40,0.26]"
58940,2.5874,0.0553,0.0016,0.000025,"[0.24,0.57,1.72]","[0.44,0.40,0.26]"
58950,2.2727,0.0563,0.0019,0.000025,"[0.24,0.55,1.68]","[0.44,0.41,0.26]"
58960,2.6146,0.0567,0.0019,0.000025,"[0.23,0.55,1.67]","[0.44,0.39,0.26]"
58970,2.5994,0.0534,0.0021,0.000025,"[0.23,0.57,1.66]","[0.43,0.40,0.26]"
58980,2.6191,0.0515,0.0019,0.000025,"[0.24,0.58,1.66]","[0.43,0.39,0.26]"
58990,2.6786,0.0510,0.0019,0.000025,"[0.25,0.56,1.65]","[0.43,0.41,0.26]"
59000,2.7016,0.0486,0.0020,0.000025,"[0.23,0.58,1.66]","[0.42,0.40,0.26]"
59010,2.5465,0.0480,0.0019,0.000025,"[0.23,0.55,1.66]","[0.42,0.38,0.26]"
59020,2.6549,0.0470,0.0018,0.000025,"[0.23,0.57,1.66]","[0.44,0.40,0.26]"
59030,2.4117,0.0481,0.0021,0.000025,"[0.25,0.55,1.65]","[0.45,0.39,0.26]"
59040,2.4762,0.0494,0.0017,0.000025,"[0.24,0.57,1.67]","[0.44,0.40,0.26]"
59050,2.6170,0.0503,0.0016,0.000025,"[0.24,0.58,1.70]","[0.44,0.40,0.26]"
59060,2.5422,0.0474,0.0020,0.000025,"[0.23,0.55,1.69]","[0.42,0.39,0.26]"
59070,2.4660,0.0488,0.0017,0.000025,"[0.24,0.58,1.72]","[0.44,0.40,0.26]"
59080,2.5016,0.0466,0.0018,0.000025,"[0.23,0.57,1.72]","[0.43,0.40,0.26]"
59090,2.7267,0.0446,0.0016,0.000025,"[0.23,0.57,1.72]","[0.44,0.39,0.26]"
59100,2.4863,0.0425,0.0016,0.000025,"[0.23,0.58,1.73]","[0.44,0.40,0.26]"
59110,2.3958,0.0418,0.0017,0.000025,"[0.25,0.55,1.72]","[0.44,0.39,0.26]"
59120,2.3743,0.0416,0.0018,0.000025,"[0.24,0.54,1.70]","[0.44,0.38,0.26]"
59130,2.4999,0.0411,0.0016,0.000025,"[0.23,0.57,1.71]","[0.43,0.38,0.26]"
59140,2.6877,0.0413,0.0018,0.000025,"[0.23,0.57,1.71]","[0.43,0.39,0.26]"
59150,2.7595,0.0412,0.0018,0.000025,"[0.23,0.56,1.71]","[0.43,0.39,0.26]"
59160,2.5828,0.0399,0.0021,0.000025,"[0.23,0.58,1.71]","[0.44,0.39,0.26]"
59170,2.6635,0.0403,0.0018,0.000025,"[0.21,0.56,1.72]","[0.41,0.38,0.26]"
59180,2.6438,0.0420,0.0018,0.000025,"[0.23,0.58,1.74]","[0.44,0.40,0.26]"
59190,2.7580,0.0429,0.0017,0.000025,"[0.23,0.57,1.77]","[0.43,0.38,0.26]"
59200,2.3321,0.0425,0.0019,0.000025,"[0.24,0.55,1.78]","[0.43,0.39,0.26]"
59210,2.5260,0.0431,0.0019,0.000025,"[0.24,0.56,1.79]","[0.44,0.39,0.26]"
59220,2.5910,0.0448,0.0019,0.000025,"[0.23,0.57,1.81]","[0.43,0.38,0.26]"
59230,2.6089,0.0454,0.0018,0.000025,"[0.24,0.57,1.81]","[0.43,0.39,0.26]"
59240,2.7557,0.0439,0.0018,0.000025,"[0.23,0.56,1.80]","[0.43,0.39,0.26]"
59250,2.6566,0.0426,0.0019,0.000025,"[0.24,0.56,1.79]","[0.43,0.40,0.26]"
59260,2.3946,0.0404,0.0020,0.000025,"[0.23,0.57,1.80]","[0.43,0.39,0.26]"
59270,2.5762,0.0401,0.0019,0.000025,"[0.24,0.56,1.78]","[0.44,0.40,0.26]"
59280,2.5117,0.0393,0.0019,0.000025,"[0.25,0.56,1.78]","[0.45,0.39,0.26]"
59290,2.7792,0.0383,0.0019,0.000025,"[0.23,0.58,1.78]","[0.44,0.39,0.26]"
59300,2.7925,0.0371,0.0019,0.000025,"[0.23,0.58,1.78]","[0.43,0.39,0.26]"
59310,2.5784,0.0369,0.0018,0.000025,"[0.24,0.57,1.78]","[0.43,0.38,0.26]"
59320,2.4252,0.0355,0.0019,0.000025,"[0.25,0.56,1.76]","[0.45,0.39,0.26]"
59330,2.7697,0.0360,0.0018,0.000025,"[0.23,0.57,1.76]","[0.44,0.38,0.26]"
59340,2.5313,0.0367,0.0020,0.000025,"[0.24,0.57,1.75]","[0.45,0.39,0.26]"
59350,2.5053,0.0386,0.0017,0.000025,"[0.23,0.56,1.75]","[0.42,0.38,0.26]"
59360,2.6898,0.0378,0.0019,0.000025,"[0.23,0.58,1.76]","[0.44,0.39,0.26]"
59370,2.8583,0.0375,0.0019,0.000025,"[0.22,0.58,1.76]","[0.42,0.37,0.26]"
59380,2.6250,0.0364,0.0017,0.000025,"[0.24,0.57,1.76]","[0.44,0.40,0.26]"
59390,2.4481,0.0354,0.0019,0.000025,"[0.24,0.57,1.76]","[0.43,0.40,0.26]"
59400,2.6348,0.0341,0.0020,0.000025,"[0.23,0.56,1.77]","[0.43,0.39,0.26]"
59410,2.5706,0.0342,0.0019,0.000025,"[0.23,0.56,1.76]","[0.44,0.40,0.26]"
59420,2.6227,0.0338,0.0020,0.000025,"[0.22,0.58,1.77]","[0.44,0.38,0.26]"
59430,2.6723,0.0347,0.0019,0.000025,"[0.25,0.57,1.76]","[0.44,0.39,0.26]"
59440,2.7462,0.0335,0.0020,0.000025,"[0.23,0.57,1.77]","[0.42,0.38,0.26]"
59450,2.5034,0.0340,0.0019,0.000025,"[0.25,0.55,1.79]","[0.45,0.40,0.26]"
59460,2.4927,0.0326,0.0019,0.000025,"[0.24,0.57,1.81]","[0.45,0.39,0.26]"
59470,2.6381,0.0319,0.0019,0.000025,"[0.23,0.56,1.82]","[0.42,0.39,0.26]"
59480,2.4707,0.0326,0.0018,0.000025,"[0.24,0.57,1.82]","[0.44,0.40,0.26]"
59490,2.7270,0.0339,0.0020,0.000025,"[0.23,0.59,1.81]","[0.43,0.40,0.26]"
59500,2.6080,0.0343,0.0016,0.000025,"[0.24,0.57,1.81]","[0.44,0.39,0.26]"
59510,2.4289,0.0339,0.0020,0.000025,"[0.24,0.55,1.81]","[0.44,0.40,0.26]"
59520,2.7018,0.0341,0.0020,0.000025,"[0.23,0.58,1.81]","[0.42,0.37,0.26]"
59530,2.5582,0.0345,0.0020,0.000025,"[0.26,0.55,1.81]","[0.46,0.40,0.26]"
59540,2.7626,0.0357,0.0020,0.000025,"[0.24,0.58,1.82]","[0.43,0.39,0.26]"
59550,2.5410,0.0350,0.0019,0.000025,"[0.24,0.57,1.82]","[0.44,0.38,0.26]"
59560,2.6597,0.0347,0.0018,0.000025,"[0.23,0.58,1.83]","[0.44,0.38,0.26]"
59570,2.9267,0.0348,0.0021,0.000025,"[0.23,0.58,1.83]","[0.42,0.40,0.26]"
59580,2.4690,0.0350,0.0019,0.000025,"[0.24,0.54,1.83]","[0.44,0.38,0.26]"
59590,2.8594,0.0354,0.0020,0.000025,"[0.24,0.58,1.82]","[0.43,0.39,0.26]"
59600,2.4086,0.0355,0.0018,0.000025,"[0.23,0.57,1.83]","[0.43,0.38,0.26]"
59610,2.6432,0.0353,0.0018,0.000025,"[0.23,0.57,1.84]","[0.43,0.39,0.26]"
59620,2.6951,0.0353,0.0018,0.000025,"[0.23,0.58,1.84]","[0.44,0.39,0.26]"
59630,2.5658,0.0358,0.0019,0.000025,"[0.24,0.56,1.83]","[0.44,0.38,0.26]"
59640,2.7689,0.0365,0.0020,0.000025,"[0.22,0.59,1.85]","[0.43,0.39,0.26]"
59650,2.6713,0.0372,0.0021,0.000025,"[0.23,0.57,1.85]","[0.43,0.39,0.27]"
59660,2.5890,0.0381,0.0019,0.000025,"[0.23,0.56,1.86]","[0.43,0.38,0.26]"
59670,2.6690,0.0383,0.0021,0.000025,"[0.23,0.58,1.86]","[0.43,0.40,0.26]"
59680,2.6297,0.0380,0.0019,0.000025,"[0.23,0.57,1.85]","[0.43,0.39,0.26]"
59690,2.6330,0.0386,0.0019,0.000025,"[0.24,0.57,1.85]","[0.43,0.38,0.26]"
59700,2.7089,0.0411,0.0019,0.000025,"[0.23,0.58,1.85]","[0.43,0.37,0.26]"
59710,2.7491,0.0427,0.0019,0.000025,"[0.23,0.57,1.84]","[0.43,0.39,0.26]"
59720,2.4485,0.0417,0.0020,0.000025,"[0.24,0.57,1.84]","[0.44,0.39,0.26]"
59730,2.4930,0.0424,0.0019,0.000025,"[0.24,0.56,1.84]","[0.43,0.39,0.26]"
59740,2.5208,0.0414,0.0019,0.000025,"[0.24,0.56,1.85]","[0.45,0.39,0.26]"
59750,2.8140,0.0413,0.0021,0.000025,"[0.23,0.58,1.84]","[0.43,0.39,0.26]"
59760,2.5794,0.0392,0.0018,0.000025,"[0.25,0.56,1.82]","[0.45,0.40,0.26]"
59770,2.6323,0.0393,0.0020,0.000025,"[0.23,0.56,1.83]","[0.44,0.40,0.26]"
59780,2.7099,0.0394,0.0017,0.000025,"[0.23,0.57,1.82]","[0.44,0.37,0.26]"
59790,2.5078,0.0384,0.0017,0.000025,"[0.23,0.57,1.82]","[0.44,0.39,0.26]"
59800,2.7947,0.0374,0.0018,0.000025,"[0.24,0.57,1.82]","[0.44,0.39,0.26]"
59810,2.5813,0.0359,0.0018,0.000025,"[0.24,0.54,1.81]","[0.45,0.38,0.26]"
59820,2.3819,0.0348,0.0019,0.000025,"[0.23,0.54,1.81]","[0.44,0.39,0.26]"
59830,2.5960,0.0348,0.0018,0.000025,"[0.24,0.57,1.81]","[0.44,0.39,0.26]"
59840,2.4019,0.0336,0.0019,0.000025,"[0.24,0.55,1.80]","[0.44,0.38,0.26]"
59850,2.4962,0.0338,0.0020,0.000025,"[0.24,0.55,1.81]","[0.43,0.39,0.26]"
59860,2.5224,0.0334,0.0019,0.000025,"[0.23,0.56,1.80]","[0.44,0.38,0.26]"
59870,2.7511,0.0349,0.0019,0.000025,"[0.23,0.57,1.80]","[0.43,0.39,0.26]"
59880,2.6001,0.0358,0.0020,0.000025,"[0.24,0.58,1.80]","[0.43,0.39,0.26]"
59890,2.6078,0.0364,0.0020,0.000025,"[0.24,0.57,1.81]","[0.42,0.38,0.26]"
59900,2.6079,0.0369,0.0022,0.000025,"[0.25,0.55,1.81]","[0.44,0.39,0.26]"
59910,2.4654,0.0369,0.0018,0.000025,"[0.25,0.55,1.83]","[0.45,0.39,0.26]"
59920,2.4583,0.0357,0.0022,0.000025,"[0.23,0.57,1.82]","[0.43,0.38,0.26]"
59930,2.5611,0.0373,0.0017,0.000025,"[0.24,0.57,1.83]","[0.43,0.39,0.26]"
59940,2.4828,0.0385,0.0020,0.000025,"[0.24,0.55,1.83]","[0.45,0.39,0.26]"
59950,2.6496,0.0411,0.0017,0.000025,"[0.23,0.58,1.87]","[0.43,0.38,0.26]"
59960,2.5514,0.0407,0.0018,0.000025,"[0.23,0.57,1.90]","[0.43,0.38,0.26]"
59970,2.6975,0.0408,0.0017,0.000025,"[0.25,0.55,1.92]","[0.45,0.39,0.26]"
59980,2.5573,0.0382,0.0018,0.000025,"[0.23,0.57,1.93]","[0.44,0.39,0.26]"
59990,2.6049,0.0371,0.0016,0.000025,"[0.23,0.57,1.93]","[0.43,0.38,0.26]"
60000,2.7274,0.0358,0.0016,0.000025,"[0.24,0.57,1.92]","[0.44,0.39,0.25]"
60010,2.6843,0.0344,0.0022,0.000025,"[0.23,0.57,1.90]","[0.42,0.38,0.26]"
60020,2.5142,0.0340,0.0019,0.000025,"[0.23,0.58,1.90]","[0.43,0.39,0.26]"
60030,2.6136,0.0350,0.0020,0.000025,"[0.23,0.57,1.89]","[0.44,0.38,0.26]"
60040,2.4880,0.0418,0.0032,0.000025,"[0.23,0.56,1.88]","[0.43,0.40,0.26]"
60050,2.5017,0.0505,0.0030,0.000025,"[0.25,0.55,1.92]","[0.45,0.39,0.25]"
60060,2.7386,0.0567,0.0023,0.000025,"[0.22,0.58,1.96]","[0.43,0.38,0.26]"
60070,2.7062,0.0571,0.0024,0.000025,"[0.24,0.57,2.00]","[0.44,0.39,0.26]"
60080,2.7754,0.0551,0.0025,0.000025,"[0.23,0.58,2.02]","[0.43,0.40,0.26]"
60090,2.4764,0.0491,0.0024,0.000025,"[0.25,0.56,2.08]","[0.45,0.41,0.26]"
60100,2.6951,0.0481,0.0022,0.000025,"[0.23,0.58,2.07]","[0.44,0.39,0.26]"
60110,2.4806,0.0462,0.0021,0.000025,"[0.25,0.54,2.03]","[0.44,0.39,0.26]"
60120,2.4786,0.0492,0.0023,0.000025,"[0.24,0.56,2.02]","[0.43,0.39,0.26]"
60130,2.6528,0.0544,0.0021,0.000025,"[0.24,0.55,2.03]","[0.45,0.39,0.26]"
60140,2.9026,0.0568,0.0019,0.000025,"[0.24,0.57,2.04]","[0.45,0.39,0.26]"
60150,2.4228,0.0511,0.0025,0.000025,"[0.24,0.54,2.05]","[0.44,0.39,0.27]"
60160,2.8168,0.0515,0.0024,0.000025,"[0.22,0.58,2.04]","[0.43,0.40,0.27]"
60170,2.5185,0.0479,0.0014,0.000025,"[0.24,0.56,2.06]","[0.43,0.39,0.26]"
60180,2.9973,0.0460,0.0019,0.000025,"[0.22,0.57,2.07]","[0.43,0.39,0.26]"
60190,2.4782,0.0437,0.0021,0.000025,"[0.24,0.55,2.08]","[0.44,0.39,0.26]"
60200,2.3778,0.0430,0.0017,0.000025,"[0.23,0.54,2.07]","[0.44,0.40,0.26]"
60210,2.5828,0.0422,0.0020,0.000025,"[0.24,0.57,2.08]","[0.43,0.40,0.26]"
60220,2.4650,0.0411,0.0020,0.000025,"[0.24,0.57,2.10]","[0.44,0.40,0.26]"
60230,2.6727,0.0422,0.0028,0.000025,"[0.22,0.57,2.10]","[0.44,0.38,0.26]"
60240,2.5931,0.0393,0.0034,0.000025,"[0.24,0.55,2.11]","[0.43,0.40,0.27]"
60250,2.6363,0.0418,0.0020,0.000025,"[0.24,0.56,2.16]","[0.44,0.40,0.26]"
60260,2.8259,0.0403,0.0028,0.000025,"[0.24,0.57,2.16]","[0.43,0.38,0.26]"
60270,2.4416,0.0389,0.0022,0.000025,"[0.25,0.53,2.14]","[0.44,0.38,0.26]"
60280,2.5662,0.0394,0.0021,0.000025,"[0.24,0.56,2.16]","[0.44,0.40,0.26]"
60290,2.5240,0.0388,0.0020,0.000025,"[0.23,0.56,2.15]","[0.42,0.37,0.26]"
60300,2.5409,0.0368,0.0020,0.000025,"[0.24,0.55,2.16]","[0.45,0.39,0.26]"
60310,2.6378,0.0357,0.0021,0.000025,"[0.24,0.56,2.14]","[0.44,0.39,0.26]"
60320,2.5823,0.0358,0.0020,0.000025,"[0.25,0.56,2.14]","[0.44,0.38,0.26]"
60330,2.5055,0.0347,0.0021,0.000025,"[0.24,0.56,2.13]","[0.44,0.39,0.26]"
60340,2.5031,0.0332,0.0021,0.000025,"[0.23,0.56,2.13]","[0.44,0.38,0.26]"
60350,2.4451,0.0329,0.0018,0.000025,"[0.22,0.57,2.12]","[0.42,0.38,0.26]"
60360,2.9590,0.0325,0.0021,0.000025,"[0.24,0.58,2.13]","[0.42,0.38,0.26]"
60370,2.4746,0.0321,0.0018,0.000025,"[0.23,0.56,2.14]","[0.43,0.38,0.26]"
60380,2.6383,0.0317,0.0019,0.000025,"[0.24,0.57,2.13]","[0.44,0.40,0.26]"
60390,2.5643,0.0321,0.0021,0.000025,"[0.24,0.56,2.14]","[0.45,0.38,0.26]"
60400,2.6420,0.0328,0.0019,0.000025,"[0.23,0.57,2.16]","[0.43,0.37,0.26]"
60410,2.6187,0.0325,0.0019,0.000025,"[0.23,0.57,2.15]","[0.44,0.38,0.26]"
60420,2.5598,0.0318,0.0020,0.000025,"[0.24,0.56,2.15]","[0.42,0.39,0.26]"
60430,2.7047,0.0316,0.0018,0.000025,"[0.24,0.57,2.15]","[0.43,0.38,0.26]"
60440,2.6885,0.0304,0.0022,0.000025,"[0.23,0.59,2.15]","[0.44,0.39,0.26]"
60450,2.5648,0.0306,0.0019,0.000025,"[0.24,0.55,2.13]","[0.44,0.39,0.26]"
60460,2.7346,0.0300,0.0019,0.000025,"[0.24,0.57,2.15]","[0.43,0.39,0.26]"
60470,2.7581,0.0299,0.0017,0.000025,"[0.23,0.58,2.16]","[0.43,0.39,0.26]"
60480,2.5526,0.0295,0.0021,0.000025,"[0.24,0.57,2.14]","[0.43,0.39,0.26]"
60490,2.5893,0.0287,0.0019,0.000025,"[0.24,0.55,2.17]","[0.44,0.39,0.26]"
60500,2.5354,0.0285,0.0019,0.000025,"[0.23,0.56,2.17]","[0.44,0.39,0.26]"
60510,2.5409,0.0281,0.0021,0.000025,"[0.23,0.57,2.16]","[0.43,0.39,0.26]"
60520,2.7805,0.0283,0.0018,0.000025,"[0.24,0.56,2.16]","[0.44,0.39,0.26]"
60530,2.5512,0.0279,0.0021,0.000025,"[0.23,0.57,2.17]","[0.42,0.39,0.26]"
60540,2.5776,0.0275,0.0018,0.000025,"[0.25,0.55,2.15]","[0.44,0.41,0.26]"
60550,2.6176,0.0267,0.0021,0.000025,"[0.23,0.54,2.18]","[0.42,0.39,0.26]"
60560,2.9505,0.0273,0.0020,0.000025,"[0.23,0.58,2.17]","[0.42,0.39,0.26]"
60570,2.6847,0.0267,0.0020,0.000025,"[0.23,0.57,2.16]","[0.43,0.39,0.26]"
60580,2.6639,0.0284,0.0019,0.000025,"[0.23,0.57,2.14]","[0.43,0.39,0.26]"
60590,2.5870,0.0275,0.0023,0.000025,"[0.25,0.53,2.12]","[0.45,0.39,0.27]"
60600,3.0136,0.0272,0.0018,0.000025,"[0.23,0.59,2.13]","[0.43,0.40,0.26]"
60610,2.7195,0.0265,0.0021,0.000025,"[0.23,0.58,2.14]","[0.43,0.40,0.26]"
60620,2.6696,0.0262,0.0018,0.000025,"[0.24,0.55,2.13]","[0.43,0.40,0.26]"
60630,2.6634,0.0263,0.0018,0.000025,"[0.23,0.54,2.14]","[0.43,0.39,0.26]"
60640,2.5685,0.0253,0.0021,0.000025,"[0.23,0.56,2.13]","[0.43,0.38,0.26]"
60650,2.7559,0.0280,0.0020,0.000025,"[0.22,0.58,2.14]","[0.43,0.39,0.26]"
60660,2.6684,0.0253,0.0018,0.000025,"[0.23,0.57,2.12]","[0.44,0.40,0.26]"
60670,2.4558,0.0274,0.0021,0.000025,"[0.23,0.55,2.10]","[0.45,0.38,0.26]"
60680,2.3835,0.0257,0.0022,0.000025,"[0.25,0.55,2.12]","[0.45,0.40,0.26]"
60690,2.5410,0.0256,0.0019,0.000025,"[0.25,0.54,2.12]","[0.46,0.40,0.26]"
60700,2.6288,0.0263,0.0018,0.000025,"[0.24,0.57,2.13]","[0.43,0.40,0.26]"
60710,2.6005,0.0282,0.0018,0.000025,"[0.23,0.57,2.14]","[0.43,0.39,0.26]"
60720,2.3851,0.0287,0.0017,0.000025,"[0.24,0.56,2.13]","[0.45,0.40,0.26]"
60730,2.5909,0.0323,0.0019,0.000025,"[0.26,0.54,2.14]","[0.44,0.39,0.26]"
60740,2.5009,0.0353,0.0020,0.000025,"[0.24,0.54,2.12]","[0.44,0.38,0.26]"
60750,2.5343,0.0382,0.0019,0.000025,"[0.23,0.57,2.14]","[0.42,0.39,0.26]"
60760,2.5931,0.0380,0.0020,0.000025,"[0.22,0.54,2.10]","[0.43,0.38,0.26]"
60770,2.6147,0.0380,0.0016,0.000025,"[0.23,0.56,2.09]","[0.43,0.39,0.25]"
60780,2.5464,0.0377,0.0020,0.000025,"[0.24,0.57,2.07]","[0.43,0.39,0.26]"
60790,2.7122,0.0387,0.0020,0.000025,"[0.22,0.59,2.05]","[0.44,0.38,0.26]"
60800,2.3607,0.0383,0.0018,0.000025,"[0.24,0.54,2.03]","[0.44,0.38,0.26]"
60810,2.4092,0.0369,0.0022,0.000025,"[0.25,0.54,2.01]","[0.43,0.38,0.27]"
60820,2.4651,0.0375,0.0018,0.000025,"[0.23,0.56,2.04]","[0.44,0.39,0.26]"
60830,2.6735,0.0365,0.0020,0.000025,"[0.23,0.58,2.03]","[0.42,0.40,0.26]"
60840,2.6010,0.0346,0.0021,0.000025,"[0.23,0.57,2.03]","[0.43,0.40,0.26]"
60850,2.4985,0.0340,0.0021,0.000025,"[0.25,0.56,2.03]","[0.45,0.40,0.26]"
60860,2.9108,0.0330,0.0020,0.000025,"[0.23,0.57,2.03]","[0.44,0.39,0.26]"
60870,2.6349,0.0322,0.0019,0.000025,"[0.24,0.57,2.03]","[0.44,0.38,0.26]"
60880,2.7130,0.0323,0.0021,0.000025,"[0.23,0.57,2.02]","[0.44,0.39,0.26]"
60890,2.6131,0.0329,0.0017,0.000025,"[0.24,0.56,2.01]","[0.44,0.40,0.26]"
60900,2.5008,0.0313,0.0019,0.000025,"[0.23,0.56,2.01]","[0.43,0.37,0.26]"
60910,2.5934,0.0311,0.0021,0.000025,"[0.22,0.57,2.01]","[0.43,0.37,0.26]"
60920,2.4496,0.0317,0.0021,0.000025,"[0.24,0.57,2.02]","[0.43,0.41,0.26]"
60930,2.5192,0.0311,0.0022,0.000025,"[0.25,0.55,2.03]","[0.44,0.39,0.26]"
60940,2.4714,0.0310,0.0019,0.000025,"[0.23,0.55,2.02]","[0.44,0.38,0.26]"
60950,2.7828,0.0307,0.0017,0.000025,"[0.23,0.58,2.05]","[0.43,0.39,0.26]"
60960,2.4842,0.0302,0.0021,0.000025,"[0.24,0.56,2.04]","[0.44,0.39,0.26]"
60970,2.5224,0.0289,0.0019,0.000025,"[0.23,0.56,2.03]","[0.43,0.39,0.26]"
60980,2.6869,0.0307,0.0018,0.000025,"[0.24,0.56,2.03]","[0.43,0.40,0.26]"
60990,2.8243,0.0299,0.0020,0.000025,"[0.24,0.57,2.04]","[0.43,0.39,0.26]"
61000,2.4419,0.0295,0.0020,0.000025,"[0.23,0.56,2.04]","[0.43,0.39,0.26]"
61010,2.5817,0.0286,0.0018,0.000025,"[0.23,0.57,2.05]","[0.44,0.39,0.26]"
61020,2.6041,0.0277,0.0022,0.000025,"[0.23,0.57,2.05]","[0.43,0.39,0.26]"
61030,2.4353,0.0288,0.0022,0.000025,"[0.25,0.55,2.04]","[0.45,0.40,0.26]"
61040,2.4532,0.0284,0.0020,0.000025,"[0.24,0.55,2.03]","[0.44,0.40,0.26]"
61050,2.5043,0.0278,0.0019,0.000025,"[0.24,0.57,2.01]","[0.44,0.40,0.26]"
61060,2.5074,0.0311,0.0020,0.000025,"[0.24,0.55,1.99]","[0.44,0.39,0.26]"
61070,2.6729,0.0323,0.0019,0.000025,"[0.23,0.57,1.96]","[0.44,0.38,0.26]"
61080,2.6115,0.0341,0.0023,0.000025,"[0.24,0.57,1.90]","[0.43,0.38,0.26]"
61090,2.4431,0.0359,0.0021,0.000025,"[0.24,0.56,1.87]","[0.45,0.39,0.26]"
61100,2.6897,0.0369,0.0020,0.000025,"[0.23,0.58,1.87]","[0.43,0.39,0.26]"
61110,2.7949,0.0393,0.0019,0.000025,"[0.21,0.58,1.88]","[0.42,0.39,0.26]"
61120,2.3408,0.0379,0.0021,0.000025,"[0.24,0.53,1.84]","[0.42,0.40,0.27]"
61130,2.4899,0.0373,0.0018,0.000025,"[0.25,0.55,1.83]","[0.44,0.39,0.26]"
61140,2.6586,0.0357,0.0018,0.000025,"[0.24,0.57,1.83]","[0.44,0.40,0.26]"
61150,2.5513,0.0340,0.0017,0.000025,"[0.23,0.57,1.82]","[0.44,0.39,0.26]"
61160,2.7114,0.0329,0.0020,0.000025,"[0.24,0.56,1.82]","[0.45,0.39,0.26]"
61170,2.5942,0.0329,0.0018,0.000025,"[0.24,0.56,1.82]","[0.45,0.40,0.26]"
61180,2.4485,0.0324,0.0018,0.000025,"[0.25,0.55,1.83]","[0.44,0.39,0.26]"
61190,2.5862,0.0322,0.0017,0.000025,"[0.23,0.57,1.82]","[0.43,0.41,0.26]"
61200,2.5527,0.0333,0.0020,0.000025,"[0.22,0.55,1.86]","[0.43,0.40,0.26]"
61210,2.5650,0.0357,0.0018,0.000025,"[0.23,0.56,1.85]","[0.43,0.38,0.26]"
61220,2.6353,0.0392,0.0020,0.000025,"[0.24,0.56,1.85]","[0.44,0.38,0.27]"
61230,2.5560,0.0385,0.0019,0.000025,"[0.24,0.54,1.84]","[0.45,0.39,0.26]"
61240,2.6126,0.0386,0.0019,0.000025,"[0.23,0.57,1.83]","[0.43,0.37,0.26]"
61250,2.5809,0.0372,0.0019,0.000025,"[0.24,0.56,1.82]","[0.44,0.41,0.26]"
61260,2.5456,0.0367,0.0020,0.000025,"[0.24,0.57,1.84]","[0.44,0.40,0.26]"
61270,2.6634,0.0359,0.0023,0.000025,"[0.23,0.55,1.83]","[0.44,0.40,0.27]"
61280,2.5793,0.0342,0.0022,0.000025,"[0.23,0.55,1.82]","[0.44,0.40,0.27]"
61290,2.6222,0.0338,0.0019,0.000025,"[0.23,0.57,1.83]","[0.42,0.41,0.26]"
61300,2.4948,0.0328,0.0021,0.000025,"[0.24,0.56,1.85]","[0.44,0.39,0.26]"
61310,2.5453,0.0323,0.0021,0.000025,"[0.24,0.55,1.84]","[0.45,0.39,0.27]"
61320,2.5638,0.0319,0.0019,0.000025,"[0.23,0.56,1.83]","[0.44,0.41,0.26]"
61330,2.5674,0.0306,0.0021,0.000025,"[0.24,0.53,1.83]","[0.43,0.39,0.26]"
61340,2.6093,0.0303,0.0020,0.000025,"[0.23,0.57,1.83]","[0.45,0.40,0.26]"
61350,2.5670,0.0299,0.0018,0.000025,"[0.24,0.56,1.83]","[0.44,0.40,0.26]"
61360,2.6053,0.0297,0.0019,0.000025,"[0.23,0.56,1.83]","[0.42,0.39,0.26]"
61370,2.4468,0.0290,0.0018,0.000025,"[0.22,0.55,1.84]","[0.42,0.39,0.26]"
61380,2.5720,0.0286,0.0019,0.000025,"[0.24,0.56,1.83]","[0.45,0.40,0.26]"
61390,2.5268,0.0277,0.0017,0.000025,"[0.24,0.57,1.86]","[0.44,0.41,0.26]"
61400,2.7497,0.0270,0.0019,0.000025,"[0.24,0.55,1.84]","[0.45,0.40,0.26]"
61410,2.6482,0.0272,0.0020,0.000025,"[0.23,0.58,1.85]","[0.44,0.39,0.26]"
61420,2.6354,0.0268,0.0019,0.000025,"[0.23,0.56,1.84]","[0.43,0.40,0.26]"
61430,2.7056,0.0271,0.0017,0.000025,"[0.24,0.56,1.84]","[0.44,0.39,0.26]"
61440,2.4979,0.0263,0.0019,0.000025,"[0.23,0.56,1.84]","[0.43,0.39,0.26]"
61450,2.6381,0.0258,0.0019,0.000025,"[0.23,0.57,1.84]","[0.43,0.40,0.26]"
61460,2.4143,0.0256,0.0019,0.000025,"[0.26,0.55,1.84]","[0.45,0.40,0.26]"
61470,2.3002,0.0254,0.0018,0.000025,"[0.25,0.54,1.85]","[0.44,0.40,0.26]"
61480,2.4479,0.0256,0.0016,0.000025,"[0.24,0.55,1.86]","[0.44,0.39,0.26]"
61490,2.6212,0.0250,0.0017,0.000025,"[0.24,0.56,1.86]","[0.44,0.40,0.26]"
61500,2.5063,0.0243,0.0020,0.000025,"[0.24,0.56,1.86]","[0.45,0.40,0.26]"
61510,2.6642,0.0249,0.0016,0.000025,"[0.23,0.57,1.87]","[0.43,0.38,0.26]"
61520,2.7127,0.0245,0.0019,0.000025,"[0.24,0.57,1.86]","[0.44,0.40,0.26]"
61530,2.6342,0.0245,0.0017,0.000025,"[0.23,0.57,1.89]","[0.42,0.41,0.26]"
61540,2.6731,0.0242,0.0018,0.000025,"[0.24,0.56,1.87]","[0.44,0.40,0.26]"
61550,2.9735,0.0245,0.0017,0.000025,"[0.23,0.56,1.88]","[0.44,0.39,0.26]"
61560,2.4718,0.0241,0.0018,0.000025,"[0.24,0.56,1.87]","[0.43,0.40,0.26]"
61570,2.5282,0.0234,0.0020,0.000025,"[0.24,0.57,1.88]","[0.43,0.39,0.26]"
61580,2.4262,0.0243,0.0019,0.000025,"[0.24,0.55,1.88]","[0.45,0.39,0.26]"
61590,2.3842,0.0242,0.0018,0.000025,"[0.24,0.56,1.88]","[0.44,0.39,0.26]"
61600,2.4717,0.0236,0.0019,0.000025,"[0.24,0.56,1.89]","[0.44,0.40,0.26]"
61610,2.5713,0.0234,0.0018,0.000025,"[0.24,0.55,1.89]","[0.45,0.41,0.26]"
61620,2.5443,0.0249,0.0017,0.000025,"[0.23,0.57,1.88]","[0.44,0.38,0.26]"
61630,2.4709,0.0234,0.0019,0.000025,"[0.25,0.54,1.89]","[0.45,0.40,0.26]"
61640,2.5030,0.0240,0.0018,0.000025,"[0.24,0.55,1.88]","[0.44,0.40,0.26]"
61650,2.6687,0.0238,0.0018,0.000025,"[0.25,0.54,1.89]","[0.44,0.40,0.26]"
61660,2.4395,0.0236,0.0017,0.000025,"[0.24,0.57,1.89]","[0.45,0.40,0.26]"
61670,2.6881,0.0234,0.0019,0.000025,"[0.23,0.58,1.88]","[0.43,0.39,0.26]"
61680,2.5403,0.0230,0.0019,0.000025,"[0.22,0.55,1.90]","[0.43,0.39,0.26]"
61690,2.6925,0.0230,0.0018,0.000025,"[0.23,0.57,1.89]","[0.44,0.39,0.26]"
61700,2.4539,0.0231,0.0019,0.000025,"[0.24,0.54,1.89]","[0.43,0.40,0.26]"
61710,2.5776,0.0239,0.0019,0.000025,"[0.23,0.59,1.90]","[0.43,0.40,0.26]"
61720,2.4489,0.0232,0.0019,0.000025,"[0.25,0.54,1.90]","[0.45,0.41,0.26]"
61730,2.4837,0.0236,0.0019,0.000025,"[0.24,0.57,1.90]","[0.43,0.40,0.26]"
61740,2.4961,0.0224,0.0020,0.000025,"[0.23,0.56,1.90]","[0.42,0.39,0.26]"
61750,2.5845,0.0228,0.0018,0.000025,"[0.23,0.58,1.90]","[0.44,0.39,0.26]"
61760,2.6702,0.0229,0.0019,0.000025,"[0.23,0.58,1.91]","[0.43,0.40,0.26]"
61770,2.4977,0.0227,0.0017,0.000025,"[0.24,0.56,1.90]","[0.43,0.40,0.26]"
61780,2.7470,0.0217,0.0019,0.000025,"[0.23,0.56,1.90]","[0.42,0.39,0.26]"
61790,2.7313,0.0221,0.0016,0.000025,"[0.23,0.56,1.91]","[0.44,0.39,0.26]"
61800,2.7851,0.0220,0.0019,0.000025,"[0.23,0.56,1.90]","[0.44,0.38,0.26]"
61810,2.5295,0.0228,0.0019,0.000025,"[0.24,0.56,1.91]","[0.45,0.40,0.26]"
61820,2.5672,0.0216,0.0018,0.000025,"[0.24,0.55,1.92]","[0.44,0.39,0.26]"
61830,2.7202,0.0229,0.0018,0.000025,"[0.24,0.57,1.92]","[0.43,0.39,0.26]"
61840,2.5905,0.0220,0.0018,0.000025,"[0.23,0.56,1.91]","[0.44,0.39,0.26]"
61850,2.6945,0.0224,0.0018,0.000025,"[0.23,0.57,1.92]","[0.44,0.39,0.26]"
61860,2.6157,0.0223,0.0018,0.000025,"[0.24,0.56,1.91]","[0.43,0.40,0.26]"
61870,2.4948,0.0229,0.0019,0.000025,"[0.25,0.55,1.90]","[0.45,0.40,0.26]"
61880,2.8081,0.0243,0.0020,0.000025,"[0.23,0.57,1.91]","[0.43,0.39,0.26]"
61890,2.3756,0.0266,0.0021,0.000025,"[0.23,0.55,1.94]","[0.44,0.39,0.26]"
61900,2.6845,0.0282,0.0022,0.000025,"[0.24,0.54,1.94]","[0.44,0.38,0.26]"
61910,2.5301,0.0288,0.0021,0.000025,"[0.23,0.57,1.97]","[0.45,0.39,0.26]"
61920,2.4725,0.0291,0.0021,0.000025,"[0.23,0.57,1.98]","[0.43,0.40,0.26]"
61930,2.3705,0.0281,0.0023,0.000025,"[0.24,0.55,1.97]","[0.44,0.39,0.26]"
61940,2.5972,0.0278,0.0018,0.000025,"[0.25,0.54,1.98]","[0.44,0.40,0.25]"
61950,2.4696,0.0267,0.0024,0.000025,"[0.23,0.55,1.99]","[0.43,0.39,0.26]"
61960,2.6190,0.0266,0.0022,0.000025,"[0.24,0.56,1.98]","[0.44,0.39,0.26]"
61970,2.7087,0.0260,0.0021,0.000025,"[0.23,0.57,2.00]","[0.43,0.39,0.26]"
61980,2.6878,0.0249,0.0022,0.000025,"[0.22,0.57,2.00]","[0.42,0.38,0.26]"
61990,2.5309,0.0253,0.0020,0.000025,"[0.24,0.55,2.00]","[0.44,0.40,0.26]"
62000,2.4920,0.0250,0.0021,0.000025,"[0.23,0.56,2.01]","[0.44,0.40,0.26]"
62010,2.4193,0.0245,0.0022,0.000025,"[0.25,0.54,2.01]","[0.42,0.39,0.26]"
62020,2.6129,0.0244,0.0020,0.000025,"[0.23,0.57,2.04]","[0.44,0.40,0.26]"
62030,2.7583,0.0237,0.0021,0.000025,"[0.22,0.57,2.03]","[0.43,0.38,0.26]"
62040,2.6026,0.0240,0.0020,0.000025,"[0.23,0.58,2.04]","[0.43,0.39,0.26]"
62050,2.6651,0.0236,0.0020,0.000025,"[0.25,0.54,2.03]","[0.46,0.39,0.26]"
62060,2.5251,0.0234,0.0020,0.000025,"[0.24,0.56,2.05]","[0.45,0.40,0.26]"
62070,2.4605,0.0238,0.0020,0.000025,"[0.24,0.57,2.04]","[0.44,0.38,0.26]"
62080,2.6413,0.0245,0.0021,0.000025,"[0.23,0.58,2.04]","[0.44,0.39,0.26]"
62090,2.5251,0.0248,0.0017,0.000025,"[0.25,0.55,2.05]","[0.45,0.39,0.26]"
62100,2.7935,0.0250,0.0019,0.000025,"[0.23,0.57,2.06]","[0.44,0.39,0.26]"
62110,2.5530,0.0265,0.0018,0.000025,"[0.24,0.57,2.07]","[0.44,0.39,0.26]"
62120,2.8101,0.0264,0.0020,0.000025,"[0.22,0.57,2.06]","[0.43,0.38,0.26]"
62130,2.9741,0.0250,0.0020,0.000025,"[0.23,0.57,2.08]","[0.44,0.38,0.26]"
62140,2.5611,0.0250,0.0018,0.000025,"[0.24,0.55,2.09]","[0.43,0.40,0.26]"
62150,2.5819,0.0238,0.0020,0.000025,"[0.23,0.56,2.09]","[0.43,0.39,0.26]"
62160,2.6233,0.0237,0.0018,0.000025,"[0.23,0.57,2.10]","[0.43,0.39,0.26]"
62170,2.3471,0.0240,0.0021,0.000025,"[0.25,0.54,2.11]","[0.45,0.40,0.26]"
62180,2.6806,0.0239,0.0018,0.000025,"[0.22,0.57,2.09]","[0.43,0.37,0.26]"
62190,2.6488,0.0229,0.0020,0.000025,"[0.25,0.56,2.09]","[0.43,0.40,0.26]"
62200,2.5687,0.0221,0.0020,0.000025,"[0.25,0.56,2.08]","[0.44,0.40,0.26]"
62210,2.4775,0.0222,0.0019,0.000025,"[0.24,0.55,2.08]","[0.44,0.39,0.26]"
62220,2.4758,0.0215,0.0019,0.000025,"[0.23,0.57,2.09]","[0.43,0.38,0.26]"
62230,2.6385,0.0211,0.0019,0.000025,"[0.24,0.56,2.09]","[0.43,0.39,0.26]"
62240,2.5076,0.0218,0.0020,0.000025,"[0.24,0.56,2.09]","[0.44,0.40,0.26]"
62250,2.5715,0.0230,0.0018,0.000025,"[0.23,0.56,2.09]","[0.43,0.39,0.26]"
62260,2.7106,0.0219,0.0018,0.000025,"[0.23,0.56,2.09]","[0.43,0.38,0.26]"
62270,2.4117,0.0219,0.0021,0.000025,"[0.26,0.54,2.07]","[0.44,0.39,0.26]"
62280,2.4398,0.0218,0.0019,0.000025,"[0.25,0.54,2.08]","[0.43,0.39,0.26]"
62290,2.7348,0.0208,0.0019,0.000025,"[0.23,0.59,2.08]","[0.44,0.39,0.26]"
62300,2.6609,0.0208,0.0019,0.000025,"[0.24,0.55,2.09]","[0.44,0.40,0.26]"
62310,2.4489,0.0214,0.0018,0.000025,"[0.25,0.55,2.08]","[0.44,0.40,0.26]"
62320,2.5917,0.0203,0.0019,0.000025,"[0.24,0.57,2.09]","[0.44,0.39,0.26]"
62330,2.7053,0.0204,0.0020,0.000025,"[0.23,0.58,2.09]","[0.43,0.39,0.26]"
62340,2.8391,0.0206,0.0019,0.000025,"[0.23,0.58,2.10]","[0.43,0.39,0.26]"
62350,2.2496,0.0211,0.0018,0.000025,"[0.24,0.55,2.08]","[0.45,0.40,0.26]"
62360,2.6722,0.0209,0.0018,0.000025,"[0.23,0.58,2.09]","[0.43,0.40,0.26]"
62370,2.5867,0.0206,0.0019,0.000025,"[0.24,0.57,2.09]","[0.45,0.39,0.26]"
62380,2.6438,0.0205,0.0017,0.000025,"[0.23,0.57,2.07]","[0.43,0.39,0.26]"
62390,2.7715,0.0201,0.0018,0.000025,"[0.23,0.57,2.09]","[0.44,0.39,0.26]"
62400,2.8549,0.0197,0.0019,0.000025,"[0.23,0.57,2.08]","[0.44,0.40,0.26]"
62410,2.4550,0.0205,0.0019,0.000025,"[0.23,0.58,2.07]","[0.43,0.39,0.26]"
62420,2.6172,0.0199,0.0019,0.000025,"[0.24,0.56,2.08]","[0.44,0.40,0.26]"
62430,2.5978,0.0199,0.0019,0.000025,"[0.23,0.57,2.08]","[0.43,0.39,0.26]"
62440,2.5921,0.0201,0.0018,0.000025,"[0.25,0.56,2.07]","[0.44,0.38,0.26]"
62450,2.5030,0.0213,0.0018,0.000025,"[0.22,0.55,2.08]","[0.43,0.39,0.26]"
62460,2.5511,0.0212,0.0018,0.000025,"[0.24,0.56,2.09]","[0.43,0.41,0.26]"
62470,2.4770,0.0218,0.0019,0.000025,"[0.24,0.55,2.09]","[0.44,0.41,0.26]"
62480,2.5906,0.0212,0.0020,0.000025,"[0.23,0.58,2.09]","[0.43,0.40,0.26]"
62490,2.4579,0.0215,0.0020,0.000025,"[0.24,0.56,2.09]","[0.43,0.39,0.26]"
62500,2.4907,0.0223,0.0019,0.000025,"[0.24,0.56,2.08]","[0.43,0.40,0.26]"
62510,2.5468,0.0217,0.0021,0.000025,"[0.25,0.55,2.09]","[0.44,0.40,0.26]"
62520,2.5563,0.0231,0.0018,0.000025,"[0.23,0.56,2.07]","[0.44,0.40,0.26]"
62530,2.4747,0.0233,0.0019,0.000025,"[0.24,0.56,2.08]","[0.43,0.40,0.26]"
62540,2.4011,0.0233,0.0019,0.000025,"[0.23,0.55,2.07]","[0.43,0.39,0.26]"
62550,2.7372,0.0262,0.0017,0.000025,"[0.23,0.56,2.08]","[0.44,0.39,0.26]"
62560,2.4048,0.0233,0.0016,0.000025,"[0.24,0.55,2.07]","[0.43,0.40,0.26]"
62570,2.7716,0.0224,0.0022,0.000025,"[0.25,0.56,2.08]","[0.44,0.40,0.26]"
62580,2.6108,0.0227,0.0018,0.000025,"[0.24,0.57,2.08]","[0.43,0.40,0.26]"
62590,2.5030,0.0233,0.0019,0.000025,"[0.23,0.57,2.08]","[0.43,0.40,0.26]"
62600,2.6224,0.0225,0.0020,0.000025,"[0.23,0.56,2.07]","[0.42,0.39,0.26]"
62610,2.5758,0.0229,0.0018,0.000025,"[0.23,0.56,2.08]","[0.44,0.39,0.26]"
62620,2.4514,0.0230,0.0018,0.000025,"[0.25,0.54,2.09]","[0.45,0.39,0.26]"
62630,2.7307,0.0223,0.0020,0.000025,"[0.23,0.57,2.09]","[0.43,0.39,0.26]"
62640,2.4388,0.0225,0.0019,0.000025,"[0.25,0.55,2.09]","[0.43,0.39,0.26]"
62650,2.4412,0.0226,0.0018,0.000025,"[0.25,0.56,2.10]","[0.45,0.39,0.26]"
62660,2.6470,0.0215,0.0019,0.000025,"[0.24,0.57,2.11]","[0.44,0.40,0.26]"
62670,2.7059,0.0213,0.0017,0.000025,"[0.24,0.56,2.09]","[0.42,0.38,0.26]"
62680,2.5992,0.0210,0.0018,0.000025,"[0.23,0.55,2.10]","[0.43,0.39,0.26]"
62690,2.6641,0.0217,0.0019,0.000025,"[0.23,0.55,2.09]","[0.43,0.41,0.26]"
62700,2.5887,0.0209,0.0018,0.000025,"[0.24,0.57,2.11]","[0.43,0.41,0.26]"
62710,2.5018,0.0210,0.0018,0.000025,"[0.24,0.56,2.11]","[0.45,0.40,0.26]"
62720,2.6129,0.0203,0.0020,0.000025,"[0.25,0.55,2.10]","[0.45,0.39,0.26]"
62730,2.5951,0.0200,0.0020,0.000025,"[0.24,0.55,2.11]","[0.44,0.40,0.26]"
62740,2.6783,0.0199,0.0018,0.000025,"[0.23,0.57,2.11]","[0.44,0.39,0.26]"
62750,2.4852,0.0201,0.0019,0.000025,"[0.23,0.56,2.11]","[0.44,0.39,0.26]"
62760,2.5273,0.0190,0.0020,0.000025,"[0.25,0.56,2.10]","[0.44,0.40,0.26]"
62770,2.6678,0.0195,0.0020,0.000025,"[0.24,0.57,2.12]","[0.44,0.40,0.26]"
62780,2.7484,0.0194,0.0018,0.000025,"[0.23,0.58,2.09]","[0.43,0.39,0.26]"
62790,2.8574,0.0191,0.0020,0.000025,"[0.23,0.58,2.11]","[0.44,0.39,0.26]"
62800,2.6911,0.0196,0.0018,0.000025,"[0.23,0.57,2.12]","[0.44,0.40,0.26]"
62810,2.6536,0.0198,0.0018,0.000025,"[0.24,0.55,2.11]","[0.44,0.39,0.26]"
62820,2.4388,0.0191,0.0020,0.000025,"[0.23,0.55,2.10]","[0.43,0.38,0.26]"
62830,2.3703,0.0195,0.0018,0.000025,"[0.24,0.56,2.10]","[0.44,0.39,0.26]"
62840,2.4345,0.0193,0.0020,0.000025,"[0.25,0.54,2.11]","[0.44,0.39,0.26]"
62850,2.7898,0.0190,0.0019,0.000025,"[0.23,0.57,2.13]","[0.44,0.40,0.26]"
62860,2.5623,0.0194,0.0020,0.000025,"[0.23,0.56,2.11]","[0.43,0.40,0.26]"
62870,2.6425,0.0189,0.0018,0.000025,"[0.23,0.57,2.11]","[0.43,0.39,0.26]"
62880,2.5941,0.0194,0.0019,0.000025,"[0.24,0.55,2.12]","[0.44,0.40,0.26]"
62890,2.6723,0.0192,0.0018,0.000025,"[0.23,0.58,2.11]","[0.43,0.39,0.26]"
62900,2.5308,0.0194,0.0018,0.000025,"[0.24,0.56,2.12]","[0.45,0.40,0.26]"
62910,2.6985,0.0188,0.0020,0.000025,"[0.22,0.56,2.10]","[0.42,0.38,0.26]"
62920,2.5640,0.0185,0.0020,0.000025,"[0.25,0.55,2.14]","[0.45,0.41,0.26]"
62930,2.4899,0.0195,0.0018,0.000025,"[0.24,0.57,2.13]","[0.43,0.40,0.26]"
62940,2.5009,0.0188,0.0020,0.000025,"[0.24,0.56,2.12]","[0.42,0.40,0.26]"
62950,2.6651,0.0198,0.0018,0.000025,"[0.24,0.56,2.09]","[0.43,0.38,0.26]"
62960,2.5422,0.0189,0.0020,0.000025,"[0.24,0.56,2.11]","[0.44,0.38,0.26]"
62970,2.6586,0.0198,0.0018,0.000025,"[0.24,0.55,2.11]","[0.44,0.39,0.26]"
62980,2.5696,0.0196,0.0018,0.000025,"[0.23,0.56,2.09]","[0.43,0.39,0.26]"
62990,2.7167,0.0192,0.0020,0.000025,"[0.23,0.55,2.12]","[0.42,0.38,0.26]"
63000,2.6119,0.0193,0.0019,0.000025,"[0.24,0.57,2.12]","[0.44,0.40,0.26]"
63010,2.7458,0.0192,0.0019,0.000025,"[0.23,0.56,2.13]","[0.43,0.39,0.26]"
63020,2.7422,0.0196,0.0019,0.000025,"[0.23,0.57,2.15]","[0.43,0.39,0.26]"
63030,2.6522,0.0197,0.0019,0.000025,"[0.23,0.55,2.15]","[0.44,0.38,0.26]"
63040,2.6030,0.0197,0.0018,0.000025,"[0.24,0.54,2.14]","[0.43,0.38,0.26]"
63050,2.6101,0.0194,0.0020,0.000025,"[0.25,0.55,2.16]","[0.45,0.40,0.26]"
63060,2.3518,0.0191,0.0020,0.000025,"[0.26,0.55,2.16]","[0.45,0.40,0.26]"
63070,2.5364,0.0189,0.0018,0.000025,"[0.23,0.55,2.16]","[0.43,0.39,0.26]"
63080,2.5954,0.0189,0.0017,0.000025,"[0.24,0.55,2.14]","[0.43,0.39,0.26]"
63090,2.6478,0.0188,0.0019,0.000025,"[0.24,0.55,2.15]","[0.44,0.40,0.26]"
63100,2.3521,0.0184,0.0021,0.000025,"[0.23,0.54,2.14]","[0.44,0.38,0.26]"
63110,2.7401,0.0190,0.0019,0.000025,"[0.23,0.56,2.15]","[0.44,0.39,0.26]"
63120,2.4244,0.0189,0.0018,0.000025,"[0.22,0.57,2.15]","[0.43,0.39,0.26]"
63130,2.4706,0.0187,0.0019,0.000025,"[0.24,0.57,2.15]","[0.43,0.38,0.26]"
63140,2.5556,0.0183,0.0019,0.000025,"[0.24,0.56,2.17]","[0.44,0.40,0.26]"
63150,2.4896,0.0182,0.0019,0.000025,"[0.24,0.55,2.17]","[0.44,0.40,0.26]"
63160,2.5115,0.0183,0.0019,0.000025,"[0.24,0.56,2.16]","[0.45,0.39,0.26]"
63170,2.5579,0.0180,0.0020,0.000025,"[0.23,0.55,2.15]","[0.43,0.38,0.26]"
63180,2.6497,0.0182,0.0019,0.000025,"[0.23,0.56,2.16]","[0.43,0.40,0.26]"
63190,2.6339,0.0173,0.0020,0.000025,"[0.24,0.57,2.18]","[0.43,0.39,0.26]"
63200,2.8690,0.0185,0.0019,0.000025,"[0.22,0.59,2.16]","[0.44,0.40,0.26]"
63210,2.4617,0.0181,0.0021,0.000025,"[0.21,0.55,2.15]","[0.42,0.40,0.26]"
63220,2.7906,0.0179,0.0018,0.000025,"[0.23,0.55,2.17]","[0.43,0.39,0.26]"
63230,2.5663,0.0184,0.0019,0.000025,"[0.23,0.57,2.17]","[0.44,0.39,0.26]"
63240,2.5432,0.0182,0.0020,0.000025,"[0.24,0.54,2.18]","[0.44,0.39,0.26]"
63250,2.5039,0.0183,0.0020,0.000025,"[0.23,0.56,2.18]","[0.44,0.39,0.26]"
63260,2.5974,0.0181,0.0020,0.000025,"[0.25,0.54,2.20]","[0.45,0.41,0.26]"
63270,2.4825,0.0181,0.0021,0.000025,"[0.25,0.56,2.20]","[0.44,0.41,0.26]"
63280,2.5944,0.0174,0.0021,0.000025,"[0.24,0.55,2.17]","[0.43,0.40,0.26]"
63290,2.6125,0.0183,0.0020,0.000025,"[0.23,0.56,2.18]","[0.42,0.39,0.26]"
63300,2.7864,0.0176,0.0022,0.000025,"[0.23,0.57,2.20]","[0.43,0.41,0.26]"
63310,2.4422,0.0180,0.0020,0.000025,"[0.24,0.56,2.20]","[0.45,0.41,0.26]"
63320,2.8067,0.0181,0.0021,0.000025,"[0.24,0.56,2.19]","[0.44,0.40,0.26]"
63330,2.6573,0.0179,0.0021,0.000025,"[0.24,0.56,2.19]","[0.42,0.39,0.26]"
63340,2.4311,0.0184,0.0021,0.000025,"[0.24,0.55,2.18]","[0.43,0.39,0.26]"
63350,2.6827,0.0189,0.0019,0.000025,"[0.24,0.57,2.21]","[0.44,0.41,0.26]"
63360,2.5890,0.0181,0.0020,0.000025,"[0.23,0.57,2.18]","[0.44,0.40,0.26]"
63370,2.4813,0.0178,0.0021,0.000025,"[0.24,0.55,2.19]","[0.44,0.40,0.26]"
63380,2.6436,0.0177,0.0020,0.000025,"[0.23,0.57,2.19]","[0.44,0.38,0.26]"
63390,2.5458,0.0176,0.0020,0.000025,"[0.24,0.56,2.20]","[0.44,0.39,0.26]"
63400,2.3730,0.0173,0.0021,0.000025,"[0.24,0.56,2.19]","[0.44,0.40,0.26]"
63410,2.4694,0.0178,0.0020,0.000025,"[0.24,0.55,2.21]","[0.44,0.39,0.26]"
63420,2.6819,0.0172,0.0021,0.000025,"[0.23,0.57,2.19]","[0.43,0.40,0.26]"
63430,2.6039,0.0172,0.0021,0.000025,"[0.23,0.57,2.17]","[0.43,0.40,0.26]"
63440,2.4381,0.0173,0.0021,0.000025,"[0.24,0.57,2.20]","[0.43,0.40,0.26]"
63450,2.6294,0.0171,0.0020,0.000025,"[0.24,0.58,2.19]","[0.44,0.39,0.26]"
63460,2.5877,0.0168,0.0021,0.000025,"[0.24,0.56,2.18]","[0.44,0.39,0.26]"
63470,2.6388,0.0170,0.0021,0.000025,"[0.24,0.55,2.21]","[0.44,0.40,0.26]"
63480,2.5852,0.0166,0.0021,0.000025,"[0.23,0.56,2.20]","[0.44,0.39,0.26]"
63490,2.5108,0.0174,0.0020,0.000025,"[0.24,0.56,2.18]","[0.43,0.38,0.26]"
63500,2.6383,0.0169,0.0020,0.000025,"[0.25,0.56,2.25]","[0.46,0.40,0.26]"
63510,2.6311,0.0162,0.0021,0.000025,"[0.24,0.55,2.21]","[0.44,0.38,0.26]"
63520,2.7906,0.0164,0.0020,0.000025,"[0.23,0.57,2.18]","[0.43,0.39,0.26]"
63530,2.6767,0.0167,0.0021,0.000025,"[0.24,0.56,2.21]","[0.43,0.40,0.26]"
63540,2.2782,0.0164,0.0020,0.000025,"[0.26,0.54,2.22]","[0.45,0.39,0.26]"
63550,2.7047,0.0162,0.0021,0.000025,"[0.23,0.58,2.20]","[0.44,0.39,0.26]"
63560,2.6465,0.0159,0.0022,0.000025,"[0.24,0.57,2.21]","[0.44,0.39,0.26]"
63570,2.5691,0.0161,0.0021,0.000025,"[0.25,0.54,2.23]","[0.44,0.39,0.26]"
63580,2.7522,0.0163,0.0021,0.000025,"[0.24,0.55,2.21]","[0.45,0.39,0.26]"
63590,2.3718,0.0160,0.0021,0.000025,"[0.26,0.52,2.23]","[0.44,0.39,0.26]"
63600,2.7645,0.0160,0.0021,0.000025,"[0.23,0.57,2.21]","[0.43,0.39,0.26]"
63610,2.4458,0.0163,0.0022,0.000025,"[0.24,0.56,2.23]","[0.45,0.40,0.26]"
63620,2.5747,0.0164,0.0021,0.000025,"[0.23,0.56,2.21]","[0.44,0.39,0.26]"
63630,2.7213,0.0165,0.0022,0.000025,"[0.23,0.57,2.21]","[0.43,0.39,0.26]"
63640,2.7127,0.0178,0.0019,0.000025,"[0.23,0.57,2.21]","[0.43,0.38,0.26]"
63650,2.6953,0.0168,0.0021,0.000025,"[0.23,0.58,2.21]","[0.43,0.39,0.26]"
63660,2.8740,0.0172,0.0019,0.000025,"[0.24,0.56,2.22]","[0.44,0.39,0.26]"
63670,2.6831,0.0168,0.0020,0.000025,"[0.22,0.57,2.19]","[0.43,0.39,0.26]"
63680,2.5425,0.0164,0.0020,0.000025,"[0.24,0.57,2.22]","[0.44,0.40,0.26]"
63690,2.8024,0.0164,0.0020,0.000025,"[0.23,0.57,2.21]","[0.43,0.39,0.26]"
63700,2.4723,0.0162,0.0021,0.000025,"[0.23,0.56,2.23]","[0.44,0.40,0.26]"
63710,2.6532,0.0161,0.0021,0.000025,"[0.23,0.57,2.23]","[0.45,0.40,0.26]"
63720,2.6856,0.0158,0.0022,0.000025,"[0.24,0.56,2.24]","[0.44,0.39,0.26]"
63730,2.7524,0.0160,0.0021,0.000025,"[0.24,0.56,2.21]","[0.43,0.39,0.26]"
63740,2.3825,0.0165,0.0021,0.000025,"[0.23,0.55,2.22]","[0.44,0.39,0.26]"
63750,2.5922,0.0162,0.0020,0.000025,"[0.24,0.56,2.23]","[0.43,0.39,0.26]"
63760,2.7031,0.0161,0.0019,0.000025,"[0.25,0.54,2.21]","[0.44,0.40,0.26]"
63770,2.4917,0.0163,0.0020,0.000025,"[0.23,0.57,2.22]","[0.44,0.39,0.26]"
63780,2.6367,0.0153,0.0021,0.000025,"[0.23,0.57,2.22]","[0.44,0.40,0.26]"
63790,2.6052,0.0156,0.0020,0.000025,"[0.23,0.56,2.21]","[0.43,0.41,0.26]"
63800,2.5857,0.0152,0.0021,0.000025,"[0.25,0.54,2.23]","[0.43,0.40,0.26]"
63810,2.5396,0.0156,0.0020,0.000025,"[0.25,0.55,2.21]","[0.45,0.39,0.26]"
63820,2.5312,0.0156,0.0020,0.000025,"[0.25,0.55,2.23]","[0.46,0.40,0.26]"
63830,2.2333,0.0153,0.0021,0.000025,"[0.25,0.54,2.21]","[0.45,0.39,0.26]"
63840,2.4606,0.0155,0.0021,0.000025,"[0.24,0.56,2.21]","[0.45,0.39,0.26]"
63850,2.6408,0.0154,0.0021,0.000025,"[0.22,0.56,2.22]","[0.43,0.39,0.26]"
63860,2.2983,0.0155,0.0020,0.000025,"[0.25,0.54,2.22]","[0.43,0.40,0.26]"
63870,2.8232,0.0153,0.0020,0.000025,"[0.24,0.58,2.19]","[0.43,0.40,0.26]"
63880,2.9251,0.0152,0.0021,0.000025,"[0.23,0.58,2.23]","[0.44,0.39,0.26]"
63890,2.7330,0.0154,0.0020,0.000025,"[0.23,0.57,2.21]","[0.44,0.38,0.26]"
63900,2.6956,0.0154,0.0019,0.000025,"[0.24,0.56,2.20]","[0.43,0.40,0.26]"
63910,2.5719,0.0148,0.0021,0.000025,"[0.23,0.57,2.19]","[0.43,0.39,0.26]"
63920,2.5688,0.0149,0.0021,0.000025,"[0.24,0.57,2.20]","[0.43,0.39,0.26]"
63930,2.9401,0.0147,0.0022,0.000025,"[0.23,0.57,2.19]","[0.42,0.40,0.26]"
63940,2.8011,0.0147,0.0020,0.000025,"[0.22,0.56,2.18]","[0.42,0.38,0.26]"
63950,2.3277,0.0145,0.0021,0.000025,"[0.25,0.55,2.19]","[0.44,0.39,0.26]"
63960,2.6307,0.0145,0.0022,0.000025,"[0.23,0.55,2.19]","[0.43,0.38,0.26]"
63970,2.7417,0.0148,0.0021,0.000025,"[0.23,0.56,2.18]","[0.44,0.39,0.26]"
63980,2.7092,0.0150,0.0021,0.000025,"[0.24,0.55,2.18]","[0.46,0.39,0.26]"
63990,2.7004,0.0151,0.0020,0.000025,"[0.24,0.56,2.18]","[0.43,0.39,0.26]"
64000,2.5083,0.0152,0.0020,0.000025,"[0.25,0.54,2.17]","[0.44,0.41,0.26]"
